:020000040800F2
:10000000802A00209DE000080DDA00080FDA0008C1
:1000100011DA000813DA000815DA00080000000001
:1000200000000000000000000000000017DA0008D7
:1000300019DA0008000000001BDA00081DDA0008C9
:1000400065E3000869E300086DE3000871E3000858
:1000500075E3000879E300087DE3000881E3000808
:1000600085E3000889E300088DE3000891E30008B8
:1000700095E300082DDA000899E3000837DA000854
:100080009DE30008A1E30008A5E30008A9E3000838
:10009000ADE30008B1E30008B5E30008B9E30008E8
:1000A000BDE30008C1E30008C5E30008C9E3000898
:1000B000CDE300080000000000000000D1E30008CC
:1000C000D5E30008D9E30008DDE30008E1E3000818
:1000D000E5E3000841DA0008E9E300084BDA00082C
:1000E000EDE3000855DA0008000000000000000001
:1000F0000000000000000000000000000000000000
:1001000000000000F1E3000800000000F5E3000833
:100110000000000000000000F9E30008FDE3000813
:1001200001E4000805E4000809E400080DE4000803
:1001300011E40008000000000000000000000000C2
:1001400015E4000819E400081DE4000821E4000893
:1001500025E400085FDA000869DA000829E40008ED
:100160002DE4000831E4000835E400080000000038
:1001700039E400083DE4000841E400080000000004
:1001800045E4000849E400084DE4000801000120AE
:10019000704730B587B004001421002202AD28005A
:1001A00001F0F6F8DFF8B40BD0E90023CDE9002325
:1001B00002A80090DFF8A85B2978684600F092F961
:1001C00028786870BDF80410009800F0A8FDDFF8EA
:1001D000940B8078042809D12878022803DA28783B
:1001E000401C287001E00020287001E000202870E9
:1001F000DFF8CC5C0221280001F0FDF80321280083
:1002000001F008F92100C9B2280001F003F901202A
:1002100007B030BD10B50400DFF8081C888800283E
:1002200010D0DFF8040C02888B889A4208D1002194
:1002300001800321DFF8880C01F0DDF8012008E0DF
:10024000898801802100C9B2DFF8740C01F0E2F85E
:10025000012010BD2DE9F041040000250026DFF843
:10026000C47BB88803283DDB3868B988084410F897
:10027000010C3968BA88114411F8021C51EA0021B6
:100280000E00B988891E386801F0DFF805002800E3
:10029000310080B289B288421DD10821DFF8200CDC
:1002A00001F0B8F83868007801280DD1DFF8B08A7D
:1002B000012198F8010000F02EF998F80120D7E903
:1002C000000100F018F913E00021DFF8940A4078EB
:1002D00000F021F90CE00021DFF8840A407800F0FA
:1002E0001AF905E00021DFF8780A407800F013F9E8
:1002F000DFF86C0A407800F08DF80221DFF8C00BBF
:1003000001F09AF80120BDE8F0810100DFF86C0CE3
:100310000278032A01D0042202700120704710B530
:1003200004002100C9B2DFF8980B01F073F8012036
:1003300010BD10B504002100C9B2DFF8840B01F034
:1003400069F8012010BD38B50400DFF8785B287823
:1003500000280DD101220121DFF86C0B01F0D9FB3F
:100360000520DFF85C1B88672878401C28700BE0AC
:1003700000220121DFF8500B01F0CBFB6420DFF8F5
:10038000401B8867002028702100C9B2DFF8300BBD
:1003900001F040F8012032BD38B50400DFF82C1B15
:1003A000087800281AD101200870DFF8245B0122A8
:1003B0001021280001F0ADFB00220821280001F0E7
:1003C000A8FB00220421DFF80C0B01F0A2FB4FF484
:1003D000FA60DFF8EC1AC1F8880013E0002008701A
:1003E00001220821DFF8E80A01F093FB0122042131
:1003F000DFF8E00A01F08DFB4EF66020DFF8C01A4E
:10040000C1F888002100C9B2DFF8B40A01F002F88F
:10041000012032BD38B52DED028B04009FEDB28A6C
:100420002000C0B2002842D1DFF8485C95ED010AF7
:10043000DFEDAE0A20EE200ABDEEC00A10EE100A73
:1004400000F0E0F985ED010A95ED010A00F048FAA7
:1004500085ED030A95ED020A00F0A2FA85ED040A83
:1004600095ED040AD5ED060A30EE200A85ED040A62
:1004700095ED030AD5ED050A30EE200AB0EE408A6C
:100480009FEDB80AB4EE408AF1EE10FA02DBB2EE4C
:100490000C0A09E0B5EE408AF1EE10FA02D59FEDA4
:1004A000920A01E0B0EE480A85ED030AFFE7DFF8A3
:1004B000C45B2878002807D10020686095ED010A08
:1004C00000F00EFA85ED030A2878002807D10020F5
:1004D000A86095ED020A00F063FA85ED020ABDEC12
:1004E000028B31BD38B504000D002900C9B22000CF
:1004F00000F01BF831BD70B504000D00160020009F
:100500000078C0B2012805D13200D2B22000290003
:1005100000F088F870BD38B504000D002900C9B29C
:100520002000C0B200F0E4F831BD3EB504000D007B
:100530002800C0B2002809D0022819D00FD30428FF
:1005400033D01ED3062858D043D36AE0042000904D
:10055000012303220121200000F095FF61E001202A
:100560000090662303220121200000F08CFF58E058
:1005700004200090362303220121200000F083FF95
:100580004FE0DFF8DC0B818802290DD10168019171
:100590008088022190FBF1F080B200903623062281
:1005A0000121200000F0BDFF3BE0DFF8B40B8188A3
:1005B00002290DD1016801918088022190FBF1F0A0
:1005C00080B20090382306220121200000F0A9FF0C
:1005D00027E0DFF88C0B818802290DD10168019199
:1005E0008088022190FBF1F080B200903E23062229
:1005F0000121200000F095FF13E0DFF8640B8188F3
:1006000002290DD1016801918088022190FBF1F04F
:1006100080B200903F2306220121200000F081FFDC
:10062000FFE737BD2DE9F84304000D001600002058
:10063000ADF8000000273000C0B2002807D0401EEF
:1006400021D0401E2CD0401E032847D949E003206A
:10065000ADF8000004226946200000F02DFB804622
:10066000DFF8009B19F10401404601F08FFB0422E2
:100670006946200000F020FB070019F1080138004E
:1006800001F084FB2DE00320ADF800000222694652
:10069000200000F011FB0700DFF8C80A476220E0E5
:1006A0000320ADF8000004226946200000F004FB9E
:1006B0008046DFF8B09A404600B200F0D3FAA9F8BD
:1006C0001C0004226946200000F0F6FA07003800FA
:1006D00000B200F0DCFAA9F8200002E000F061F9B5
:1006E000FFE7BDE8F1830000000000000000C84201
:1006F0000200D2B2002A062A1BD80A00D2B2012A6E
:100700000ED1DFF87029002353700123137002000B
:10071000D2B2002A0CD10122DFF8B03BDA7007E038
:10072000DFF850295378032B02DA53785B1C53709F
:10073000FFE7DFF840395A78002A12D05A78032AA6
:100740000FDB00221A7000225A6000229A600022F9
:100750009A8300221A8400225A620022DFF86C3B3E
:10076000DA707047010060412DE9F0410024250056
:10077000EDB20A2D43DA00252E00F6B2092E3CDA3E
:100780002E00F6B201EB860676682F00FFB251F814
:100790002770BE422FDA00262F00FFB251F82770D3
:1007A000AC465FFA8CFC01EB8C0CDCF804C0AE4666
:1007B0005FFA8EFE41F82EC0AC465FFA8CFC01EB6E
:1007C0008C0CCCF80470AC465FFA8CFC50F82CC052
:1007D000AE465FFA8EFE00EB8E0EDEF804E0A84611
:1007E0005FFA88F840F828E0AE465FFA8EFE00EB2C
:1007F0008E0ECEF804C06D1CBEE7641CB7E7BDE8E2
:10080000F081000038B52DED028B04009FED918A38
:10081000DFF8281A087800282AD101200870002162
:100820000800C0B20A2815DA0800C0B2DFF8102AA2
:100830000B00DBB242F82300DFF8082A0800C0B240
:1008400052F82000002803D10800C0B242F820402E
:10085000491CE5E7DFF8EC59092300222900DFF8FD
:10086000E009FFF781FF95ED050AB8EEC00A30E018
:1008700000200100C9B20A291EDADFF8C4190200FB
:10088000D2B251F82220092A0BD100220300DBB298
:1008900041F82320DFF8AC190200D2B241F822401F
:1008A00008E00200D2B251F82220521C0300DBB251
:1008B00041F82320401CDCE7DFF888590923002297
:1008C0002900DFF87C09FFF74FFF95ED050AB8EE28
:1008D000C00ADFEDC60A80EE200ABDEC028B31BDF6
:1008E000F0EE400A9FED8D1A9FED8D3ADFED593AFB
:1008F000F5EE400AF1EE10FA40D0F0EE603A9FEDCE
:10090000890ADFF8D00990ED004A34EE634AB4EE6C
:10091000404AF1EE10FA08DA90ED004A33EEC44A8C
:10092000B4EE404AF1EE10FA03DB9FEDB10A21EE7E
:10093000001ADFF8A40990ED000AF0EE401ADFF883
:100940009C1991ED000A30EE010AB0EE402A32EE19
:10095000030A82EE000AF0EE402A33EEE10AB0EE1E
:10096000614A00EE224A80ED004AB7EE000A30EEFE
:10097000620A20EE020A81ED000A08E0DFF85C0955
:100980005FF07E510160DFF8500900210160DFF85F
:100990004809DFF8401902680A6090ED000A7047C4
:1009A000704780B50320DFF8D41508700421DFF804
:1009B000100500F041FD01BD80B5DFF82409007885
:1009C000DFF89C1308700220DFF8B01508700421CE
:1009D000DFF8EC0400F01EFD01BD2DE9F04104003C
:1009E0000D0016002F00DFF87887404601F000FB6D
:1009F000300080B2022802D004280BD01DE07878A5
:100A0000D8F8001008703878D8F800104870A8F8A6
:100A1000046015E07878D8F8001008703878D8F8B5
:100A200000104870F878D8F800108870B878D8F8B6
:100A30000010C870A8F8046002E00020A8F80400C4
:100A4000DFF89C0804700120DFF898180870BDE8F2
:100A5000F08100000000000070B4020002230800D2
:100A600040B2012828D1002004001D00E4B2EDB2FC
:100A7000AC421CD2DFF8704815000600F6B234F91B
:100A800016602DB2B54210D10500EDB21E00F6B2CF
:100A9000761EB54203D1C0B234F910003BE0C0B2BB
:100AA00004EB4000B0F9020035E0401CDCE7DFF861
:100AB0003808B0F900002EE008005FF0FF3440B2C3
:100AC000A04224D1002420001D00C0B2EDB2A842F3
:100AD00018D2DFF8140815002600F6B230F91660B7
:100AE0002DB2B5420CD12500EDB2002D02D1B0F9E6
:100AF000000010E0E4B200EB440030F9020C0AE020
:100B0000641CE0E7DFF8E007B0F9000003E0DFF87D
:100B1000D807B0F9000070BC7047000095BFD6330D
:100B200017B7D138CDCC4C3E70B402000523080075
:100B300040B2012828D1002004001D00E4B2EDB22B
:100B4000AC421CD2DFF8A44715000600F6B234F917
:100B500016602DB2B54210D10500EDB21E00F6B2FE
:100B6000761EB54203D1C0B234F910003BE0C0B2EA
:100B700004EB4000B0F9020035E0401CDCE7DFF890
:100B80006C07B0F900002EE008005FF0FF3440B2BF
:100B9000A04224D1002420001D00C0B2EDB2A84222
:100BA00018D2DFF8480715002600F6B230F91660B3
:100BB0002DB2B5420CD12500EDB2002D02D1B0F915
:100BC000000010E0E4B200EB440030F9020C0AE04F
:100BD000641CE0E7DFF81407B0F9000003E0DFF879
:100BE0000C07B0F9000070BC704700000000C8425C
:100BF00000007A4430B401000222002003001400F7
:100C0000DBB2E4B2A3420ED20B00DFF8DC460500F3
:100C1000EDB234F915401BB2A34202D1C0B200B20A
:100C200002E0401CEAE7002030BC704730B401000D
:100C30000522002003001400DBB2E4B2A3420ED26E
:100C40000B00DFF8A8460500EDB234F915401BB2E1
:100C5000A34202D1C0B200B202E0401CEAE7002089
:100C600030BC704701000222080000B200280CD4FA
:100C700008001300DBB200B21BB2984205DADFF8BD
:100C8000680609B230F9110000E000207047010049
:100C90000522080000B200280CD408001300DBB2C3
:100CA00000B21BB2984205DADFF8400609B230F90B
:100CB000110000E000207047F0B4030000200C8811
:100CC0001500EDB2042D16D12500ADB21D44AE784D
:100CD0002500ADB21D44ED7855EA06252600B6B2D2
:100CE0009E5D2700BFB21F447F7857EA062757EA68
:100CF000054738000DE01500EDB2022D09D12500A1
:100D0000ADB25D5D2600B6B21E44767856EA052681
:100D100030000D8855FA82F50D80F0BC704770B533
:100D200004000D00684E01224FF48051300000F0A5
:100D3000F0FE0A2001F022FA01F034FA4FF47A733F
:100D40002A0092B22100DFF8A80501F0A2FA0022E1
:100D50004FF48051300000F0DCFE70BD00E300086D
:100D600066260020E42500202DE9F0412DED028BC0
:100D70008EB0F0EE408AB0EE608A322100226C46DE
:100D8000200000F005FB002700240025DFF8E482A6
:100D9000C8ED058A88ED068A98ED050A01F0CEF8BF
:100DA000060098ED060A01F0C9F880466846310051
:100DB000090E3A00D2B281547F1C3100090C3A006E
:100DC000D2B281547F1C3100090A3A00D2B2815458
:100DD0007F1C3900C9B246547F1C4146090E3A00B7
:100DE000D2B281547F1C4146090C3A00D2B28154E0
:100DF0007F1C4146090A3A00D2B281547F1C390057
:100E0000C9B200F801807F1C3A00D2B292B26946A2
:100E1000DFF8E00402F05AFA0EB0BDEC028BBDE838
:100E2000F0810000040A00206426002070B5002430
:100E30000025DFF8C0040078C0B2FF283AD0DFF800
:100E4000B8040178C9B20906DFF8B0040078C0B26E
:100E500051EA0041DFF8A8040078C0B251EA00214D
:100E6000DFF8A0040078C0B201430C00DFF898045A
:100E70000178C9B20906DFF894040078C0B251EADB
:100E80000041DFF88C040078C0B251EA0021DFF89D
:100E900084040078C0B201430D00DFF8C86216F187
:100EA0001401200000F072FF16F11801280000F074
:100EB0006DFF04E0AB48002141610021816170BDFC
:100EC00040050020722600200008004873260020FC
:100ED00000040048000C004870B500240025DFF82D
:100EE0003C040078C0B2FF283DD0DFF82C64DFF866
:100EF000300400783070DFF82C040178C9B209069C
:100F0000DFF824040078C0B251EA0041DFF81C0485
:100F10000078C0B251EA0021DFF814040078C0B2B2
:100F200001430C00DFF80C040178C9B20906DFF8B0
:100F300008040078C0B251EA0041DFF800040078EC
:100F4000C0B251EA0021DFF8F8030078C0B20143D3
:100F50000D0016F10801200000F018FF311D2800D7
:100F600000F014FF09E0DFF8B00300210170DFF8A2
:100F7000D4138160DFF8D013416070BD602500207C
:100F800078B591B004000D003C21002202AE300083
:100F900000F0FEF90020ADF804000321012002F06A
:100FA000F7FA0B2000900023DFF8A02301A902A884
:100FB00000F0D6FE4FF47A73BDF8042002A9DFF8E2
:100FC000900301F066F912B070BD78B591B00400DD
:100FD0000D003C21002202AE300000F0D9F90020C3
:100FE000ADF80400C34802F041F9CC4802F03EF9E4
:100FF000C94800210170D4498160D24941600D2067
:1010000000900023D34A01A902A800F0A9FE4FF4E2
:101010007A73BDF8042002A9CD4801F03AF912B064
:1010200070BD38B590B004000D0003A8CA49322243
:1010300002F0BEFCC948D0E90023CDE9012303A892
:1010400001900023C648027802A903A800F013FE0D
:1010500002200090002378A202A903A800F080FEDD
:101060004FF47A73BDF808200199B94801F011F9DD
:1010700011B030BD14250020F8B504000D00002685
:101080002068007830283ADB206800783A2836DA81
:10109000002700200100C9B2A28889B291420FD274
:1010A00021680200D2B2895C302905DB2168020088
:1010B000D2B2895C3A2900DB02E07F1C401CE9E7E0
:1010C0003900C9B2206800F003FF0600B6F5807F42
:1010D0000DD2A34841783000C0B202F059FA4FF463
:1010E0007A7302227AA19A4801F0D3F80EE04FF405
:1010F0007A7305229B49964801F0CBF806E04FF43D
:101100007A7305229749924801F0C3F8F1BD38B5CA
:1011100090B004000D0003A89349322202F048FC6D
:101120009248D0E90023CDE9012303A801900023D0
:101130008B48427802A903A800F09DFD0220009090
:1011400000233DA202A903A800F00AFE4FF47A731F
:10115000BDF8082001997E4801F09BF811B030BD20
:10116000D005002014250020F8B504000D0000264D
:1011700020680078302839DB206800783A2835DA92
:10118000002700200100C9B2A28889B291420FD283
:1011900021680200D2B2895C302905DB2168020097
:1011A000D2B2895C3A2900DB02E07F1C401CE9E7EF
:1011B0003900C9B2206800F08BFE06000C2E0DD25B
:1011C0003100C9B26648007802F0E2F94FF47A7350
:1011D00002223FA15E4801F05CF80EE04FF47A7302
:1011E000052260495A4801F054F806E04FF47A733A
:1011F00005225C49564801F04CF8F1BD80B5FFF777
:1012000015FEFFF769FE5A485A49C0F8A4135A4917
:10121000C0F8B4135949C0F8C4135949C0F8D413DD
:101220005849C0F8E4135849C0F8F41300F0D1FF4E
:1012300000F0C0FF01BD00000D0A00007426002070
:10124000C4240020EC24002070B5002000240025D8
:101250002800C0B2092836DA4C4E2800C0B200017E
:101260003044407801282CD1012004002800C0B26D
:1012700000013044406800280ED002F0EDFB290048
:10128000C9B2090131444968401A2900C9B20901AB
:1012900031448968884214D300202900C9B2090169
:1012A0003144487002F0D8FB2900C9B20901314429
:1012B00048602800C0B22900C9B209013144C96898
:1012C00088476D1CC4E72000C0B270BD38260020DE
:1012D0004F4B0000402600203C260020E80500205F
:1012E0007126002060250020D8050020DC050020A4
:1012F000901F0020000802080208020803080208E4
:10130000040802080508020806080208070802087F
:101310000808020809080208002600200010020838
:101320000210020803100208041002080510020847
:101330000610020807100208081002080910020827
:101340000A100208000048420000164410E100089C
:10135000801E0020CCDE000878CD000808E30008DD
:10136000540A0020F8E2000824DB000810E300081B
:10137000F4050020810F0008CB0F0008231000089F
:10138000791000080F1100086911000840050020BD
:1013900062F30F2262F31F42401810F0030308D0DB
:1013A000C91A1FD3DB0748BF00F8012D28BF20F85A
:1013B000022D130030B414461546103928BF20E919
:1013C0003C00FAD8490728BF20E90C0048BF40F884
:1013D000042D890028BF20F8022D48BF00F8012DF8
:1013E00030BC7047C91818BF00F8012DCB0728BFC3
:1013F00000F8012D7047020001200B00DBB21B0139
:101400001344587000200B00DBB21B0113445860DA
:101410000120704738B504000D0001202900C9B231
:1014200009012144487002F017FB2900C9B20901E3
:1014300021444860012032BD020000200B00DBB2D5
:101440001B01134458700120704730B403004FF65D
:10145000FF7000248C4213DA1A5D50400822002AE3
:101460000CD0C50706D580B2400880F4204090F02B
:10147000010001E080B24008521EF0E7641CE9E779
:1014800080B230BC70472DE9F84305000E0017000C
:101490009846089C5FF000092868494689B246547E
:1014A00019F101092868494689B2475419F101091F
:1014B000404680B2000A29684A4692B2885419F11F
:1014C00001092868494689B200F8018019F101092B
:1014D000200080B2000A29684A4692B2885419F165
:1014E00001092868494689B2445419F1010949465D
:1014F00089B22868FFF7A9FF010028684A4692B21E
:10150000815419F10109080080B2000A2A684B468B
:101510009BB2D05419F10109A5F804900120BDE84F
:10152000F2832DE9F84F06000F00904699460A9D78
:10153000DDF82CA0002400213068220092B28754EC
:10154000641C3068220092B200F80280641C484695
:1015500080B2000A326823009BB2D054641C306809
:10156000220092B200F80290641C4046C0B20628E5
:1015700002D0102807D01CE0280080B2012801D03A
:10158000002040E015E0280080B2000A3268230005
:101590009BB2D054641C3068220092B28554641C03
:1015A0002800C0B24000326823009BB2D054641CB3
:1015B000FFE75FF0000B584680B2290089B2B0EB1C
:1015C000410F0BDA584680B21AF800003168220049
:1015D00092B28854641C1BF1010BECE7210089B224
:1015E0003068FFF732FF01003068220092B2815468
:1015F000641C080080B2000A326823009BB2D054F9
:10160000641CB4800120BDE8F28F2DE9F84F05007D
:101610000E00170098460A9CDDF82C905FF0000B36
:10162000002029685A4692B28E541BF1010B29689A
:101630005A4692B28F541BF1010B2100C9B24900E6
:101640002A685B469BB2D1541BF1010B5FF0000A84
:10165000504680B2210089B2B0EB410F0CDA5046FF
:1016600080B219F8000029685A4692B288541BF1DA
:10167000010B1AF1010AEBE7594689B22868FFF716
:10168000E4FE010028685A4692B281541BF1010B16
:10169000080080B2000A2A685B469BB2D0541BF156
:1016A000010BA5F804B00120BDE8F28F2DE9F84F39
:1016B00005000E00170098460A9CDDF82C905FF09C
:1016C000000B5FF0000A2868594689B246541BF1A6
:1016D000010B2868594689B247541BF1010B40465B
:1016E00080B2000A29685A4692B288541BF1010B55
:1016F0002868594689B200F801801BF1010B3800B7
:10170000C0B2062802D010281DD02CE0200080B2E4
:10171000012801D000203EE000208246504680B2E1
:10172000210089B2B0EB410F0CDA504680B219F8B3
:10173000000029685A4692B288541BF1010B1AF135
:10174000010AEBE70FE0200080B2000A29685A4640
:1017500092B288541BF1010B2868594689B244544F
:101760001BF1010BFFE7594689B22868FFF76DFEB0
:10177000010028685A4692B281541BF1010B0800FF
:1017800080B2000A2A685B469BB2D0541BF1010B61
:10179000A5F804B00120BDE8F28F30B4002513E0B5
:1017A00050F8042BD30744BFA9F101039A18091F6D
:1017B000042942F8045BFAD213468C0744BF158013
:1017C0009B1CC90748BF1D7050F8041B0029E7D1B6
:1017D00030BC7047F8B4030000250868E8400028D2
:1017E00000F0D78001260F6816FA05F007403A008E
:1017F000002A00F0CC80087910F00300012804D002
:10180000087910F0030002281DD19F685FF0030CD7
:101810002800C0B240001CFA00FC37EA0C07D1F8DF
:101820000CC02800C0B240001CFA00FC5CEA0707AC
:101830009F605868AE40B0434E68C6F30016AE4095
:10184000304304005C60087910F0030003280ED0D8
:10185000DE6803272800C0B240008740BE438F687F
:101860002800C0B2400087403E433400DC60087965
:1018700010F00300022818D12800C00803EB8000F4
:10188000066A0F2715F00700C0B280008740BE43EC
:101890000F6915F00700C0B2800087403E43340056
:1018A0002800C00803EB800004621E68032728009C
:1018B000C0B240008740BE430F7917F003072800ED
:1018C000C0B2400087403E4334001C60486810F4BA
:1018D000403F5CD09548066856F0010606600068F7
:1018E00010F0010000900098914F2800800857F8F0
:1018F00020605FF00F0C15F00300C0B280001CFAEE
:1019000000FC36EA0C06B3F1904F01D1002414E03C
:101910008848834201D101240FE08748834201D1E6
:1019200002240AE08548834201D1032405E084486B
:10193000834201D1042400E0072415F00300C0B263
:101940008000844026432800800847F820607D4CB2
:10195000206890434F68FF0200D5104320607A4E04
:10196000346894434F68BF0200D514433460774E07
:10197000306890434F68BF0300D510433060744E09
:10198000346894434F68FF0300D5144334606D1CE2
:1019900023E7F1BC70472DE9F04103000025080062
:1019A000E840002800F0A880012616FA05F008405B
:1019B0000200002A00F09E80DFF874C12800800831
:1019C0005CF820000F2715F0030E5FFA8EFE5FEA29
:1019D0008E0E17FA0EFE1EEA00000400B3F1904FBF
:1019E00002D15FF0000E19E05248834202D15FF04D
:1019F000010E13E05048834202D15FF0020E0DE069
:101A00004E48834202D15FF0030E07E04C48834208
:101A100002D15FF0040E01E05FF0070E15F0030045
:101A2000C0B280001EFA00FE74452CD14848D0F8A0
:101A300000E03EEA020EC0F800E04448D0F800E0C2
:101A40003EEA020EC0F800E03F48D0F800E03EEA6F
:101A5000020EC0F800E03B48D0F800E03EEA020E7B
:101A6000C0F800E015F00300C0B2800017FA00F0E3
:101A70000400280080085CF82000A043AE465FEA1E
:101A80009E0E4CF82E005FF0030C1868AE465FFA0D
:101A90008EFE5FEA4E0E1CFA0EFE5EEA0000186033
:101AA0002800C00803EB800E2800C00803EB80006C
:101AB000D0F8208015F00700C0B28000874038EAD7
:101AC0000707CEF8207098682F00FFB27F001CFA3D
:101AD00007F7B84398605868AE4030EA06065E6083
:101AE000DE682800C0B240001CFA00FC36EA0C0C8C
:101AF000C3F80CC06D1C52E7BDE8F081020010690C
:101B00000B009BB2184201D0012000E00020C0B2BF
:101B100070471300DBB2002B03D00B009BB2836134
:101B200002E00B009BB2836270470000601002402D
:101B3000080001400004004800080048000C00486C
:101B400000100048080401400C0401400404014056
:101B50000004014001000800C0B2002801D10120AA
:101B600021E00800C0B2FF2801D10A201BE00800D4
:101B7000C0B2FE2801D1642015E00800C0B2FD28E3
:101B800002D14FF47A700EE00800C0B2FC2802D1F6
:101B900042F2107007E00800C0B2FB2802D1DFF863
:101BA000980300E0012070472DE9F24F82469346EA
:101BB000002000210A260027B046B946009A158861
:101BC000BBF1000F08D5DBF100042D202A0092B2F2
:101BD0000AF802006D1C00E05C462000002142462D
:101BE0004B4601F03FFF002901D1002808D0A6FB99
:101BF000080106FB091107FB081180468946ECE73E
:101C0000404649460A22002301F02CFF06000F003F
:101C1000002F01D1002E28D02000002132003B00EF
:101C200001F020FF3030290089B20AF801006D1C54
:101C3000A0465FF000092000002132003B0001F0C7
:101C400011FFA6FB002306FB013307FB0033B8EBB3
:101C5000020079EB03010400300039000A2200235E
:101C600001F000FF06000F00D2E700980580280071
:101C7000C0B2BDE8F28F2DE9FE4F06000F0090467E
:101C80000020ADF800000020002400215FF0000BD0
:101C9000B7F80090B8F1000F02D5D8F1000500E0C8
:101CA0004546424639003000FFF77EFFB7F800A0F6
:101CB000002D4FD09DF80800FFF74CFF01008D422A
:101CC00005D20A2045431BF1010B002DF7D15846E0
:101CD000C0B2002821D050460200D2B2324412F8DD
:101CE000012C2D2A06D00200D2B24B4692B29BB2F2
:101CF0009A4208D130220300DBB2F2541AF1010AF1
:101D0000BBF1010BE3E70200D2B2324412F8012C1E
:101D10000300DBB2F254401EDEE70A20B1FBF0F410
:101D200050468346002C15D00A20B4FBF0F45846E8
:101D3000C0B2304410F8010C5946C9B27054BBF11E
:101D4000010B002CEED12E205946C9B270541AF165
:101D5000010AE7E7A7F800A05046C0B2BDE8FE8F31
:101D6000F0B4049C00252E00B6B2A6420BD20E8819
:101D7000771C0F802F00BFB217FA83F7D75DB6B27A
:101D800087556D1CEFE7F0BC704700002DE9F34F5D
:101D900081B02DED028B9FED658A00240125002680
:101DA000F7EE008A00273800C0B2202864DA0398D2
:101DB000F84010F0010004003800C0B2172829DAFA
:101DC00018EE900A01F066FF82468B462000C0B2F2
:101DD00001F084FF804689463800C0B2D0F1170078
:101DE0005FF0FF31484301F087FF41EC110B9FED9D
:101DF000500B01F096FF51EC100B42464B4601F0A0
:101E000099FF52465B4602F067F802F023F908EEAC
:101E1000900A2FE03800C0B21F2824DA3000C0B288
:101E200001F05CFF82468B462000C0B201F056FFF5
:101E3000804689463800C0B2173801F05DFF41EC9A
:101E4000110B9FED3B0B01F06CFF51EC100B424668
:101E50004B4601F06FFF52465B4602F03DF802F040
:101E60002DF9060006E02000C0B2012802D15FF083
:101E7000FF3005007F1C96E7280040B201F03CFFD0
:101E8000804689463000C0B27F3801F035FF41EC12
:101E9000110B9FED270B01F044FF51EC100B424654
:101EA0004B4601F047FF8046894618EE900A01F044
:101EB000F1FE42464B4601F03DFF02F0CBF800EE4A
:101EC000100A049880ED000ABDEC028BBDE8F78F84
:101ED00070B4030000220024002000252A000E0018
:101EE000D2B2F6B2B2421FD22A00D2B29A5C302AE3
:101EF0000ADB2A00D2B29A5C3A2A05DA2A00D2B268
:101F00009A5C303A140001E0002214002A00D2B298
:101F1000002A03D12200D2B2100003E00A2250436B
:101F200050FA84F06D1CD9E770BC704700000000C7
:101F30000000000000000040A086010010B42DED5C
:101F4000010A00206A460023042B07D2D45C190042
:101F5000C9B2C9008C4020435B1CF5E712BC704736
:101F600038B504000D00DFF8FC010168200000F026
:101F700006F8A84201D3012000E0002032BD8142D2
:101F800004D25FF0FF32101A081800E0081A7047F8
:101F900038B52DED048B08EE100A0C001500DFEDAE
:101FA000438A2800C0B2FB2810DBB8EEC89A28008C
:101FB000C0B24042C0B200F08BF829EE009A002176
:101FC0002000B0EE490A00F0B1F80EE0B8EEC89A71
:101FD0002800C0B200F07CF889EE009A2900C9B24E
:101FE0002000B0EE490A00F0A1F8BDEC048B31BD31
:101FF00010B400210A00838892B29A4206D20022CD
:1020000003680C00A4B21A55491CF3E70022828031
:1020100010BC704710B4040013005A1E9BB2002B72
:1020200002D02170641CF7E710BC704770B5040043
:102030000D001600DFF8240100782100C9B28842A3
:1020400009D3DFF824211068002804D0310089B2B8
:1020500028001268904770BD38B504000D002800B4
:1020600002F04AF8020092B229002000C0B2FFF745
:10207000DDFF31BD70B504000D00280002F03CF812
:10208000020092B229002000C0B2FFF7CFFFDFF8B4
:10209000DC603068002807D0280002F02DF801002D
:1020A00089B228003268904770BD0000000000002F
:1020B00030B404000D0013005A1E9BB2002B04D054
:1020C0002B7823706D1C641CF5E730BC7047000052
:1020D00010B504002000C0B2FB2816DB2000C0B2FF
:1020E000D0F5807001F008FE41EC110B9FED200B44
:1020F00001F017FE53EC102B0020194902F018F8DC
:1021000001F0A8FF00EE100A0FE02000C0B201F0BD
:10211000E5FD41EC110B9FED160B01F002FE51ECB9
:10212000100B01F097FF00EE100A10BD38B52DED31
:10213000028B82B0B0EE408A04000D0018EE100A47
:1021400001F0A8FDCDE900012A000B49200002F0B2
:1021500013F902B0BDEC028B31BD0000580A00201B
:102160000000F03F4C26002054260020502600207E
:10217000000000000000244048E3000870B504009F
:1021800001F06AFC0500260016F1010F02D0044898
:102190000078361801F060FC401BB042FAD370BDE5
:1021A000570A002080B51848FFF722FF0220174980
:1021B000087001BD80B501221549164800F0CFF81E
:1021C00000220121272002F086F9272002F098F949
:1021D00001BD704738B504000B480D490A78036803
:1021E00085885A558288521C8280828840F2FF136B
:1021F0009A4201D3002282800122064800F0AFF803
:1022000001200249087031BD040A00207726002011
:1022100076260020901F002010B50400002C01D16C
:10222000012035E0A0690028FFD1E06F002805D12A
:10223000002084F87800200002F0E0F92420E06714
:10224000206800684008400021680860606A002833
:1022500002D0200000F0DEFB200000F05FFA012831
:1022600001D1012014E02068406830F490402168DA
:1022700048602068806830F02A0021688860206803
:10228000006850F0010021680860200000F02FFC79
:1022900010BD2DE9FC4706000D0017009846F06FB1
:1022A000202859D1002D03D0380080B2002801D158
:1022B000012052E00020C6F884002120F06701F0E0
:1022C000CBFB8146A6F85070A6F85270B068B0F506
:1022D000805F05D13069002802D10024AA4602E0BF
:1022E0002C005FF0000AB6F85200002822D0CDF88A
:1022F00000804B4600228021300000F061FC002865
:1023000003D02020F067032027E0002C08D1BAF882
:102310000000C005C00D316808851AF1020A03E00B
:10232000207831680885641CB6F85200401EA6F873
:102330005200D8E7CDF800804B4600224021300003
:1023400000F03EFC002803D02020F067032004E0CA
:102350002020F067002000E00220BDE8F68770B57D
:1023600005000C001600D5F88000202824D1002C90
:1023700003D0300080B2002801D101201DE00020F0
:1023800028662868DFF8901388420ED028684068D5
:1023900000020AD5286850E8000F50F08060010064
:1023A0002A6842E800100028F4D1320092B22100DD
:1023B000280000F054FC00E0022070BD2DE9F04739
:1023C00006003068C7693068D0F800803068D0F8FF
:1023D000089040F60F043C40002C0BD1B80609D5FC
:1023E0005FEA886006D5B06E002802D03000B16E7A
:1023F00088478FE1002C00F0AA805FEAC97005D4FD
:10240000DFF8080618EA000F00F0A18017F00100BD
:10241000C0B200280BD05FEAC85008D5012031684F
:102420000862D6F8840050F00100C6F88400B807AE
:102430000DD519F00100C0B2002808D00220316883
:102440000862D6F8840050F00400C6F884007807CB
:102450000DD519F00100C0B2002808D00420316861
:102460000862D6F8840050F00200C6F884003807ED
:1024700010D55FEA886004D419F00100C0B20028CA
:1024800008D0082031680862D6F8840050F00800AF
:10249000C6F8840038050CD55FEA481009D54FF41A
:1024A000006031680862D6F8840050F02000C6F859
:1024B0008400D6F88400002848D0B80608D55FEA22
:1024C000886005D5B06E002802D03000B16E884714
:1024D000D6F88400050030688068400602D415F004
:1024E000280F2DD0300000F09EFC30688068400638
:1024F00022D53068083050E8000F30F0400001006D
:10250000306810F1080242E800100028F1D1706F25
:1025100000280DD0DFF8F804716F8863706F02F047
:1025200033FB002812D0706F716F896B88470DE004
:10253000300002F025FC09E0300002F021FC05E04B
:10254000300002F01DFC0020C6F88400E2E0306E8E
:10255000012840F0BD80F80640F1BA805FEAC8600B
:1025600040F1B6801020316808623068806840060B
:102570006DD5706F0068D0F804A0504680B2002876
:1025800052D05046B6F8581080B288424CD2A6F8C5
:102590005AA0706F00680068800639D4306850E82F
:1025A000000F30F480700100326842E8001000280B
:1025B000F4D13068083050E8000F400840000100B6
:1025C000306810F1080242E800100028F1D13068AC
:1025D000083050E8000F30F040000100306810F182
:1025E000080242E800100028F1D12020C6F880003F
:1025F00000203066306850E8000F30F01000010015
:10260000326842E800100028F4D1706F02F092FAAC
:1026100002207066B6F85810B6F85A00091A89B246
:10262000300002F08EFB11E05046B6F8581080B230
:1026300088420BD1706F00680068800606D50220C2
:102640007066B6F85810300002F07BFB62E0B6F816
:102650005800B6F85AA0B0EB0A0AB6F85A0000289B
:1026600035D0504680B2002831D0306850E8000F95
:1026700030F490700100326842E800100028F4D174
:102680003068083050E8000F400840000100306812
:1026900010F1080242E800100028F1D12020C6F80D
:1026A0008000002030660020B066306850E8000FDF
:1026B00030F010000100326842E800100028F4D128
:1026C00002207066514689B2300002F03AFB21E0E8
:1026D000F8020AD55FEA492007D55FF48010316817
:1026E0000862300002F0DEFB14E0380609D55FEA2C
:1026F000086006D5F06E002802D03000F16E8847E1
:1027000008E0780606D55FEA486003D5300000F09F
:1027100054FCFFE7BDE8F087008000402DE9F0475A
:1027200004000026DFF8A81920688842FFD0A268BC
:102730002069024360690243E0690243206803683C
:10274000DFF8900903401343206803602068436862
:1027500033F44053E068034320684360D4F81880A2
:102760002068884202D0206A50EA08082068806801
:1027700030F4306058EA0000226890602068DFF88A
:10278000482A904216D1DFF8440A006810F003008E
:10279000002805D0022805D006D3032806D007E07C
:1027A000012760E002275EE004275CE008275AE08A
:1027B000102758E02068DFF8182A904217D1DFF878
:1027C0000C0A006810F00C00002806D0042808D07D
:1027D000082804D00C2806D007E0002743E0022791
:1027E00041E004273FE008273DE010273BE0206858
:1027F000DFF8E029904217D1DFF8D009006810F027
:102800003000002806D0102808D0202804D0302816
:1028100006D007E0002726E0022724E0042722E074
:10282000082720E010271EE0206888421AD1DFF830
:102830009C09006810F44060002809D0B0F5806F52
:102840000AD0B0F5006F05D0B0F5406F06D007E0B4
:10285000002708E0022706E0042704E0082702E03A
:10286000102700E010272068884246D13800C0B207
:10287000002806D0022808D0042809D008280BD048
:102880000DE002F07FFF81460DE0DFF84C990AE091
:1028900002F00BFF814606E04FF4004903E05FF0D1
:1028A000000901200600B9F1000F00F0A580616861
:1028B00003204143894505D361684FF4805041436B
:1028C000494502D20120060096E04FF4807260680C
:1028D00040080021E2FB09016268002301F0C2F810
:1028E0000500B5F5407F05D3B5F5801F02D22068FD
:1028F000C56081E0012006007EE0E069B0F5004F90
:1029000041D13800C0B2002808D001280AD00228DE
:102910000CD004280DD008280FD011E002F032FFAF
:10292000814611E002F03BFF81460DE0DFF8A898F8
:102930000AE002F0BAFE814606E04FF4004903E0E7
:102940005FF0000901200600B9F1000F54D0606863
:10295000400810EB49006168B0FBF1F00500102D54
:102960000ED3B5F5803F0BD24FF6F0712940C5F379
:10297000420001438A46504680B22168C8603BE06D
:102980000120060038E03800C0B2002808D0012835
:102990000AD002280CD004280DD008280FD011E04E
:1029A00002F0F0FE814611E002F0F9FE81460DE0F2
:1029B000DFF824980AE002F078FE814606E04FF442
:1029C000004903E05FF0000901200600B9F1000FA3
:1029D00012D0606819EB50006168B0FBF1F005009F
:1029E000102D07D3B5F5803F04D2280080B22168AE
:1029F000C86001E0012006000020A0660020E0661B
:102A00003000C0B2BDE8F0870000000020010004E3
:102A1000A12F000890F82410090707D501684A681B
:102A200032F40042416B0A4301684A6090F8241076
:102A3000C90707D501684A6832F40032816A0A433F
:102A400001684A6090F82410890707D501684A6830
:102A500032F48032C16A0A4301684A6090F8241057
:102A6000490707D501684A6832F48022016B0A439E
:102A700001684A6090F82410C90607D501688A6881
:102A800032F48052816B0A4301688A6090F8241006
:102A9000890607D501688A6832F40052C16B0A437F
:102AA00001688A6090F82410490613D501684A68C5
:102AB00032F48012016C0A4301684A60016CB1F57E
:102AC000801F07D101684A6832F4C002416C0A4392
:102AD00001684A6090F82410090607D501684A6821
:102AE00032F40022816C0A4301684A60704738B5AD
:102AF00004000020C4F8840000F0AEFF0500206848
:102B0000006800071DD57FF07E4000902B0000225A
:102B10005FF40011200000F053F8002811D0206865
:102B200050E8000F30F080000100226842E80010F9
:102B30000028F4D12020E067002084F878000320EA
:102B40003DE02068006840072CD57FF07E40009073
:102B50002B0000225FF48001200000F031F80028F3
:102B600020D0206850E8000F30F4907001002268F7
:102B700042E800100028F4D12068083050E8000F27
:102B8000400840000100206810F1080242E80010EF
:102B90000028F1D12020C4F88000002084F87800BB
:102BA00003200CE02020E0672020C4F880000020F3
:102BB000206600206066002084F87800002032BD86
:102BC0002DE9F04105000E0090461F00069C286884
:102BD000C0693040B04201D1012000E000204146F0
:102BE000C9B2884238D114F1010FF0D000F034FF9F
:102BF000C01B844201D3002C01D103202DE02868A2
:102C000000684007E3D5802EE1D0402EDFD0286851
:102C1000C06900070DD5082029680862280000F067
:102C200002F90820C5F88400002085F8780001200A
:102C300013E02868C0690005C9D54FF40060296811
:102C40000862280000F0EFF82020C5F8840000207A
:102C500085F87800032000E00020BDE8F08130B462
:102C600003005965A3F85820A3F85A20002098665D
:102C70009868B0F5805F0BD11869002804D140F244
:102C8000FF10A3F85C0023E0FF20A3F85C001FE026
:102C9000986800280AD11869002803D1FF20A3F8FA
:102CA0005C0015E07F20A3F85C0011E09868B0F1AB
:102CB000805F0AD11869002803D17F20A3F85C0047
:102CC00006E03F20A3F85C0002E00020A3F85C00CF
:102CD0000020C3F884002220C3F880001868083060
:102CE00050E8000F50F001000400186810F10805CA
:102CF00045E800400028F1D19868B0F5805F06D122
:102D00001869002803D10FF2D130986602E00FF263
:102D1000D5209866186900280BD0186850E8000F75
:102D200050F4907004001D6845E800400028F4D17C
:102D30000AE0186850E8000F50F0200004001D68F9
:102D400045E800400028F4D1002030BC704770B541
:102D500004000D0016006565A4F858600020C4F852
:102D600084002220C4F88000606F002821D00FF278
:102D70001510616FC8620FF2B110616F08630FF236
:102D8000D110616F48630020616F886333009BB28C
:102D9000626D206810F12401606F01F07FFE002851
:102DA00007D01020C4F884002020C4F8800001203F
:102DB0002AE0206900280AD0206850E8000F50F46B
:102DC00080700100226842E800100028F4D12068D9
:102DD000083050E8000F50F001000100206810F1A9
:102DE000080242E800100028F1D12068083050E8BD
:102DF000000F50F040000100206810F1080242E886
:102E000000100028F1D1002070BD016851E8001FBA
:102E100031F0C0010A00036843E800210029F4D121
:102E20002021C1677047016851E8001F31F490719B
:102E30000A00036843E800210029F4D10168083141
:102E400051E8001F490849000A00016811F1080310
:102E500043E800210029F1D1016E01290AD101685E
:102E600051E8001F31F010010A00036843E8002117
:102E70000029F4D12021C0F8801000210166002132
:102E80008166704738B50400A56A2068006880062E
:102E90003AD40020A5F85A00286850E8000F30F412
:102EA000807001002A6842E800100028F4D12868E8
:102EB000083050E8000F400840000100286810F179
:102EC000080242E800100028F1D12868083050E8D4
:102ED000000F30F040000100286810F1080242E8BD
:102EE00000100028F1D12020C5F88000286E0128AC
:102EF0000AD1286850E8000F30F0100001002A685D
:102F000042E800100028F4D100206866286E0128ED
:102F100005D1B5F85810280001F013FF02E0280091
:102F200001F0F4FE31BD000038B50400A56A0120AF
:102F30006866286E012807D1B5F85810490889B28B
:102F4000280001F0FEFE02E0280002F0ABFC31BDDB
:102F5000F8B50400A56AEE6FD5F88070286880681F
:102F6000000607D5212E05D10020A5F85200280023
:102F7000FFF74BFF28688068400607D5222F05D150
:102F80000020A5F85A002800FFF74DFFD5F884006F
:102F900050F01000C5F88400280001F0F1FEF1BDEA
:102FA00038B50400A56A0020A5F85A000020A5F84D
:102FB0005200280001F0E4FE31BD10B50400206885
:102FC00050E8000F30F040000100226842E8001095
:102FD0000028F4D12020E0670020E066200002F005
:102FE00062FC10BD70B50500B5F85C60D5F88000D6
:102FF000222866D12868808C040016EA0400696DD6
:103000000870686D401C6865B5F85A00401EA5F848
:103010005A00B5F85A00002859D1286850E8000F26
:1030200030F4907001002A6842E800100028F4D1C2
:103030002868083050E8000F400840000100286868
:1030400010F1080242E800100028F1D12020C5F854
:1030500080000020A8660020686628681C49884215
:103060000ED02868406800020AD5286850E8000F92
:1030700030F0806001002A6842E800100028F4D196
:10308000286E012819D100202866286850E8000F12
:1030900030F0100001002A6842E800100028F4D146
:1030A0002868C069C00602D5102029680862B5F8F2
:1030B0005810280001F045FE09E0280001F026FE26
:1030C00005E02868008B50F008002968088370BD6F
:1030D00000800040F369FFEFF8B50500B5F85C70BB
:1030E000D5F88000222867D12868808C0400686D9C
:1030F000060017EA04003080686D801C6865B5F82A
:103100005A00401EA5F85A00B5F85A00002859D1B7
:10311000286850E8000F30F4907001002A6842E8F7
:1031200000100028F4D12868083050E8000F40084B
:1031300040000100286810F1080242E80010002851
:10314000F1D12020C5F880000020A8660020686624
:103150002868224988420ED02868406800020AD5B3
:10316000286850E8000F30F0806001002A6842E8CB
:1031700000100028F4D1286E012819D100202866FB
:10318000286850E8000F30F0100001002A6842E87B
:1031900000100028F4D12868C069C00602D51020AC
:1031A00029680862B5F85810280001F0CAFD09E046
:1031B000280001F0ABFD05E02868008B50F0080006
:1031C00029680883F1BD00000038014088100240E2
:1031D00000440040004800400024F400008000400B
:1031E0002DE9F74F82B000265FF0000A5FF0000B78
:1031F00054465D46002000900127DDF80C80DDF884
:103200000890049810F0070F2BD10498C0080021F3
:1032100082468B4602F0A0FB4FF47A7002F0B4FBBA
:1032200000200600300080B20021594517D801D394
:10323000504514D2D8E9000104000D0022002B00F3
:103240004946002002F030FB07003800C0B20128D8
:1032500005D019F1080918F10808761CE2E702F018
:103260008CFB3800C0B205B0BDE8F08F70B504002B
:10327000012502F071FB06004FF47A7002F084FB26
:103280003000C0B200280FD1C4F3CC20B0F5807F4D
:1032900005D20121C4F3CC2002F0E2FB04E00121BD
:1032A000C4F3CC2002F0DCFB4FF47A7002F06CFB2C
:1032B00005000548016831F00201016002F05DFB84
:1032C0002800C0B270BD0000142002402DE9F0417A
:1032D000C0B004000D00160000274FF480710022DA
:1032E000E8464046FEF754F82000FFF7BFFFA52050
:1032F0008DF8000030008DF801005FF000084046B6
:10330000310080B289B288420AD2404680B2285C3D
:103310006946424692B21144887018F10108EEE7FE
:10332000B61C300080B20821B6B20836361A90FBBF
:10333000F1F001FB0066320092B269462000FFF70F
:103340004FFF002801D0002000E0012040B0BDE880
:10335000F0810268531C0360117070470200002066
:10336000704730B40200DFF81C060023046885882B
:10337000635583885B1C8380DFF80C361B780468F8
:103380008588635583885B1C8380012030BC70472F
:10339000F8B504000D00002000212E002268330043
:1033A000DBB2D25C23683700FFB23B445F7857EA58
:1033B00002273A0092B2B2F5807F23DA380080B259
:1033C00000281FD0DFF8BC0521683200D2B2895C2A
:1033D00002688388D1548188491C81802168320029
:1033E000D2B21144497802688388D1548188491C3B
:1033F0008180DFF8940541783800C0B200F0C8F849
:10340000012000E00020F2BD30B40200DFF87405B6
:10341000002304688588635583885B1C8380DFF8FC
:1034200068355B7804688588635583885B1C838076
:10343000012030BC7047F8B504000D0000200021C9
:103440002E0022683300DBB2D25C23683700FFB263
:103450003B445F7857EA02273A0092B20B2A1FDA00
:10346000DFF8200521683200D2B2895C02688388C7
:10347000D1548188491C818021683200D2B2114424
:10348000497802688388D1548188491C8180390039
:10349000C9B2DFF8F404007800F07AF8012000E007
:1034A0000020F2BDF8B504000D000026DFF8DC04B2
:1034B00090ED030AFEF742FD0100DFF8C8040A00A0
:1034C000120A03688788DA558288521C8280026853
:1034D0008388D1548288521C82800A00120E0368AD
:1034E0008788DA558288521C82800A00120C036891
:1034F0008788DA558288521C82800120F2BDF8B597
:1035000004000D000026DFF8840490ED040AFEF7A5
:1035100015FD0100DFF86C040A00120A03688788B1
:10352000DA558288521C828002688388D15482884E
:10353000521C82800A00120E03688788DA5582883E
:10354000521C82800A00120C03688788DA55828830
:10355000521C82800120F2BD70B504000D00DFF81E
:103560003064012220213000FEF7D3FA0A20FEF752
:1035700005FE4FF47A732A0092B22100DFF814049A
:10358000FEF787FE002220213000FEF7C2FA70BD50
:103590007CB504000D00082100226E463000FDF7C6
:1035A000F7FE0026DFF8E0030470457069460278F4
:1035B0003300DBB2CA54761C40783200D2B2885451
:1035C000761C3200D2B292B26946DFF8CC03FFF724
:1035D0007DFE73BDDFF8C0030078C0B2FF280AD0BB
:1035E000DFF8A403DFF8B41309780170DFF8B01333
:1035F0000978417005E0DFF8900301210170032193
:10360000417070472DE9F04F87B0040000275FF04C
:1036100000085FF000090025DFF88823D2E90001E7
:10362000CDE902010026DFF88023D2E90001CDE9CF
:103630000401DFF850A35046FEF7DAFCA088082802
:10364000C0F29B812068A188084410F8010C216811
:10365000A288114411F8021C51EA0021ADF818109B
:10366000A188891E2068FDF7F0FEADF81A00BDF8AC
:103670001A00BDF81810884240F07D81206800785B
:10368000C1490978884240F07681206880782168B5
:10369000CF7857EA002720684078032805D006280D
:1036A0006CD0102800F0C38061E1206800792168A7
:1036B000497951EA00210D005FF001084046C0B28F
:1036C000052836DA5FF01409DFF8E0B24046C0B2F0
:1036D00009FB00F058444068390089B2884225D17E
:1036E000280080B24146C9B209FB01F159448968FA
:1036F00088421BDB002100204246D2B209FB02F2C5
:103700005A44D268904701280FD14046C0B209FB05
:1037100000F0584480682D1A4046C0B209FB00F9F9
:103720000BEB09008068C71900E002E018F10108FE
:10373000C4E7BAF8040000281FD0BAF80400022138
:1037400090FBF1F201FB1200002816D1DAF800001C
:103750000190BAF80400022190FBF1F080B20090D1
:103760003B009BB203222068017804A8FDF74DFFBF
:10377000BDF814100498FFF7EFFEFAE004200100F2
:10378000C9B2A288921E91420EDA21680200D2B21A
:10379000895C029ABDF80C30D154BDF80C10491C5C
:1037A000ADF80C10401CEAE75FF001084046C0B2DB
:1037B000052817DA14227D4B4046C0B25043184406
:1037C0004068390089B2884209D1002102A8C44664
:1037D0005FFA8CFC02FB0CF21A441269904718F154
:1037E0000108E3E7BAF8040000281FD0BAF8040083
:1037F000022190FBF1F201FB1200002816D1DAF849
:1038000000000190BAF80400022190FBF1F080B2B0
:1038100000903B009BB206222068017804A8FDF7C7
:1038200045FFBDF814100498FFF796FEA1E00020B4
:103830000600206800792168497951EA00210D00CD
:1038400007200100C9B2A288921E91420EDA2168B7
:103850000200D2B2895C029ABDF80C30D154BDF896
:103860000C10491CADF80C10401CEAE7280080B28F
:1038700040002168897988424DD1BDF80C0021684B
:10388000897989B2884246D15FF001084046C0B2CA
:10389000052840DA5FF01409DFF810B14046C0B2E5
:1038A00009FB00F058444068390089B288422FD1A2
:1038B000280080B24146C9B209FB01F15944896828
:1038C000884225DB310089B202A84246D2B209FB08
:1038D00002F25A4412699047012818D14046C0B2FA
:1038E00009FB00F058448068400010FA86F6404614
:1038F000C0B209FB00F0584480682D1A4046C0B29F
:1039000009FB00F90BEB09008068C71900E002E031
:1039100018F10108BAE7BAF80400002826D0BAF86E
:103920000400022190FBF1F201FB120000281DD1DE
:10393000206880782168C97851EA00210F00DAF800
:1039400000000190BAF80400022190FBF1F080B26F
:1039500000903B009BB210222068017804A8FDF77C
:10396000A5FEBDF814100498FFF7F6FD01E0002055
:1039700004E0012002E0002000E0002007B0BDE8E4
:10398000F08F0000F8040020540A002014250020C5
:1039900000040048081F002000000208020002087E
:1039A00003000208E8E20008F0E2000868040020D2
:1039B00062B38B0708D0521E11F8013B00F8013B9F
:1039C00000F024808B07F6D1830740F0208000BFF1
:1039D000103A07D330B4B1E83810103AA0E83810E4
:1039E000F9D230BC530724BFB1E80810A0E8081092
:1039F00044BF51F8043B40F8043BD20724BF31F8E0
:103A0000022B20F8022B44BF0B7803707047121F63
:103A100017D35B0009D151F8043B20F8023B1B0C83
:103A2000121F20F8023BF6D20BE051F8043B00F8DD
:103A3000013B1B0A20F8023B1B0C121F00F8013B44
:103A4000F3D238BF121D521E24BF11F8013B00F8FB
:103A5000013BF8D870472E0001480068704700BF4E
:103A60002C260020BBBBE1B1B2F5803F80F07E8008
:103A7000022A1ED98C46B1FBF2F102FB11C31B04D2
:103A800043EA1043B3FBF2FC02FB1C3380B240EA72
:103A90000343B3FBF2F002FB103240EA0C40002378
:103AA0007047022A05D98446B0FBF2F002FB10C22F
:103AB00070474AB105D100F0010249085FEA3000C1
:103AC000704700220023704702F01AB80B00020072
:103AD000002100207047904271EB030CF6D3B3F540
:103AE000803F2FD2F0B5B3FA83F7B1FA81F4A7F192
:103AF0000F0E3D1B5340CEF1200602FA0EF2F341A9
:103B00005340B5F10F0746D80F3C2C444140C4F157
:103B10002006A040F1414140B1FBF3F603FB161132
:103B2000A2FB0645001BA94102D2761E801859410E
:103B300080EA010221FA0EF362FA0EF200215A40E5
:103B40003046F0BD30B4B1FBF3FC03FB1C11A2FB0B
:103B50000C45001BA94103D2ACF1010C801859415E
:103B600030BC02460B46604600217047B2F1807FB0
:103B700065D3F0B5B2FA82F7B1FA81F4C7F10F0656
:103B80003D1B22FA06F307F1110EF24120355A408F
:103B9000B5F10F07B8D94140C4F12006A040F1416A
:103BA0004140B1FBF3FC03FB1C11A2FB0C45001BC5
:103BB000A94103D2BCF1010C801859410F2F12D337
:103BC0000F3FC90341EA5041B1FBF3F603FB161165
:103BD000A2FB0645D4EBC030A94102D2761E801864
:103BE000594146EACC3C07B34140C7F12006B840F2
:103BF000F1414140B1FBF3F603FB1611A2FB064570
:103C0000001BA94102D2761E8018594180EA0102A8
:103C100021FA0EF3C7F1200462FA0EF20CFA07F053
:103C20005A402CFA04F13043F0BD80EA010221FA37
:103C30000EF3002162FA0EF260465A40F0BD8C4647
:103C4000B1FBF2F102FB11C31B0243EA1063B3FBA9
:103C5000F2FC02FB1C331B024CEA002043EA106317
:103C6000B3FBF2FC02FB1C331B024CEA002043EACC
:103C70001063B3FBF2FC02FB1C331B024CEA002076
:103C800043EA1063B3FBF2FC02FB1C324CEA002057
:103C900000237047C0F3C75181B1FF2906D0C1107E
:103CA000400721F0E04101F16051704741020CBF33
:103CB00040F4E0016FF000410020704700F0004147
:103CC00000020AD0B0FA80FC00FA0CF001F1605159
:103CD000A1EB0C5101EBD02140057047014648B1E2
:103CE000B0FA80F18840C91CC1F58461090501EB77
:103CF000D021400570470000C11768B14840401A04
:103D0000B0FA80F29040D21CC907C2F5846241EA41
:103D1000025202EBD02140057047000041EC100B2D
:103D200001BD80B553EC112B51EC100B01F0EAFEF4
:103D3000F4E70000B0B581EA030C0CF0004C40F24F
:103D4000FF7515EA11541DBF15EA1357AC42AF4277
:103D500039E0E41923EA455343F48013C90241F0E2
:103D6000004141EA505EC7021100A7FB0202002891
:103D70004FF00000EEFB01204FF00001E3FB0721B4
:103D800018BF42F00102401800214941E3FB0E0137
:103D9000A4F580640F0302D252004041494154F11E
:103DA00001046CDD470872F1004250F1000051EB54
:103DB0000451A1F580115CBF41EA0C01B0BD4CEA91
:103DC00005510020B0BD05EA1357AC4214BFAF4205
:103DD00041E050EA410E1CBF52EA430E02E0614648
:103DE0000020B0BD24423C441BD15FEA070EF6D050
:103DF000090302BF01460020AEF1140EB1FA81F7AB
:103E0000AEEB070401FA07FE0C37C7F1200100FAF8
:103E100007F7C8404EEA000E23EA455343F48013E7
:103E2000A2E733F00043B3FA83F704BFB2FA82FE8D
:103E300077440B3FE41BB7F1200E2FBF02FA0EF3BD
:103E4000BB40C7F1200E22FA0EFE38BF43EA0E0334
:103E5000BA40641C82E750EA410E14BF52EA430E96
:103E60006FF000014FF4001717EB430F8ABF19469C
:103E700017EB410FB5E74CEA05510020B0BDD4F176
:103E80000104B4F120070FDAC4F12007520828BF5B
:103E900042F0010210FA07F501FA07F7E1BF2A43E1
:103EA000E0403843E1400FE0352C98DCC7F12004B6
:103EB00052EA400220FA07F218BF42F0010231FA3A
:103EC00007F0A1400A43002172F1004250F10000C6
:103ED00051EB0C01B0BD000070B44FF0004591EA09
:103EE000030F42F18D816B40841A71EB030604D2FB
:103EF0006E40001BB141121973414FF4001C1CEBC2
:103F0000410F34BF7CEB430683E00C0DA4EB13564A
:103F1000362E00F37C80012E45EAC32341DC43EAC0
:103F2000525312BFD20292025B08240545EAC12116
:103F300041EA5051D2EBC020994125D407D1B0FAC3
:103F400080F610FA06F162D00020203608E0B1FABF
:103F500081F6B140C6F1200220FA02F21143B040CE
:103F60004FEAF474B4EB465434F001064FEA74049B
:103F70000AD8D6F50016760D04F00044F04061FA38
:103F800006F25040F1404840C00A40EA415021F05A
:103F9000004128BF5FEA500550F1000044EBD121F9
:103FA00035E0DB0A45EAC121C90AB6F120050EDD7C
:103FB00042EA0242120CC5F1200603FA06F6EB4073
:103FC00042EA06056D42984161F100010DE062FA96
:103FD00006F5F240554063FA06FC82EA0C02F34013
:103FE0005A406D42904161EB030111F4801F05D1ED
:103FF000641E620502D06D004041494121F48011E8
:10400000430875F1004350F1000041EB045170BCCE
:1040100070471CEB410F15D223F0004352EA4306D0
:104020000BD04FEA4C0CBCEB410F04D80C0D661EB4
:10403000342EB7DDEBE7801A994150EA410608BFFC
:104040000021E4E708BF1CEB430F28BF6FF000011D
:10405000DDE7000001F000428B1AA3F16051B1F5D9
:10406000801F0ADBB1F17F6F1FD242EAC102C1009B
:1040700071F1004142EB507070470B15C3F1090319
:10408000212B10D2890241EA905180020128494136
:1040900041F0004121FA03F0C3F12003994071F18E
:1040A000004150417047100070476FF0000013EB63
:1040B000103F5CBF000E42EAC0507047C1F30A5384
:1040C00040F2FE329B1A14DDD3F120034FEAE17275
:1040D00008DDC90241EA505141F00040D840801843
:1040E0005040704703F2E13010B1D24382F00040FB
:1040F000704700207047000000F10103810704D0E1
:1041000010F8011B820781B1FAD10268A2F10131D6
:10411000914311F0803104BF50F8042FF6E709BA3B
:10412000B1FA81F100EBD100401CC01A70470000C9
:10413000F0B540F2FF7581EA030C0CF0004C15EA73
:1041400011541DBF15EA1357AC42AF42E5E0BC4124
:10415000C1F31301C3F31303801A994143F480138D
:1041600004D2641E4000494180185941C90241EA05
:104170005051B1FBF3F603FB1611A2FB0675D7EB0A
:10418000C020A94102D2761E80185941C90241EAD5
:104190005051B1FBF3FE03FB1E11A2FB0E75D7EBD2
:1041A000C020A94103D2AEF1010E80185941890205
:1041B00041EA9051760546EA8E2EB1FBF3F603FBF9
:1041C0001611A2FB0675D7EB8020A94102D2761EFC
:1041D00080185941C90241EA50514EEA060EB1FB1E
:1041E000F3F603FB1611A2FB0675D7EBC020A9411D
:1041F00002D2761E80185941C90241EA5051B1FBE2
:10420000F3F703FB1711A2FB0735D3EBC020A9413D
:1042100067F100070CBF004247F0010766F3D5279E
:104220004FEA1E31B80814F5806412DDBD0775F140
:10423000004250EB0E5051EB045111F5801F5CBF52
:1042400041EA0C01F0BD4CF07F6141F0E0410020FB
:10425000F0BDBD076D0840EA0E5041F48011D4F165
:104260000104B4F120060ADAC4F120060200E0409D
:1042700001FA06F3E1401843B24015430EE0342C36
:1042800013DCC6F1200445EA40056D0820FA06F269
:10429000154321FA06F0A1400D43002175F10042BB
:1042A00050F1000051EB0C01F0BD00205FEA0C0161
:1042B000F0BDCFB992185B41B3FA83F704BFB2FAED
:1042C00082F6BF190B3FB7F120062FBF02FA06F3A3
:1042D000BB40C7F1200622FA06F638BF3343BA4086
:1042E0001CB1E419641E33E77F4231F00041B1FA9A
:1042F00081F404BFB0FA80F6A4190B3CB4F1200697
:104300002FBF00FA06F1A140C4F1200620FA06F6FC
:1043100038BF3143A0403C1B1AE7AC421ABF05EA44
:104320001357AF4212E050EA41061CBF52EA43065F
:10433000BFE750EA4107304661461CBF41EA0551DC
:10434000F0BD52EA430C08BFC143F0BD00204FF45A
:10435000001616EB410F98BF16EB430F08BF16EB84
:10436000410F24BFC14305E016EB430F0CBF61466C
:104370004CEA0551F0BD00000CB430B583B00A46DC
:1043800006A90291044600250194009502AB01A9FB
:10439000084878441E3001F09DFF019A15700028EE
:1043A0004EBF04460198041B204603B030BC5DF8A4
:1043B0000CFB00BF9FEFFFFF10B410F00703DFF806
:1043C000684122684FF6FF010A40DFF8601151EAA8
:1043D00003210A43226010BC7047DFF84C010068DB
:1043E000C0F3022070470000010049B200290AD43E
:1043F000012210F01F018A40DFF8341103005BB284
:104400005B0941F823207047010049B200290DD40F
:10441000012210F01F018A40464903005BB25B098C
:1044200041F82320BFF34F8FBFF36F8F704710B455
:10443000020052B2002A05D40A013F4B040064B2C4
:104440001A5508E00A013D4B040064B214F00F0451
:10445000234403F8042C10BC704770B4030013F01D
:104460000704D4F10700052801D3042001E0D4F1AA
:104470000700251D072D01D2002500E0E51E0126BD
:1044800016FA00F0401E0140A94016FA05F56D1E0F
:104490002A401143080070BC704710B50400601E2C
:1044A000B0F1807F01D301200EE0601E2449086036
:1044B0000F215FF0FF30FFF7BAFF002021490860AD
:1044C000072021490860002010BD10B5040020001D
:1044D000FFF772FF10BD2DE9F04104000D0016003A
:1044E0000027FFF77AFF8046320029004046FFF799
:1044F000B4FF0100200040B2FFF799FFBDE8F08152
:1045000010B50400200040B2FFF76EFF10BD10B5DB
:104510000400200040B2FFF777FF10BD10B5040083
:104520002000FFF7BAFF10BD0CED00E00000FA0517
:1045300000E100E080E100E000E400E018ED00E0D0
:1045400014E000E018E000E010E000E080B5D4489E
:10455000D44901605FF4E1314160002181600021B4
:10456000C160002101610C214161002181610021B4
:10457000016200214162FDF74FFE002801D002F0E8
:10458000EBFE01BD80B5C848C84901604FF4165123
:104590004160002181600021C160002101610C2186
:1045A0004161002181610021C1610021016200217E
:1045B0004162FDF731FE002801D002F0CDFE01BDC1
:1045C00080B5BB48BB4901604FF4165141600021E2
:1045D00081600021C160002101610C214161002145
:1045E00081610021C1610021016200214162FDF76A
:1045F00013FE002801D002F0AFFE01BD38B59EB019
:10460000040014220021684602F0A8FE6022002166
:1046100006A802F0A3FE2068A249884252D12020B9
:1046200006900020119006A802F0A2FE002801D0FA
:1046300002F092FEA048016851F00101016000689B
:1046400010F00100059005989C48016851F00201A6
:104650000160006810F00200059005984FF440607A
:104660000090022001900020029003200390082077
:10467000049069469248FDF7ADF8924D9248286043
:10468000042068600020A8600020E8608020286185
:10469000002068610020A8610020E86100202862F5
:1046A000280000F021F9002801D002F055FE6567CE
:1046B000AC62002200214620FFF70DFF4620FFF7E5
:1046C0001FFFABE020687949884251D10120069054
:1046D00000200E9006A802F04BFE002801D002F048
:1046E0003BFE7A48016851F480410160006810F493
:1046F0008040059005987148016851F00201016001
:10470000006810F0020005900598C020009002207B
:104710000190002002900320039007200490694636
:104720006748FDF757F86A4D6A48286002206860BC
:104730000020A8600020E8608020286100206861D7
:104740000020A8610020E86100202862280000F015
:10475000CBF8002801D002F0FFFD6567AC620022B3
:1047600000212520FFF7B7FE2520FFF7C9FE55E001
:1047700020685049884251D10420069000201090B2
:1047800006A802F0F5FD002801D002F0E5FD524830
:10479000016851F480210160006810F480200590C8
:1047A00005984648016851F004010160006810F066
:1047B0000400059005984FF440600090022001909D
:1047C000002002900320039007200490694643488C
:1047D000FDF700F8424D4348286002206860002041
:1047E000A8600020E8608020286100206861002027
:1047F000A8610020E86100202862280000F074F819
:10480000002801D002F0A8FD6567AC6200220021FB
:104810002720FFF760FE2720FFF772FE1FB030BD94
:1048200010B5040020681F49884210D12248016851
:104830004908490001604FF440612148FDF7ABF899
:10484000606F00F0C1F84620FFF761FE27E02068A6
:10485000164988420FD11D48016831F4804101603A
:10486000C0211748FDF797F8606F00F0ADF82520DC
:10487000FFF74DFE13E020680E4988420FD116481D
:10488000016831F4802101604FF440611348FDF765
:1048900082F8606F00F098F82720FFF738FE10BD0F
:1048A000801E002000800040081F002000380140CA
:1048B000901F0020004800405C1002404C10024055
:1048C00000040048C0230020800402406010024021
:1048D00008240020580002405810024000080048F8
:1048E000502400203000024030B40100002901D1E2
:1048F000012067E00868624A90420AD20A6861486B
:1049000082181420B2FBF0F0800048645E4808640E
:1049100009E00A685D4882181420B2FBF0F08000BC
:1049200048645B480864022081F825000868026832
:104930006FF30E128B68C868034308690343486924
:10494000034388690343C8690343086A03431A435E
:10495000086802608868B0F5804F2AD0086C4A4B1E
:10496000984213D14B4803680F2491F8445015F036
:104970001C05AC40A343036003684C6891F84450A5
:1049800015F01C05AC402343036012E04248036865
:104990000F2491F8445015F01C05AC40A34303606C
:1049A00003684C6891F8445015F01C05AC40234353
:1049B00003600020C863012081F82500002081F8F1
:1049C0002400002030BC704710B40100002901D140
:1049D000012053E008680068400840000A68106041
:1049E0000868274A90420AD20A682648821814208A
:1049F000B2FBF0F0800048642348086409E00A68CC
:104A0000224882181420B2FBF0F08000486420484D
:104A1000086400200A681060012091F8442012F018
:104A20001C0290400A6C5060086C174A90420AD1F0
:104A3000184802680F2391F8444014F01C04A34066
:104A40009A43026009E0144802680F2391F8444039
:104A500014F01C04A3409A4302600020C8620020A6
:104A6000086300204863002088630020C86300209A
:104A700081F82500002081F82400002010BC704738
:104A800008040240F8FFFDBF00000240F8FBFDBF34
:104A900000040240A8000240A80402402DE9F041B1
:104AA00004000D0016001F005FF0000894F82400B9
:104AB000012801D102203BE0012084F8240094F871
:104AC000250001282DD1022084F825000020E06374
:104AD0002068006840084000216808603B00320000
:104AE0002900200000F0F8F8206B002806D020688C
:104AF000006850F00E00216808600BE02068006834
:104B000030F00400216808602068006850F00A0056
:104B1000216808602068006850F001002168086082
:104B200004E0002084F82400022080464046C0B201
:104B3000BDE8F0810100002291F82500022806D08E
:104B40000420C863002081F8240001201BE00868CD
:104B5000006830F00E000B681860086800684008B4
:104B600040000B681860012091F8443013F01C03DA
:104B700098400B6C5860012081F82500002081F8D6
:104B800024001000C0B2704738B50400002594F826
:104B90002500022804D00420E063012005001FE066
:104BA0002068006830F00E00216808602068006806
:104BB0004008400021680860012094F8441011F07A
:104BC0001C018840216C4860012084F825000020E9
:104BD00084F82400A06B002802D02000A16B884735
:104BE0002800C0B232BD70B50400206C0568206892
:104BF0000668042094F8441011F01C0110FA01F129
:104C00000D4219D0710717D521680968890605D4A6
:104C10002168096831F004012268116094F8441099
:104C200011F01C018840216C4860206B002852D094
:104C30002000216B88474EE0022094F8441011F0C8
:104C40001C0110FA01F10D421FD0B1071DD52168DA
:104C50000968890608D42168096831F00A012268C8
:104C60001160012184F8251094F8441011F01C0102
:104C70008840216C4860002084F82400E06A002805
:104C800029D02000E16A884725E0082094F84410E4
:104C900011F01C01884005421DD030071BD520684B
:104CA000006830F00E0021680860012094F844107C
:104CB00011F01C018840216C48600120E063012054
:104CC00084F82500002084F82400606B002802D0BE
:104CD0002000616B884770BD30B4012490F84450C7
:104CE00015F01C05AC40056C6C600468636084685A
:104CF000102C04D10468A2600468E16003E0046839
:104D0000A1600468E26030BC7047000010B5040088
:104D1000206841490968884202D1012002F0FDFE65
:104D200020683E490968884202D1012003F010F84A
:104D300020683B490968884202D10120FDF74AFA00
:104D400010BD38B504000D00206833490968884259
:104D500003D1280080B202F0E0FE20682F490968E4
:104D6000884203D1280080B202F0F2FF20682C496B
:104D70000968884203D1280080B2FDF72BFA31BDC3
:104D800010B50400206824490968884202D1002037
:104D900024490870206821490968884202D102200C
:104DA0002049087020681E490968884202D1042001
:104DB0001C49087002211C48FCF71DFB10BD1CB5E6
:104DC000184C20780090194B00220021032002F09B
:104DD000E7FF207800280ED102F09EFE14480188DB
:104DE000491C01800188142903DB0021018002F0A5
:104DF0007DFE02F07FFE20782078022803D102F0A9
:104E0000A6FF02F095FF20782078042803D1FDF753
:104E1000E0F9FDF7CFF913BD801E0020081F002028
:104E2000901F00207B260020E803002038DD0008CA
:104E30006826002070B505000C001600D5F880002B
:104E400020282DD1002C03D0300080B2002801D1C1
:104E5000012026E00120286600206866320092B218
:104E600021002800FDF773FF01000800C0B20028F0
:104E700013D1286E01280ED110202A6810622868EC
:104E800050E8000F50F0100002002B6843E80020AB
:104E90000028F4D101E0012001000800C0B200E0C8
:104EA000022070BD704700002DE9FE4F0500002D67
:104EB00001D101203AE3DFF80499D9F8004014F059
:104EC0000C04DFF81889D8F8007017F00307287869
:104ED000C00640F1C680002C03D00C2C7AD1012FE3
:104EE00078D1DFF8D4A8DAF80000800704D5A869E3
:104EF000002801D1012019E3DAF80000000704D5E9
:104F0000DAF8000010F0F00005E0DFF86009006852
:104F1000000910F0F000296A88421ED2286A00F0C9
:104F20005FFC002801D0012000E3DAF8000050F017
:104F30000800CAF80000DAF8001031F0F001286A21
:104F40000143CAF80010DFF82809016831F47F41F5
:104F5000EA6951EA022101601FE0DAF8000050F02E
:104F60000800CAF80000DAF8001031F0F001286AF1
:104F70000143CAF80010DFF8F808016831F47F41F6
:104F8000EA6951EA02210160002C06D1286A00F08A
:104F900027FC002801D00120C8E200F086FBDFF8E2
:104FA000D418D9F80020C2F30312895C11F01F0154
:104FB000C840DFF80C180860DFF80808006803F044
:104FC0000DF88DF800009DF80000002849D09DF8EC
:104FD0000000ABE2A86900282DD0DFF8DC97D9F8F3
:104FE000000050F00100C9F80000FEF735FD060092
:104FF000D9F80000800706D4FEF72EFD801B032899
:10500000F6D3032092E2D9F8000050F00800C9F866
:105010000000D9F8001031F0F001286A0143C9F806
:105020000010DFF84C08016831F47F41EA6951EA69
:105030000221016015E0DFF88097D9F800004008F0
:105040004000C9F80000FEF707FD0600D9F800008F
:10505000800706D5FEF700FD801B0328F6D303204A
:1050600064E22878C00754D5082C03D00C2C0BD14F
:10507000032F09D1DFF840070068800349D568682D
:10508000002846D1012051E26868B0F5803F06D182
:10509000DFF82407016851F48031016018E0686886
:1050A000B0F5A02F0AD1DFF81007016851F4802174
:1050B0000160016851F48031016009E0DFF8F80611
:1050C000016831F480310160016831F480210160B0
:1050D000686800280ED0FEF7BFFC0600DFF8D8068F
:1050E0000068800315D4FEF7B7FC801B6528F5D354
:1050F00003201BE2FEF7B0FC0600DFF8BC060068E8
:10510000800306D5FEF7A8FC801B6528F5D3032095
:105110000CE22878800752D5042C03D00C2C15D132
:10512000022F13D1DFF890060068400504D5E86827
:10513000002801D10120F9E1DFF83407016831F0DE
:10514000F8512A6951EA0261016038E0E8680028F4
:105150001FD0DFF86496D9F8000050F48070C9F8C9
:105160000000FEF779FC0600D9F80000400506D4DF
:10517000FEF772FC801B0328F6D30320D6E1DFF88C
:10518000F006016831F0F8512A6951EA02610160C4
:1051900015E0DFF82496D9F8000030F48070C9F8E3
:1051A0000000FEF759FC0600D9F80000400506D5BE
:1051B000FEF752FC801B0328F6D30320B6E12878C3
:1051C00000072ED56869002815D0DFF8A096D9F819
:1051D000000050F00100C9F80000FEF73DFC060099
:1051E000D9F8000080071CD4FEF736FC801B03288A
:1051F000F6D303209AE1DFF87496D9F8000040084E
:105200004000C9F80000FEF727FC0600D9F80000AE
:10521000800706D5FEF720FC801B0328F6D3032069
:1052200084E12878400740F181805FF00009DFF8D1
:1052300048A6DAF80000C0000DD4DAF8000050F0FB
:105240008050CAF80000DAF8000010F08050019099
:10525000019801208146DFF824B6DBF80000C00584
:1052600013D4DBF8000050F48070CBF80000FEF798
:10527000F3FB0600DBF80000C00506D4FEF7ECFBEC
:10528000801B0328F6D3032050E1A868012806D12B
:10529000DFF8EC05016851F00101016017E0A86832
:1052A00005280AD1DFF8D805016851F00401016032
:1052B000016851F00101016009E0DFF8C4050168EF
:1052C000490849000160016831F004010160A868E3
:1052D000002810D0FEF7C0FB0600DFF8A405006828
:1052E000800719D4FEF7B8FB801B41F28931884250
:1052F000F3D303201AE1FEF7AFFB0600DFF88005C9
:105300000068800708D5FEF7A7FB801B41F28931B2
:105310008842F3D3032009E14846C0B2012805D1F1
:10532000DAF8000030F08050CAF8000028788006D3
:105330002ED5686A002815D0DFF84895D9F8000006
:1053400050F00100C9F80000FEF786FB0600D9F80E
:10535000000080071CD4FEF77FFB801B0328F6D3D8
:105360000320E3E0DFF81C95D9F800004008400076
:10537000C9F80000FEF770FB0600D9F800008007AE
:1053800006D5FEF769FB801B0328F6D30320CDE08A
:10539000A86A002800F0C980A86A022840F0A3800B
:1053A000D8F80000070017F00300E96A884222D10C
:1053B00017F07000296B491EB0EB011F1BD117F4C9
:1053C000FE40696BB0EB012F15D117F07840A96B47
:1053D000B0EBC16F0FD117F4C000E96B4908491E4B
:1053E000B0EB415F07D117F0C060296C4908491E36
:1053F000B0EB416F57D00C2C53D0DFF8BCA3DAF8D8
:105400000000400101D5012090E0DAF8000030F002
:105410008070CAF80000FEF71FFB8146DAF8000032
:10542000800107D5FEF718FBB0EB09000328F5D380
:1054300003207BE0D8F80010DFF84C040140E86A54
:105440000143286B401E51EA0011686B51EA0021AC
:10545000E86B4008401E51EA4051286C4008401E4D
:1054600051EA4061A86B51EAC061C8F80010DAF84F
:10547000000050F08070CAF80000D8F8000050F02A
:105480008070C8F80000FEF7E7FA0600DAF80000BE
:1054900080014AD4FEF7E0FA801B0328F6D30320EC
:1054A00044E0012042E0DFF81093D9F800008001C9
:1054B0003BD4D9F8000050F08070C9F80000D8F84B
:1054C000000050F08070C8F80000FEF7C5FA060032
:1054D000D9F80000800128D4FEF7BEFA801B03280B
:1054E000F6D3032022E00C2C1DD0DFF8CC92D9F8A3
:1054F000000030F08070C9F80000FEF7ADFA060039
:10550000D9F80000800106D5FEF7A6FA801B032813
:10551000F6D303200AE0D8F80010DFF8700301404A
:10552000C8F8001001E0012000E00020BDE8FE8F77
:105530002DE9F04104000D00002C01D10120B2E062
:10554000DFF84C73386810F00700A8420BD23868B7
:10555000C008C00028433860386810F00700A8422F
:1055600001D001209FE0207880070DD5DFF84C1294
:10557000086810F0F000A268904205D20A6832F084
:10558000F002A06802430A602078C00742D5606834
:10559000032806D1DFF82002006880011CD4012016
:1055A00081E06068022806D1DFF80C020068800301
:1055B00012D4012077E06068002806D1DFF8F801F6
:1055C0000068800708D401206DE0DFF8EC01006876
:1055D000400501D4012066E0DFF8E081D8F8001032
:1055E0008908890060680143C8F80010FEF734FAA2
:1055F0000600D8F8000010F00C006168B0EB810FD5
:1056000008D0FEF729FA801B41F289318842F0D395
:10561000032048E0207880070CD56849A0680A6814
:1056200012F0F002904205D20A6832F0F002A0684F
:1056300002430A60386810F0070085420BD23868D0
:10564000C008C00028433860386810F00700A8423E
:1056500001D0012027E02078400706D557490A6885
:1056600032F4E062E06802430A602078000707D560
:105670005248016831F46051226951EAC201016067
:1056800000F013F8DFF8EC114C4A1268C2F3031271
:10569000895C11F01F01C840494908604948006809
:1056A00002F09CFCC0B2BDE8F0812DE9F04100267B
:1056B00000204249096811F00C01DFF820C1DCF834
:1056C000007017F00307002903D00C291AD1012F0D
:1056D00018D1DFF8E4E0DEF800805FEA087806D44D
:1056E000DFF888E1DEF800E0CEF3032E03E0DEF819
:1056F00000E0CEF3031E674E56F82E6000290CD151
:1057000030000AE0042903D1DFF88CE1704604E0A0
:10571000082902D1DFF884E170460C292DD1DCF88C
:1057200000E01EF0030E73469E46BEF1020F03D04A
:10573000BEF1030F03D005E0DFF85CE103E0DFF822
:105740005CE100E0B646DCF80020C2F30212521C15
:105750001500DCF80020C2F3062202FB0EFEBEFBA1
:10576000F5F2DCF800C0CCF3416C1CF1010C5FEAEF
:105770004C0C6446B2FBF4FC6046BDE8F081104876
:105780000068704780B5FFF7FAFF45490B4A126879
:10579000C2F30222895C11F01F01C84002BD80B52E
:1057A000FFF7EDFF3E49054A1268C2F3C222895C49
:1057B00011F01F01C84002BD001002400810024055
:1057C000E4030020C00300202849086810F07E4050
:1057D0000A6852F400020A60704700000C10024090
:1057E0007CB504000025244E3068C00003D502F0CB
:1057F00025FC01000FE0306850F0805030603068C8
:1058000010F080500090009802F018FC0100306801
:1058100030F080503060B1F5007F09D1812C15D374
:10582000A12C02D30220050010E0012005000DE0AC
:10583000812C02D30320050008E0802C02D1022035
:10584000050003E0702C01D101200500104802681A
:10585000D208D2002A430260006810F00700A84274
:1058600001D0012000E0002076BD0000941002402D
:1058700004100240BCDE00085810024000700040D6
:1058800090100240981002408C809D01FCFFEEFEBB
:105890000020024058DB00080024F40000127A00C7
:1058A000E0E20008704770472DE9F84F82468B46CA
:1058B00014001D000026DFF884713878012801D11A
:1058C000022047E0012038704CF25038404600F08A
:1058D0005BF881464846C0B2002837D10020786086
:1058E000DFF85C010168490506D5016831F4806183
:1058F00001600220387701E000203877BAF1000F0C
:1059000007D122002B00584600F071F80120060054
:105910000FE0BAF1010F02D0BAF1020F09D1210054
:10592000584600F071F8BAF1020F02D15FF48020FE
:105930000600404600F028F88146002E04D0DFF82B
:1059400004010168B143016000F09FF80020387045
:105950004846C0B2BDE8F28F00203A490A68002AE2
:1059600009D53C4A3C4B13603C4B13600968002945
:1059700001D501210800C0B270473248016851F0DA
:10598000004101600020704770B50400FEF764F824
:1059900005002D4A1068C00309D514F1010FF8D095
:1059A000FEF75AF8401BA042F3D303201EE0116813
:1059B00026480140002913D0204843680B43436028
:1059C00011F0404F05D0224B1E6811F040400643B5
:1059D0001E60880002D021F040401060012005E0E8
:1059E0001068C00701D501201060002070BD10B400
:1059F00014490C6854F001040C600260BFF36F8F0F
:105A0000011D0B6010BC704770B4402304000D00F2
:105A10000C4A166856F480261660EFF3108272B6B0
:105A20002E682660241D2D1D5B1E1E00F6B2002E62
:105A3000F6D182F3108870BC70470000C4030020C8
:105A4000002002401420024010200240FAC302004D
:105A5000182002400820024023016745AB89EFCDA2
:105A600010B4DFF89820136833F47E73C40014F484
:105A7000FF6423431360136853F002031360136839
:105A800053F48033136010BC7047DFF86800017F67
:105A90000A00D2B2012A03D00A00D2B2032A11D1DD
:105AA000DFF85420136833F400731360136853F461
:105AB00000631360136833F400631360136853F4D6
:105AC000007313600A00D2B2022A03D00A00D2B2D5
:105AD000032A0CD1084A136853F4805313601368E7
:105AE00033F480531360136853F48063136000220F
:105AF00002777047C40300200020024014200240B7
:105B0000704700002DE9F04D2DED0A8B41EC190B8B
:105B100043EC182B51EC180B20F0000431F0004539
:105B200008BF002C84B000F0088353EC192B002030
:105B3000DFF88C1602F0CCFA00F0FF82DFF81416C2
:105B400002F0C6FA08D151EC180B48004015401C71
:105B500002D1090300F0F18251EC190B4800401505
:105B6000401C00F00E8251EC190B31F0004108BFCF
:105B7000002800F0068251EC180B48004015401C2C
:105B800000F0FF8151EC180B4B0043EAD073420048
:105B9000002B08BF002A04D1B0EE48AAF0EE68AA94
:105BA00019E040F23344A4EB5352352A04DB00F0F1
:105BB000000001F000410CE0202A03DD203AD14032
:105BC000914000E001D1002003E0002AC4BFD04092
:105BD000904041EC1A0B51EC190BC80F0BD053EC51
:105BE000182B51EC1A0B02F073FA04D0AFF30080BB
:105BF0009FED3F9BA3E253EC192B23F00041B1F53D
:105C0000801F22F000000DD20022002908BF0028CA
:105C1000009216D06A4651EC190B02F069FA41EC79
:105C2000190B0EE0DFF8AC45DFF82C7504EB1150D2
:105C300000903B40DFF82405924643EA000B4BEC12
:105C400019AB51EC190BC80F36D021F0004053ECC2
:105C5000192B034643EC192B51EC1A0B4B0043EA6A
:105C6000D0734200002B08BF002A04D1B0EE4A0ACC
:105C7000F0EE6A0A19E040F23444A4EB5352352A9C
:105C800004DB00F0000001F000410CE0202A03DDFD
:105C9000203AD140914000E001D1002003E0002AE9
:105CA000C4BFD040904041EC100B53EC1A2B51EC88
:105CB000100B02F00DFA01D1002600E00126009839
:105CC00001281DD151EC190BDFF89424DFF894342E
:105CD00002F046FA14D253EC192B00204FF0804109
:105CE000FEF728F800279FED04BB41EC190B27E0D5
:105CF000FFFFFFFFFFFFFF7F000000000000F03FFD
:105D000053EC192B0020DFF86014FEF713F89FED19
:105D100078AB53EC1A2BFEF7DFF8FEF7CFF9A0F1C2
:105D200020042046FDF7E8FF0022DFF84034FEF7AC
:105D300001F853EC1A2BFEF7CFF841EC1B0B67016F
:105D400051EC190B53EC1B2B00F052FA41EC1A0BDF
:105D500053EC192B51EC1B0BFEF7BEF802460B4619
:105D600051EC1A0BFEF7E4F941EC190B53EC192B2B
:105D7000FDF7E0FF41EC1C0B53EC1C2BDFF8F003AC
:105D8000DFF8F013FDF7D6FFDFF8EC23DFF8EC3394
:105D9000FEF7A2F853EC1C2BFDF7CCFFDFF8E02355
:105DA000DFF8E033FEF798F853EC1C2BFDF7C2FF49
:105DB000DFF8D423DFF8D433FEF78EF853EC1C2B36
:105DC000FDF7B8FFDFF8C823DFF8C833FEF784F823
:105DD00053EC1C2BFDF7AEFFDFF8BC23DFF8BC3320
:105DE000FEF77AF853EC1C2BFDF7A4FFDFF8B02385
:105DF000DFF8B033FEF770F853EC1C2BFDF79AFF79
:105E000053EC1A2B00F0F4F904460D460020DFF89D
:105E1000B01353EC1B2B00F0EBF900224FF0804342
:105E2000FDF788FF22462B46FEF756F853EC192B58
:105E3000FDF780FF41EC100BDFF86C03784400F5B0
:105E40005A70074453EC1A2B51EC100BFEF744F830
:105E500041EC190B0098FDF74FFFD7E90023FEF73F
:105E60003BF841EC1A0B53EC192BDFF84003DFF839
:105E70004013FDF75FFF53EC1A2BFEF72DF853ECA0
:105E8000182BFDF757FF0022DFF8283302F068F9DE
:105E900041EC1B0B69D30122C74B02F079F961D9A0
:105EA000C80F53EC1B2B1ABF0020C449AB49FEF7A7
:105EB00013F8FEF703F90022C14BCDE90123804618
:105EC000CDF8008053EC192B51EC180BFDF732FF85
:105ED00004460D46D7E90201D7E90423FDF7FCFF8C
:105EE00053EC182BFDF726FF9FEDB6BB04E000BF77
:105EF000000000000000E03F53EC1B2BFDF71AFFF1
:105F000022462B46FDF7E8FF07468B4653EC1A2B3B
:105F100051EC180BFDF70EFF04460D464046FDF709
:105F2000EBFE02460B462046294600F061F953EC91
:105F30001B2BFDF7FFFE3A465B46FDF7CDFFDDE983
:105F4000012302F03DF941EC190B31F0004108BF8B
:105F500000280AD051EC190B48004015401C06D10E
:105F6000090304D19FEDA09B01E09FED9B9B002EB8
:105F700000F0E58051EC190B81F0004141EC190B68
:105F8000DDE051EC190B48004015401C02D109031B
:105F900040F0D58051EC180B48004015401C06D14C
:105FA000090304D0B0EE489AF0EE689AC7E051ECCD
:105FB000180B480001244015401C61D051EC180B0F
:105FC0004B0043EAD0734200002B08BF002A04D1E3
:105FD000B0EE48AAF0EE68AA19E040F23345A5EB0E
:105FE0005352352A04DB00F0000001F000410CE0C0
:105FF000202A03DD203AD140914000E001D1002069
:1060000003E0002AC4BFD040904041EC1A0B53EC8F
:10601000182B51EC1A0B02F05BF818BF00244B0050
:1060200043EAD0734200002B08BF002A04D1B0EE2F
:106030004A0AF0EE6A0A19E040F23445A5EB5352E1
:10604000352A04DB00F0000001F000410CE0202ABA
:1060500003DD203AD140914000E001D1002003E06F
:10606000002AC4BFD040904041EC100B44B153EC27
:106070001A2B51EC100B02F02BF80CBF002401245A
:1060800051EC190B48004015401C0AD1090308D1F6
:1060900051EC190BC80F21D153EC182BDA0F49D052
:1060A00040E051EC180B48004015401C1ED109037C
:1060B0001CD153EC192B23F00041B1F5801F22F0C5
:1060C000000021D20022002908BF002800921FD022
:1060D0006A4651EC190B02F00BF819E051EC180B61
:1060E000C80F01D1002C21E0E4B10AE0002C1ABF56
:1060F00051EC190BC80F002053EC182BDA0F14D1F8
:1061000080B19FED329B1AE0324C04EB11500090AD
:1061100051EC180BC80F009802D100280ADC01E0EE
:10612000002807DD9FED2C9B09E0002818BF9FED9C
:106130002C9B04D19FED2C9B01E09FED049B04B0B0
:1061400051EC190BBDEC0A8BBDE8F08D000000008E
:106150000000F03F0000F0BFFFFF0F800000E03FB5
:10616000CD3B7F669EA0E63F000050400000903F80
:10617000F7DE29BFD8F8C23FF4B3FECC1A99C33F6B
:1061800062CB68D96F46C73FC6C912DAC471CC3F2B
:106190004AE98A942449D23FF75F97999999D93F60
:1061A000BC5555555555E53F086C0000FE822B65E2
:1061B0004715F73F0000E0C00000E0400000E0BFEE
:1061C0000000F03FEF39FAFE422EE63F00000000EB
:1061D0000000008002FCFFFF000000000000000043
:1061E000000000000000F0FF000000000000F07F51
:1061F00070B44FF0004591EA030F7DF575AE6B402A
:10620000841A71EB030603D2001BB14112197341CA
:106210004FF4001C1CEB410F34BF7CEB430442E005
:106220000C0DA4EB1356352E4FDC45EAC323DB0AD5
:1062300045EAC121C912B6F120050DDD63FA05F664
:10624000EB4086EA0305124218BF45F00105C0186D
:1062500051F100010CD213E062FA06F5F24055400C
:10626000F3415A40B340F3405A408018594107D394
:1062700049085FEA30005FEA350528BF45F00105AF
:1062800001F58011420875F1004250F1000041EB28
:1062900004514E0016F5001F70BC38BF7047002037
:1062A000090D090570471CEB410F10D252EA430655
:1062B0000BD0BCEB410F05D80C0DAB43661E342E42
:1062C000B6DD02E0AB438018594170BC704770BC2A
:1062D000704700002DE9F14FB0B0924604910DF1E6
:1062E00042013A9A2B9199464A7000200AE01AF826
:1062F000011B0498309A90470028049000F0B6865D
:106300000D98401C0D909AF8000050B12528EED150
:10631000002100220791089209910A920B910C9298
:1063200004E00D9800F0A4BE41F001011AF8010F3D
:106330002028F9D023280CD02B2804D02D2805D0D4
:10634000302809D00BE041F00201EFE741F00401F1
:10635000ECE741F00801E9E741F01001E6E72A28FF
:106360000FD1D9F8002052F8040BC9F800200028FA
:106370000F9003D540420F9041F004010AF1010A49
:1063800014E00F92DFF828380AE00F98984205DAF7
:1063900000EB800402EB4402303A0F920AF1010A4A
:1063A0009AF80020A2F130000A28EED39AF80000F3
:1063B0002E2803D04FF0FF320E9229E01AF8010F79
:1063C0002A2809D1D9F8000050F8042BC9F8000098
:1063D0000E920AF1010A1BE02D280CBF0AF1010AF6
:1063E000002000220E92DFF8C8470BE040B90E9A59
:1063F000A24205DA02EB820503EB4503303B0E9324
:106400000AF1010A9AF80030A3F130020A2AEDD30A
:10641000ADF84010DFF89C07784400F5F3609AF877
:10642000001002F0C1F808B11AF8010B8DF8420013
:106430009DF84200682805D19AF8000068280CD120
:10644000622106E06C2804BF9AF800006C2804D191
:1064500071218DF842100AF1010A12A806901AF86B
:1064600001BBBBF125012CD01C3900F0D081091FE4
:10647000022940F2CC81133900F02385093900F05C
:10648000C681891E00F0B885491E00F06585491E49
:10649000022940F2BC81091F00F05E85491F00F00F
:1064A0002881491E00F00D85491E00F0D080C91ECC
:1064B0000DD0891E00F00585C91E00F0028500F090
:1064C000A6BD25238DF84830012100F0ABBDD9F8D9
:1064D000000050F8044BC9F80000002C059440F06F
:1064E000A3802B994878002800F099804FF0FF3462
:1064F0000FF6843002F064F8201A40F0B78500F0FF
:1065000092BD6D1E40F0A9853096079D12AF75B102
:10651000309E17F8012B02A9304600F073FE0028C8
:1065200001D46D1EF5D10028309640F09F850A9D5C
:106530003020002D8DF804000CDD309E012301AACF
:1065400002A9304600F06EFE002840F08F856D1ED7
:10655000F4D13096059F089D75B1309E17F8012B38
:1065600002A9304600F04EFE002801D46D1EF5D180
:106570000028309640F07A850B9D3020002D8DF854
:1065800004000CDD309E012301AA02A9304600F070
:1065900049FE002840F06A856D1EF4D130960598BA
:1065A0000899099D471875B1309E17F8012B02A96B
:1065B000304600F027FE002801D46D1EF5D10028DA
:1065C000309640F053850C9D3020002D8DF804004E
:1065D0000CDD309E012301AA02A9304600F022FE04
:1065E000002840F043856D1EF4D130969DF84000A0
:1065F00041077FF588AE2020002C8DF804007FF73E
:1066000082AE309D012301AA02A9284600F00AFEAD
:10661000002840F02B85641EF4D1309573E60FF608
:106620006440059000F0FFBC0E9D002D04D520466F
:10663000FDF762FD044607E02A46204601F0E0FF30
:10664000002814BF041B2C46089400F0ECBCD9F8B9
:10665000001051F8040BC9F8001020F000040021CC
:1066600021F0FF3512ABCDE902450593DDE90223A8
:1066700006993C2413B90AB90E9898B102F00F0597
:106680003035641EEEB23A2EA8BF2735120942EA11
:1066900003721B090D5508BF002A03D005980D1978
:1066A000A842EBD308190590C4F13C020E98089259
:1066B00082420ADABDF84010821A4FF6EF700140AC
:1066C0000A92ADF8401000F0AEBC002840F1AB8457
:1066D0009DF8400000F01400102840F0A4840F9BA7
:1066E00007990A985B1A1B1A9A1A002A40F39B848E
:1066F000E5E32B99487820B14FF0FF340FF6543082
:10670000F8E69DF84200622861D0682817D06A2810
:106710003FD06C2806D0712847D074282CD07A2816
:106720001DD064E0D9F8001051F8040BC9F800102E
:10673000002868D14FF0FF340FF63030DAE6D9F890
:10674000001051F8040BC9F8001020B94FF0FF34C5
:106750000FF61830CEE60D99018000F064BCD9F830
:10676000001051F8040BC9F8001000284BD14FF06D
:10677000FF340FF6F820BDE6D9F8001051F8040BED
:10678000C9F8001000283ED14FF0FF340FF6DC208E
:10679000B0E6D9F8001051F8040BC9F8001080B920
:1067A0004FF0FF340FF6C420A4E6D9F8001051F8DA
:1067B000040BC9F8001020B94FF0FF340FF6AC20DD
:1067C00098E60D9AD317C0E9002300F02CBCD9F845
:1067D000001051F8040BC9F8001020B94FF0FF3435
:1067E0000FF6882086E60D99017000F01CBCD9F8E0
:1067F000001051F8040BC9F8001020B94FF0FF3415
:106800000FF6682076E60D99016000F00CBCD9F80F
:106810000020D21D22F00702C9F80020D2E90001B1
:106820000832C9F80020CDE90201C80F02D007984C
:106830002D210AE0BDF84000810702D507982B21E1
:1068400003E0C00705D50798202112AA1154401C67
:106850000790DDE90223079912A8CDE92C2308440B
:106860004BF020016129059021AC0BD00E99002935
:1068700002D506210E9105E001BF4BF020016729EA
:1068800001220E92DDE9022359004915491C0DD160
:106890001A030BD0ABF1610503211A2D089102D226
:1068A0000FF6E41110E00FF6E4110DE05900491560
:1068B000491C0DD11A030BD1ABF1610503211A2D2F
:1068C000089119D30FF6CC110322FDF771F8AAE352
:1068D000DDE90201CDE92E01DDE92E2323F0004799
:1068E000B7F5801F22F000060DD20022002F08BF4E
:1068F000002E009203D116E00FF69411E4E76A46E9
:1069000001F0F6FB0FE0DFF8DC08DFF8DC1800EB45
:1069100017500090DDE92E234FF0FF301940DFF8CB
:10692000CC7810403943CDE902014BF020006128BA
:106930000DD1059830210170821CBBF1610F0592C9
:106940000CBF7821582141700798801C0790DDE921
:10695000020120F0000231F0004308BF002A02D1FA
:106960000026002568E14BF02008B8F1610F40F0E7
:10697000B4800E98002847BF21210191401C01904E
:10698000019FDDE92C017F1C00220023DDE9024587
:1069900001F0E6FB00998DF8842038BF85F00045B2
:1069A000091F002F00910DF1850653DD2046294671
:1069B0000022002301F0ECFB4CD24800400D00F116
:1069C0001C0212D0002A10DD40F2FF739A4206DB4F
:1069D000DFF81C1805F000400143002011E06FF3C0
:1069E0001E5141EA025120460BE024F0000035F030
:1069F000004108BF00280FBF29461C22294601F08C
:106A00002BFE04460D46FDF759FBFF1F002F804665
:106A100009DDFDF771F902460B4620462946FFF7CE
:106A2000E7FB04460D46F01D0721B8F1000F0CDD11
:106A3000491E5EBF08F00F0200F8012D4FEA28182A
:106A4000F3D502E0002200F8012D491EFAD5C61D3B
:106A5000002FABDC0DF18500361A01988642D8BFB5
:106A6000304600280DF1850430D4B04206DA0DF12D
:106A700085010A5C082AA8BF0F2100DA002102461E
:106A800021AB134400E0401E13F80159521E8D4201
:106A9000F9D00F2904D10DF185018B5C5B1C8B545F
:106AA000002A04D50099091D21AC401C0091411E0B
:106AB0000CD46218ABF13A0613783033DDB23A2DBC
:106AC000A8BFF318491E02F80139F5D50E9900291F
:106AD00040F1B080421E0E92ACE00099DFF814271E
:106AE00047F29750414391FBF2F2DDE92C450092C9
:106AF00025F00045D2F1070204DD2046294600F0CA
:106B00004EFB0BE052420020DFF8EC1600F047FB92
:106B100002460B4620462946FDF70AFB0446B8F11B
:106B2000660F0E9806BF009F0A3706273F18142FDE
:106B3000C8BF142730200D468DF884000DF185065E
:106B4000002F39DD2046294601F024FE01460A4681
:106B500006F1080304200A26B2FBF6F606EB860EC1
:106B6000A2EB4E02303203F8012C0A22B6FBF2F2FD
:106B700002EB820EA6EB4E063036401E03F8026D85
:106B8000E9D1083F002F03F10806D9DD0846FDF7DB
:106B9000A5F802460B4620462946FFF729FB0022AE
:106BA000DFF85836FDF7C6F804460D46CAE700BFC1
:106BB000CBCCCC0C9C7700000DF18500361A0DF182
:106BC000850404E00098401E761E0090641C207826
:106BD0003028F7D0B8F1660F02D10099491C04E0C3
:106BE000B8F1650F0CBF012100210E9808188642EC
:106BF000B8BF701E00281DD4B04204DA215C3429CD
:106C0000C8BF392100DC30210246631E9D1800E018
:106C1000401E15F80169521E8E42F9D0392902D161
:106C2000A15C491CA154002A04D50099491C1C46AA
:106C3000401C00910646009D01F0C0FD406A0778A7
:106C4000DDF8388030B2002802DC01260FF24864FB
:106C50004BF02000662808BF6D1C16D0672846D16F
:106C600028B210F1040F48DB404546DA9DF8400099
:106C70006D1C010703D430B24045B8BF804628B22E
:106C8000B8EB000848BF4FF000080FFA85FBBBF1D6
:106C9000000F00F3B5800898411C08913022059937
:106CA0000A54B8F1000F03DC9DF84000010704D539
:106CB0000898411C089105990F5418EB0B0FB8BFA9
:106CC000C8F100052DB268420B90A84432B290453D
:106CD000B8BF4646059B089836B20996324621460B
:106CE0001844FCF765FEA8EB06000C90D2E0BBF15F
:106CF000610F17D14FF0700B19E030B2404504DA44
:106D00009DF840100A0758BF8046B8F1010848BFF7
:106D10004FF00008BBF1670F14BF4FF0450B4FF069
:106D2000650B04E0BBF1410F08BF4FF0500B089812
:106D3000411C0891B8F1000F059914F8012B0A5471
:106D400003DC9DF8400001071AD50898411C089102
:106D5000B8F1000F05990F5412DD761E30B2804550
:106D60000598089BB8BF464632B221461844FCF746
:106D70001FFE089936B271180891A8EB06000B9017
:106D800005980899084429B2002980F800B003D476
:106D90002B224270821C04E02D2242700D46821C80
:106DA0006D4200212CAB28460AE004460A2094FBE1
:106DB000F0F000EB8005A4EB450403F8014B491CFF
:106DC00000B20028F1DC012906DC4BF02000652828
:106DD00004BF302002F8010B00292CAB08D1302071
:106DE00002F8010B06E0491E585C303002F8010B36
:106DF0000029F8DC059908980844121A099249E01C
:106E000030B229B288421CDA0598089B32B221467A
:106E10001844FCF7CDFD089936B27118ABEB0606A5
:106E2000B8F1000F08910B9603DC9DF840000207B3
:106E300004D5059847540999491C0991CDF830802B
:106E400028E00598089B2AB221461844FCF7B0FDBB
:106E50000898761B5844B8F1000F089003DC9DF8A1
:106E600040100A0703D5411C089105990F5430B210
:106E700080450598089BB8BF464632B204EB0B012B
:106E80001844FCF795FD089836B230180890A8EB26
:106E900006000B909DF8400000F01400102840F010
:106EA000C280079A08990B988A18099982180C9839
:106EB0008A1882180F98824280F2B580821A0A924C
:106EC000B1E09DF84200622808D068280ED06A28F8
:106ED00014D06C281FD0712810D01CE0D9F80010F5
:106EE00051F8040BC9F80010C0B21AE0D9F800102C
:106EF00051F8040BC9F8001080B212E0D9F8002054
:106F0000D21D22F00702C9F80020D2E900010832A0
:106F1000C9F8002006E0D9F8001051F8040BC9F8B0
:106F200000100021CDE902019DF8400001075AD56B
:106F3000DDE90223002B08BF002A54D04BF02000CB
:106F4000782850D1079812A930220A54401C431CBB
:106F5000079301F800B046E09DF84200622808D08F
:106F600068280ED06A2814D06C281FD0712810D041
:106F70001CE0D9F8001051F8040BC9F8001040B219
:106F80001AE0D9F8001051F8040BC9F8001000B24B
:106F900012E0D9F80020D21D22F00702C9F8002023
:106FA000D2E900010832C9F8002006E0D9F8001043
:106FB00051F8040BC9F80010C117CDE902010029EE
:106FC00002D507982D210AE0BDF84000810702D5BF
:106FD00007982B2103E0C00705D50798202112AAA6
:106FE0001154401C079012A807990144059102A86A
:106FF000594600F04FF816E001200790D9F800003C
:1070000050F8041BC9F800008DF848100BE025214A
:107010000122BBF1000F8DF84810079203D08DF8C4
:1070200049B0022107910F9A07980A990C9C121AED
:107030000898521A0B99121A0998521A121A9DF8A6
:107040004000141B41073FF560AA2020002C8DF85A
:1070500004007FF75AAA309E2546012301AA02A9FF
:10706000304600F0DFF800283FF44BAA4FF0FF3025
:1070700031B0BDE8F08F00007072696E74665F73A6
:107080003A2062616420257320617267756D656EB8
:10709000740000002DE9FC4307466F293E6908BFD4
:1070A000082405D041F02000782814BF0A241024B9
:1070B0003C25D7E90023642918BF692990469946E1
:1070C00005D1002B03D5D8F1000869EB4909B9F1C6
:1070D000000F08BFB8F1000F0CD1386B50B9082C65
:1070E00039D197F83800010735D530203B2586F88F
:1070F0003B0030E08DF80010404649462246E31739
:10710000FCF7B0FC3032D0B26D1E3A28019504DB9A
:107110009DF80000A0F151018A1872554046494679
:107120002246E317FCF79EFC80465FEA010908BF90
:10713000B8F1000F03D0F86871198842DCD3082C2D
:1071400009D197F83800010705D5705D302802D0C5
:107150006D1E30207055C5F13C02BA617119F9609D
:10716000386B824208DA821A3A624FF6EF70398F32
:1071700001403987BDE8F38300280ED597F8380021
:1071800000F01400102808D17B6B7969386A5B1A0B
:107190001B1A9A1A002AC8BF3A62BDE8F3832DE988
:1071A000D04306460F4614464FF00008DFF85090D3
:1071B00012E0E00707D542464B4630463946FCF719
:1071C000B9FD06460F464046494642464B46FCF747
:1071D000B1FD641080468946002CEAD1304639461C
:1071E000BDE8D08302FCFFFFFFFF0F800000E03FFF
:1071F0000000F07FA08601000000F03F84D7974197
:107200000000244010B503460C461146A06898477C
:10721000A06020B1E06A401CE062002010BD4FF089
:10722000FF3010BDF8B505460E4617461C46002037
:107230005CB117F8011BB068A847B06030B1F06AC4
:10724000401CF0620020641EF3D1F2BD4FF0FF300D
:10725000F2BD00007072696E74665F733A20256E2D
:1072600020646973616C6C6F776564007072696E1D
:1072700074663A2062616420256E20617267756DC4
:10728000656E7400000000006E616E004E414E009D
:10729000696E6600494E4600300080B501F092FAF2
:1072A00000F011F801F0A0FA01F086FBFDF74EF9AD
:1072B00001F0B2FB01F058FCFDF764F9FDF780F92D
:1072C00000F04CFBFEE710B596B04421002205AC5F
:1072D0002000FAF75DF8142100226C462000FAF72E
:1072E00057F84FF4007000F0AFFE002801D000F016
:1072F00033F81820059001200A9001200B900020FF
:107300000C9060200D9002200F9001201090012021
:107310001190282012900720139002201490022030
:10732000159005A8FDF7C0FD002801D000F014F865
:107330000F20009003200190002002900020039075
:107340000020049004216846FEF7F2F8002801D0DE
:1073500000F002F816B010BD72B6FEE710B5044694
:1073600010460A4601462046FAF712F8204610BD9C
:107370002DE9F84F05005FF0000800272868000598
:1073800027D5686C00280DD0B0F5000F03D0B0F5FC
:10739000400F0DD00DE0DFF82403016851F4803177
:1073A000016008E00021281D00F092F9804602E00B
:1073B00001E0012080464046C0B2002808D1DFF835
:1073C0000C130A6832F44002686C02430A6000E061
:1073D0004746286880037AD55FF00009DFF8E0A20D
:1073E000DAF80000C0000DD4DAF8000050F0805048
:1073F000CAF80000DAF8000010F080500090009801
:1074000001208146DFF8BCB2DBF8000050F4807048
:10741000CBF80000FCF720FB0600DBF80000C005FD
:1074200006D4FCF719FB801B0328F6D30320804603
:107430004046C0B200283FD1DFF88CB2DBF8000034
:1074400010F440700400002C15D0E86D844212D076
:10745000DBF8000030F440700400DBF8000050F46A
:107460008030CBF80000DBF8000030F48030CBF83F
:107470000000CBF80040E0070FD5FCF7EDFA06005E
:10748000DBF80000800708D4FCF7E6FA801B41F225
:1074900089318842F4D3032080464046C0B2002898
:1074A00008D1DBF8001031F44071E86D0143CBF8EE
:1074B000001002E0474600E047464846C0B20128B7
:1074C00005D1DAF8000030F08050CAF800002878C2
:1074D000C00707D5DFF8F4110A6892089200286AFD
:1074E00002430A602878800707D5DFF8E0110A68B0
:1074F00032F00C02686A02430A602878400707D518
:10750000DFF8C8110A6832F03002A86A02430A6044
:107510002878800607D5DFF8B4110A6832F4406293
:10752000E86A02430A602868800507D5DFF89C11E5
:107530000A6832F44022E86B02430A60286840057A
:1075400007D5DFF888110A6832F44012286C02432C
:107550000A602878400607D5DFF870110A6832F40F
:107560004052286B02430A602878000607D5DFF8EE
:107570005C110A6832F44042686B02430A60286872
:10758000C00507D5DFF844110A6832F44032A86B11
:1075900002430A602868800420D5DFF830110A68A9
:1075A00032F04062A86C02430A60A86CB0F1006F30
:1075B00006D1DFF80801016851F4801101600DE087
:1075C000A86CB0F1806F09D10121281D00F080F86E
:1075D00080464046C0B2002800D0474628680003D5
:1075E00020D5DFF8E8100A6832F04062E86C024308
:1075F0000A60E86CB0F1006F06D1DFF8C0000168E6
:1076000051F4801101600DE0E86CB0F1806F09D198
:107610000121281D00F05CF880464046C0B20028D9
:1076200000D047462868400320D5DFF8A0100A683C
:1076300032F04062286D02430A60286DB0F1006F9D
:1076400006D1DFF87800016851F4801101600DE087
:10765000286DB0F1806F09D10121281D00F038F8A4
:1076600080464046C0B2002800D047462868400403
:1076700015D5DFF858100A6832F04052686D0243A1
:107680000A60686DB0F1805F09D10221281D00F009
:107690001FF880464046C0B2002800D04746286800
:1076A000000407D5DFF824100A6832F08042A86D84
:1076B00002430A603800C0B2BDE8F28F0C100240ED
:1076C00058100240007000409010024088100240A4
:1076D0002DE9F04105000C0000275949086810F019
:1076E000030F12D0086810F003002A68904209D1F5
:1076F0002868002806D00868C0F30210401C69689A
:10770000884232D0012007002FE02868012804D0E9
:107710001BD303280FD007D317E04A48006880071F
:1077200001D40120070012E046480068400501D45A
:10773000012007000BE043480268920304D400686C
:10774000400301D40120070001E0012007003800B8
:10775000C0B2002809D10A6832F0730228680243D7
:107760006868401E52EA00120A603800C0B2002861
:1077700061D1DFF8D080D8F8000030F08060C8F820
:107780000000FCF769F90600D8F80000000106D5F2
:10779000FCF762F9801B0328F6D3032007003800AA
:1077A000C0B2002847D1002C0BD127490A682748CE
:1077B0000240A86852EA0022E86852EAC0620A6001
:1077C0001CE0012C0DD120490A6821480240A8681C
:1077D00052EA002228694008401E52EA40520A60DC
:1077E0000CE019490A681B480240A86852EA0022C6
:1077F00068694008401E52EA40620A60D8F80000FA
:1078000050F08060C8F80000FCF726F90600D8F8B0
:107810000000000106D4FCF71FF9801B0328F6D3F3
:10782000032007003800C0B2002804D106490A68C6
:10783000A86902430A603800C0B2BDE8F0810000C8
:107840000C1002400010024010100240FF80FF07A1
:10785000FF809FFFFF80FFF910B5040001F0CBFA15
:10786000012010BD38B50400DFF874140878002832
:107870000ED101200870DFF86C048088DFF86814EE
:1078800008802100C9B2DFF86404F9F7C3FD22E0E3
:10789000DFF85404DFF84C54AA8803889A4212D1C6
:1078A00000200870AA8829680220FAF7BFFB99A176
:1078B0000220FAF7D1FB0121280001F041FB28004A
:1078C000FAF796FB07E0A98801802100C9B2DFF82A
:1078D0001C04F9F79FFD012032BD10B50400FDF72F
:1078E0006EFA012010BD10B50400DFF80414032067
:1078F000FAF7C0FB0421DFF8F403F9F78BFD012050
:1079000010BD0100012070470100012070470100F7
:107910000120704780B501F08BF901F0FFFB01BD3C
:107920001CB500F048F801F075FC01F0D3FCF9F744
:1079300065FCDFF8C043002000900FF245130022E1
:107940005FF0FF31200001F07DF9DFF8AC1320007B
:1079500001F034FA200001F09BF913BDF8B50024C2
:10796000FFF7D8FFFFF7DCFFDFF890130320FAF7EB
:1079700073FBDFF88C130320FAF76EFBDFF8841338
:107980000320FAF769FB00F095F8012803D14FF4C2
:10799000FA60FAF7F3FB002500F01DF806002E430D
:1079A00001F043FC07003743F9F74EFC384304006D
:1079B00001F0DCFCEFE780B500F098F800F09AF8F1
:1079C0000FF2B100DFF8401308600FF2D100DFF8CA
:1079D0003C13086001BD70B500200024002528007C
:1079E000C0B207283ADAC14E2800C0B200013044C4
:1079F0004078012830D12800C0B2042801D00120ED
:107A000004002800C0B200013044406800280ED0B5
:107A1000FCF722F82900C9B2090131444968401A2B
:107A20002900C9B2090131448968884214D3002071
:107A30002900C9B2090131444870FCF70DF829004A
:107A4000C9B20901314448602800C0B22900C9B256
:107A500009013144C96888476D1CC0E7A34A92F800
:107A60004100002803D104211000F9F7D3FC2000C5
:107A7000C0B270BD80B500219C48F9F7BCFC01BDC7
:107A800010B50400A2490320FAF7E6FA0521974849
:107A9000F9F7B1FC00F001F810BD704738B50400EB
:107AA0000D004FF47A732A0092B221009948FAF738
:107AB000F0FB31BD38B500250024FDF785FE01003F
:107AC000880110D4C8000ED488000CD448000AD411
:107AD000002908D4480102D50120040003E0080170
:107AE00001D5012004002000C0B232BD80B5FCF7F2
:107AF0002DFD01BD80B5012287498648FAF72FFC8C
:107B0000002201214620FCF7E6FC4620FCF7F8FCA9
:107B100001BD00000D0A000070472DE9F04104008E
:107B2000002500217D4A16887D4FF869002823D161
:107B30006C48828812FA84F2B2F5966F01D3002263
:107B400082805FF000084146220089B292B29142E1
:107B50000ED2016882881144424692B2714BC446EB
:107B60001FFA8CFC13F80C308B5418F10108EAE76B
:107B700081886118818077E03000230080B29BB259
:107B8000984229D2A01B05005648838813FA85F332
:107B9000B3F5966F01D3002383805FF00008414660
:107BA0002B0089B29BB2994212D201688388194492
:107BB00043469BB2DFF86CC1C6461FFA8EFE1EFA22
:107BC00086FE1CF80EC001F803C018F10108E6E7B4
:107BD00081886918818046E0D6F164000500414B38
:107BE000988810FA84F010FA85F0B0F5966F01D3FA
:107BF0000020988000200100AC4689B21FFA8CFC5E
:107C0000614513D21968B3F804C0614484461FFA71
:107C10008CFCDFF810E180461FFA88F818FA86F825
:107C20001EF808E001F80CE0401CE4E75FF00008F3
:107C30004046210080B289B2884210D218689988E3
:107C40000844414689B2DFF8DCC0C6461FFA8EFE02
:107C50001CF80EC000F801C018F10108E8E7998887
:107C60002819411899801480F86900280AD16422E3
:107C70002C492848FDF7DEF83868006830F0040029
:107C80003968086001211948F9F7B5FBBDE8F081B2
:107C90000100254801600020704780B52348016835
:107CA00051F480410160016831F48041016019485C
:107CB000FCF7B6FD002002BD38B504000D00134AE4
:107CC0001068002804D0290089B22000126890476B
:107CD0000020154909688847002032BD00000000D7
:107CE0006F2600206004002062260020E8030020A8
:107CF00054DD0008CC25002080A9030070DC0008BA
:107D0000E4DC000800DD00084426002054260020A2
:107D10001CDD0008801E00206E260020602600204A
:107D2000C0230020FC22002030260020401002400A
:107D300080B5012217491848FAF711FB00220121EA
:107D40002520FCF7C8FB2520FCF7DAFB01BD7047B6
:107D500038B504000D480F490A78036885885A55DC
:107D60008288521C8280828840F2FF139A4201D39B
:107D70000022828001220848FAF7F1FA0120044922
:107D8000087002210548F9F745FB31BD0C0A0020B7
:107D90007926002078260020081F002000050020FA
:107DA0002DE9F84785B005000E0014001F000020E3
:107DB000ADF802005FF0000ADFF80C22107AA8424A
:107DC00002D27FF0040055E0D0683040B04202D0CB
:107DD0007FF005004EE05068002806D0002C04D04B
:107DE0000DF1020101A8526890470DF13808434691
:107DF0003A004FF40071DFF8DC0102F06EF88146C2
:107E000000F0CFF86946BDF8020010EB090080B21F
:107E100000F076F810F1010F28D05FF0000A50460C
:107E2000BDF8021080B2884210D201A8514689B232
:107E3000405CDFF89811BDF800208854BDF80000C0
:107E4000401CADF800001AF1010AE8E743463A0089
:107E50004FF40071DFF87401BDF800C0604402F017
:107E60003CF800F0A3F800F008F803E000F09EF8FA
:107E70007FF0020006B0BDE8F08770B50024002551
:107E800000F099F8002837D100F08BF84E4E308A78
:107E9000718A88422ED0B07801280ED13188308A7C
:107EA000091AB1820220B07000203080B08A002808
:107EB00003D10020B07000203082B07800280CD1AF
:107EC000308A718A884204D2718A308A091AB18252
:107ED00003E0308AD0F58060B0823C48318A0844A3
:107EE000050000F079F8B18A2800394A9268904775
:107EF000040001E000F05AF8200040B270BD00001C
:107F000070B402005FF0FF302F4B5C8A1D8AAC42D8
:107F100016D15C8AD4F5806415002600ADB2B6B2E5
:107F2000B5422BD315001E8AADB2B54226D201252B
:107F30009D705D8A1D801D8A2C0000255D821DE0DC
:107F40001C8A5D8AAC4216D25C8AD4F58064150026
:107F50002600ADB2B6B2B54210D315001E8AADB23E
:107F6000B5420BD201259D705D8A1D801D8A2C00B3
:107F700000255D8202E01D8A5C8A2C1B150026000C
:107F8000ADB2B6B2B54209D25D8A0D805D8A15FAEE
:107F900082F5AD05AD0D5D820023180000B270BC06
:107FA00070470948C18A491CC18270470648C18A86
:107FB000491EC18270470448C08A002801D10020B0
:107FC00000E0012070470000B42500200C130020C1
:107FD00004E100080C1700207047000038B50400C9
:107FE00000251349087800281DD04FF47A700978CD
:107FF000B0FBF1F00F490968B1FBF0F0FCF78EFA25
:1080000000280DD1102C08D2002221005FF0FF3093
:10801000FCF761FA0848046007E00120050004E06D
:108020000120050001E0012005002800C0B232BD9A
:10803000570A0020E4030020C0030020DFF880007E
:10804000006810F4C06070470200B2F5007F26D1CE
:10805000DFF86C00036813F4C063B3F5007F2CD025
:10806000036833F4C06353F400730360DFF8540013
:10807000036832204343DFF85000B3FBF0F0401CAC
:108080000100DFF8480003685B0503D5002901D033
:10809000491EF6E7006840050FD503200EE0DFF823
:1080A0002000036813F4C063B3F5806F05D0036844
:1080B00033F4C06353F48063036000207047000012
:1080C00000700040E403002040420F0014700040A4
:1080D00090420CD141EA030C50EA4C0C07D0994273
:1080E00005D14FF4001C1CEB410F38BF894270478B
:1080F00010B5144600F002F8226010BDC1F30A5317
:1081000043B14A0012F5001F28D2A3F2FE32A1EBC0
:108110000251704750EA410C20D001F0004C31EA86
:108120000C01B1FA81F204BFB0FA80F3D2180B3A15
:10813000B2F120032CBF00FA03F1914041EA0C0197
:108140003EBFC2F1200C20FA0CF31943904052427A
:1081500040F2FD33D21A01EB035170470022704701
:108160004FF4001C1CEB410F94BF1CEB430F09E0C4
:1081700041EA030C50EA4C0C52EA0C0C03D299422F
:1081800008BF9042704714BF8B4282427047000084
:108190004FF4001C1CEB410F94BF1CEB430F09E094
:1081A00041EA030C50EA4C0C52EA0C0C03D28B420D
:1081B00008BF8242704714BF994290427047000046
:1081C000F8B52DED0A8B41EC1A0B48004015109DB7
:1081D000401C43EC182B23D051EC1A0B31F000411A
:1081E00008BF00281CD051EC180B48004015401C5B
:1081F00016D051EC180B31F0004108BF00280FD009
:1082000051EC1A0B0022DFF84833FFF7A9FF80F08A
:10821000A38055EC184B9FED800B05F00042ACE0BD
:1082200051EC1A0B48004015401C02D1090340F0E4
:10823000898151EC180B48004015401C01D10903FD
:1082400053D151EC180B31F0004308BF002A08D17C
:1082500051EC1A0B48004015401C46D1090344D18B
:108260000DE048004015401C12D1090310D151EC1B
:108270001A0B48004015401C37D1090335D1AFF324
:108280000080BDEC0A8B4FF0FF306FF00041F4BD71
:1082900051EC1A0B31F0004108BF002828D151ECF5
:1082A000180B4800400D05EB000234D151EC180BBF
:1082B00031F0004108BF002806D02A4651EC180BC7
:1082C00000F0CAF941EC180B51EC180B20F0000239
:1082D00031F0004308BF002A05D048004015401C7B
:1082E00003D1090301D1AFF3008051EC180B2BE14E
:1082F00051EC1A0B48004015401C26D1090324D12B
:1083000053EC1A2B51EC180BBDEC0A8B01B0BDE8F5
:10831000F040FBF70FBD002AC8DD40F2FF7082423B
:1083200009DB9FED9F0B53EC102B01F000410B4339
:1083300043EC182BC8E76FF31E5141EA025155EC8C
:10834000184B0D4645EC184BBEE755EC184B9FED0E
:10835000320B05F0004210E001227E4BFFF718FFC0
:1083600011D89FED8F0B51EC100B55EC184BAFF360
:10837000008005F0004040EA010251EC100BBDEC1A
:108380000A8B1146F4BD53EC1A2B73487349FBF763
:10839000D1FC41EC100B53EC102B9FED719B03F0C3
:1083A000004251EC190B0C46144353EC192B51ECC1
:1083B000100B2346FBF790FDFBF780FE0446FBF70E
:1083C0009BFC41EC1B0B53EC1B2B4FF07840664998
:1083D000FBF7B0FC02460B4651EC1A0BFDF708FF09
:1083E00006460F4653EC1B2B60486149FBF7A2FC85
:1083F00002460B4630463946FDF7FAFE41EC1A0BB1
:1084000021F0004100225B4BFFF7AAFE08D2B0EE3C
:1084100048AAF0EE68AA55E0000000000000000045
:1084200053EC1A2B51EC1A0BFBF784FC41EC1B0BA1
:1084300053EC1B2B50485149FBF77CFC504A514BE5
:10844000FBF74AFD53EC1B2BFBF774FC41EC1C0BB8
:1084500053EC1B2B4C484D49FBF76CFC4C4A4D4BE5
:10846000FBF73AFD53EC1B2BFBF764FC53EC192B89
:10847000FBF732FD53EC1A2BFBF75CFC41EC190BBC
:1084800053EC1C2BFBF728FD9FED43AB53EC1A2B51
:10849000FBF722FD06460F4651EC1C0B53EC192B43
:1084A000FDF7A6FE53EC1A2BFBF716FD02460B4612
:1084B00030463946FBF73CFE53EC182BFBF73AFCF1
:1084C00041EC1A0B51EC1A0B2A194800400D02EB33
:1084D000000319D0002B17DD40F2FF70834209DB47
:1084E0009FED2F0B53EC102B01F000410B4343EC9D
:1084F0001A2B16E06FF31E5141EA035155EC1A4B4B
:108500000D4645EC1A4B0CE051EC1A0B31F00041D2
:1085100008BF002805D051EC1A0B00F09DF841EC83
:108520001A0B51EC1A0B20F0000231F0004308BF87
:10853000002A05D048004015401C03D1090301D191
:10854000AFF3008051EC1A0BBDEC0A8BF4BD0000B8
:1085500000C89CC000C89C40FE822B654715F73FB1
:10856000000000000000E03F422EE63FF2E4D5BCF0
:10857000E7E84B3E0000903C112E5781A03F503F52
:108580005843128C8F71BC3F4BE8A541B752013F55
:108590000BBDF3DAE8708C3F000000000000F03FF4
:1085A000000000000000F07FC9B202788A421AB1D0
:1085B0001CBF10F8012FF9E718BF0020704700001A
:1085C00080B500B906A005490B681BB12222002125
:1085D000984701E001F072FD222002BD58260020DC
:1085E000636F6E73747261696E742068616E646C1F
:1085F00065723A20626164206D657373616765001E
:10860000C9B2830706D0521E22D310F8013B99420B
:10861000F7D11FE0083A13D302F1040241EA012125
:1086200041EA014150F8043B121F21BF4B40A3F126
:10863000013C2CEA030C1CF0803FF3D0C9B2001FB0
:10864000083210F8013B521E28BF91EA030FF8D8F8
:1086500018BF0120401E7047124254D440F2FF7CE4
:108660001CEA11530FD0634531D09B1863453CBFC2
:1086700001EB0251704701F0004141EA0C5100202A
:10868000AFF30080704750EA410320D001F0004C66
:1086900091EA0C011CD0B1FA81F30B3B9A420DD93F
:1086A000D21A994051EA0C01C3F1200C20FA0CFCBB
:1086B00061449840531C40F2FF7CD7E7914041EA67
:1086C0000C01C2F1200C20FA0CF3194390407047C2
:1086D000B0FA80F31533202BE0D3202AEED3203AD2
:1086E000203B9A4209D9D21A00FA03F141EA0C015F
:1086F0000020531C40F2FF7CB8E700FA02F141EA87
:108700000C0100207047524240F2FF7C1CEA1153DA
:108710000DD06345DBD0B2EB030C3CBFA1EB0251A3
:1087200070470CF1010221EA035141F4801150EA33
:10873000410CCCD001F0004C352A27DC30B481EA62
:108740000C01B2F1200309DAC2F12003044601FA58
:1087500003F5D0402843D1409C400CE0C3F12002F7
:10876000450020FA03F418BF44F0010421FA03F095
:1087700091400C43002174F1004550F1000051EB91
:108780000C01244230BC7FF47BAF7047614600206F
:1087900076E70000400D491840EA81200CD2490DCF
:1087A000A1F58061491C40F0004005DBD1F11F01BB
:1087B00054BFC840C017704700207047004870473A
:1087C0001C0A002010B500240320FBF77EFE0F20BA
:1087D000FFF704FC002802D00120040001E001F0B2
:1087E00071FC2000C0B210BD70B586B0142200210B
:1087F0006846FEF7B3FD6B48016851F00401016063
:10880000016811F0040105910599016851F080019A
:108810000160016811F0800105910599016851F02E
:1088200001010160016811F00101059105990168DC
:1088300051F002010160016811F0020105910599F2
:10884000016851F008010160006810F0080005900F
:108850000598554C002243F2C1312000F9F759F92F
:1088600000224FF4F8515FF09040F9F752F94F4D64
:10887000002204212800F9F74CF94D4E002238213E
:108880003000F9F746F942F2C13000900120019022
:10889000002002900020039069462000F8F79AFF1C
:1088A0004CF21E00009003200190002002906946C7
:1088B0002000F8F78FFF0B2000900320019000208C
:1088C000029069463B48F8F785FF48F2FF000090A8
:1088D000032001900020029069465FF09040F8F775
:1088E00079FF20200090002001900120029069462D
:1088F0002000F8F76FFF0720009000200190012072
:10890000029069463000F8F765FF4FF4A6400090EA
:10891000032001900020029069463000F8F75AFFCA
:108920004FF4F850009001200190002002900020A8
:10893000039069465FF09040F8F74CFF4FF4805089
:1089400000900120019000200290032003906946CE
:108950002000F8F73FFF0420009001200190002044
:1089600002900020039069462800F8F733FF182092
:1089700000900120019000200290002003906946A1
:108980003000F8F727FF2020009001200190002000
:1089900002900320039069463000F8F71BFF06B0F1
:1089A00070BD00BF4C10024000080048000C004899
:1089B00000040048001C004880B51648016851F0CA
:1089C00002010160016811F0020100910099016843
:1089D00051F001010160006810F001000090009862
:1089E000002200210D20FBF776FD0D20FBF788FD0E
:1089F000002200210F20FBF76EFD0F20FBF780FD0A
:108A0000002200214520FBF766FD4520FBF778FD9D
:108A100001BD00BF4810024018B591B014220021DA
:108A200001A8FEF79BFC042200216846FEF796FC95
:108A30002C22002106A8FEF791FC484C48482060F3
:108A4000002060607F20A060FF20E06000202061A7
:108A5000002060610020A0610020E061200001F0A2
:108A60004DFB002801D0FEF777FC00208DF80400B4
:108A700000208DF8050000208DF8060000200490ED
:108A800000200590012201A9200001F09CFB002894
:108A900001D0FEF761FC01208DF8000001208DF867
:108AA000010001208DF8020000208DF80300012252
:108AB0006946200001F035FC002801D0FEF74CFC8F
:108AC00000208DF8180000208DF8190000208DF886
:108AD0001A00002007900020099000200A90002032
:108AE0000B9000200D9000200E9001208DF83C008E
:108AF0004FF480701090012206A9200001F0A0FC24
:108B0000002801D0FEF728FC12B010BD10B598B0B7
:108B10000400602200216846FEF720FC206810490E
:108B2000884219D15FF4003000904FF40070179024
:108B30006846FEF71DFC002801D0FEF70DFC094831
:108B4000016851F400410160002200212920FBF757
:108B5000C2FC2920FBF7D4FC18B010BD3C25002036
:108B6000002800409010024080B52C482C4901603C
:108B70004FF482714160002181604FF4E061C16077
:108B800000210161002141614FF4007181610021E8
:108B9000C16100210162002141620021816207213F
:108BA000C162002101630821416301F06FFE0028CA
:108BB00001D0FEF7D1FB01BD10B586B00400142230
:108BC000002101A8FEF7CAFB20681549884222D17E
:108BD0001448016851F480410160006810F480403D
:108BE000009000981048016851F00201016000688F
:108BF00010F00200009000984FF4204001900220F5
:108C0000029000200390032004900520059001A904
:108C10000648F8F7DFFD06B010BD000098220020DE
:108C200000380040581002404C1002400004004838
:108C300080B50020DFF800130860DFF8000300684B
:108C4000804702BD2DE9F04104000D0016001F0011
:108C5000DDF81880002C18D03800002815D000202E
:108C600020602800DFF8D412496A8847606000203D
:108C70002072002060720020A072E760C4F81080AB
:108C8000E67200206061002000E00120BDE8F08174
:108C90002DE9F04704005FF00008002C3BD02000D5
:108CA00000F002F9002836D1607A002833D16068DC
:108CB0000700DFF88892D9F8200080470600B74205
:108CC00000D237002760002020720120607200204F
:108CD000A072DFF864A2DAF80000002806D1D9F803
:108CE00010008047200000F019F916E0D9F81800AC
:108CF000804705002068281820602068DAF80010F6
:108D00000968884203D2200000F008F905E020003D
:108D100000F0EDF801E0012080464046C0B2BDE819
:108D2000F0872DE9F04105000026002D40D0DFF846
:108D30000882D8F80070D8F800400120A872D8F84E
:108D40000000002836D000206872D8F80000A84241
:108D50001AD10020D8F800100872D8F80000406935
:108D6000002809D0D8F800004069C8F80000D8F8F9
:108D7000000000F0A6F818E0DFF8C001C0688047E6
:108D80000020C8F8000010E0002C0ED0AC4209D141
:108D90006069002802D064697C6102E00020040060
:108DA0007C6102E027006469EEE70020060001E034
:108DB000012006003000C0B2BDE8F08170B50400AB
:108DC0000D000026002C02D10120060010E0280032
:108DD0005A49496A88476060200000F065F8002819
:108DE00006D02000FFF79DFF2000FFF751FF06008F
:108DF0003000C0B270BD2DE9F843504D686980471E
:108E00000600286980470700B7EB0608DFF82891BD
:108E1000D9F8000000280FD0D9F80000040020681D
:108E2000804504D22068B0EB0800206001E00020FB
:108E300020606469002CF2D1D9F80000002824D009
:108E4000D9F800000068002806D0A8698047D9F842
:108E500000100968814218D2D9F800000400D9F83E
:108E600000004069C9F800000020207200206072F4
:108E70002069E1688847E07A0128DDD1A07A0028DE
:108E8000DAD12000FFF704FFD6E7D9F80000002868
:108E900008D0D9F80000007A002803D1D9F80000E2
:108EA00000F00FF8BDE8F1830200234801680029B3
:108EB00005D0914201D1012002E04969F7E7002085
:108EC000704770B504001D4D286A804706000120D8
:108ED0002072A869804721683018814203D2A869AE
:108EE0008047301820602068A968884770BD10B49A
:108EF00011490A6809684B695169002909D0196844
:108F00000468A14202D21A005B69F5E7506143612F
:108F100002E050610021416110BC704738B5050086
:108F200005480468002C01D0002121726C610560A5
:108F30000068FFF7C6FF31BD4826002088DB000827
:108F40002DE9FC4704000D005FF0FF3600226E4B58
:108F5000D3E90001CDE900015FF000094846A1888E
:108F600080B2884224D22068494689B2405C3D28BC
:108F700005D02068494689B2405C3F2800D117E0FF
:108F80002068494689B2405C41280EDB206849468A
:108F900089B2405C5B2808DA2068494689B2405CA7
:108FA000203021684A4692B2885419F10109D5E768
:108FB00000273800C0B2412880F2A280DFF84C813F
:108FC00021003800C0B200014044083001F0F3FE37
:108FD0000600002E00F192803800C0B2000140442B
:108FE0004068002800F08A803800C0B20001404488
:108FF0004068002808D14FF47A73A28821004448C1
:10900000F9F747F901207CE0DFF808A15046F8F7AE
:10901000EFFF0020010089B2A288921B914223DA5F
:1090200021683144020092B2895C3F290AD021684C
:109030003144020092B2895C3D2903D0BAF8041091
:10904000802900DB10E021683144020092B2895C83
:10905000DAF80020BAF80430D154BAF80410491CE8
:10906000AAF80410401CD5E73900C9B209014144EF
:10907000898916FA81F6B1464846A18880B28842AD
:1090800026D22068494689B2405C0D280CD148465A
:1090900080B2A188491E884206DA2068494689B212
:1090A000084440780A2813D0BDF8040080280CD268
:1090B0002068494689B2405C0099BDF80420885474
:1090C000BDF80400401CADF8040019F10109D3E714
:1090D000114805702800C0B2401E012802D9801E28
:1090E00009D009E0002168463A00D2B21201424498
:1090F0005268904700E0FFE7012002E07F1C58E73C
:109100000020BDE8F68700BF38E30008F405002022
:10911000801E0020EC0500207526002010B586B0CA
:10912000DFF84840002201A9200001F0C7F8002222
:109130006946200001F05BF9DFF834009DF8061065
:1091400081709DF8051041709DF8041001709DF824
:109150000010C1709DF8021001719DF8011041715D
:109160009DF80310817106B010BD00003C25002061
:109170000C26002010B50400012210214C48F8F7FD
:10918000C8FC012010BD70B504004A4D4A4E30782D
:109190006978884207D04948697850F8210000F082
:1091A0001AF8687830702100C9B24548F8F732F9EA
:1091B000012070BD10B504004248C078012802D1DA
:1091C0004148FAF71FFA4048F8F712FF012010BD96
:1091D00001000120704710B504003C483C49016083
:1091E0004460002181600021C160002101610C21E7
:1091F0004161002181610021C161002101620021E2
:109200004162F9F709F8002801D0FEF7A5F8FEF74A
:109210008FFD10BD80B5FAF7DDF92848254949785A
:1092200050F82100FFF7D7FF01BD70B500200024E2
:1092300000252800C0B2042836DA214E2800C0B22A
:1092400000013044407801282CD10120040028007E
:10925000C0B200013044406800280ED0FAF7FCFB91
:109260002900C9B2090131444968401A2900C9B22C
:10927000090131448968884214D300202900C9B209
:10928000090131444870FAF7E7FB2900C9B2090126
:10929000314448602800C0B22900C9B209013144F4
:1092A000C96888476D1CC4E72000C0B270BD0000CB
:1092B00000040048540A002070260020CC0400203E
:1092C00000050020382600200C0A0020081F00207E
:1092D0000038014080B500224FF40071DFF80C0A1D
:1092E000F8F717FC00224FF400715FF09040F8F798
:1092F00010FC01F053FEDFF8F809DFF8F8194A1CFA
:10930000C0F828210A1DC0F8402111F110020262A4
:1093100011F11402826311F10802C0F87021DFF824
:10932000D82912F12403C0F8883112F11C03C0F8C7
:10933000A031937F80F8BD3112F12003C0F8D03105
:1093400092F8222080F8ED2111F11802C0F81822BD
:109350001C31C0F83012DFF8A4190968C0F878127F
:10936000DFF89C190968C0F8A81201BD38B50020C3
:1093700000242000C0B2072835DADFF88859200021
:10938000C0B200012844407801282AD12000C0B290
:1093900000012844406800280ED0FAF75DFB210048
:1093A000C9B2090129444968401A2100C9B209011A
:1093B00029448968884214D300202100C9B20901D8
:1093C00029444870FAF748FB2100C9B20901294431
:1093D00048602000C0B22100C9B209012944C9680F
:1093E0008847641CC5E7002032BD38B50400DFF8AB
:1093F0001859687800281FD100224FF40071DFF857
:10940000EC08F8F786FB00224FF400715FF0904003
:10941000F8F77FFB01F0C2FD89200090202307228E
:109420000521DFF8E80801F009FE0120687002213B
:10943000DFF8D008F7F7DFFF012032BD7CB504006C
:10944000DFF8CC582878002803D0022823D003D393
:109450003DE001F03BFF3AE001F09AFF89200090E7
:10946000202307220521DFF8A40801F0E7FDDFF83B
:10947000A42803212C2001F0FBFEDFF89C28042106
:10948000082001F0F5FE01F0F2FF41F28830DFF82C
:10949000741888611BE00120DFF86C18487089207F
:1094A0000090202307220521DFF8600801F0C6FDA7
:1094B000DFF8506802213000F7F79DFF03213000EC
:1094C000F7F799FF04213000F7F795FFFFE72878B9
:1094D000401C28702100C9B2DFF82808F7F79AFF6E
:1094E000012076BD70B5040000F0C0F8DFF8185810
:1094F0006878012803D1A87800F023FB04E000215C
:10950000DFF80008F7F777FFDFF81008A97802788E
:10951000914207D0A9780170DFF804080068DFF8ED
:1095200004180860A878082812D1DFF8F8674FF40B
:10953000FA613068F8F714FD012809D1DFF8E00777
:1095400000683060062215F10801A81CF8F7B0FD8C
:109550002100C9B2DFF8AC07F7F75CFF012070BD4E
:1095600010B50400DFF8C017DFF8C0070069F8F78E
:10957000F7FC012827D1DFF8B8070178012905D1C8
:10958000002101700020DFF880178870DFF8A40741
:109590000188491C018042F21071DFF8682723001E
:1095A000DBB21B011A449268B1FBF2F102888A42D5
:1095B0000DD300210180DFF850178878002806D0ED
:1095C0000020887003E00120DFF864170870210094
:1095D000C9B2DFF83007F7F71DFF012010BD38B51D
:1095E000040001F0B7FFDFF84457287A01280BD1B7
:1095F0000521DFF81007F7F7FEFEDFF82407006803
:109600002861322000F01FF82100C9B2DFF8F4060B
:10961000F7F700FF012032BD10B5040001F080FF14
:10962000DFF808070021017000210172012010BD40
:1096300010B5040000224FF40051DFF8B006F8F72F
:1096400068FA012010BD10B5040001224FF400514A
:10965000DFF89806F8F75DFADFF8A806210089B26E
:1096600081660621F7F7D6FE10BD0000DFF88406FC
:10967000DFF8C4160A784270DFF8C026497852F83D
:10968000211041609FED1A0ADFF86C16D1ED010A36
:1096900060EE800AFDEEE00AC0ED020AD1ED020A9A
:1096A00060EE800AFDEEE00AC0ED030AD1ED030A88
:1096B00060EE800AFDEEE00AC0ED040AD1ED040A76
:1096C00060EE800AFDEEE00AC0ED050AD1ED050A64
:1096D00060EE800AFDEEE00AC0ED060AD1ED060A52
:1096E00020EE800ABDEEC00A80ED070A7047000038
:1096F0000000C8422DE9F84F8AB006002021002260
:1097000002AC2000F7F744FE0024002500208DF86D
:10971000050000208DF806001827DFF8D4853000FA
:10972000C0B27843404490F815903000C0B27843FE
:1097300040444068002842D001213000C0B200F00F
:10974000A9F900280ED13000C0B2784340444268E5
:109750003000C0B278434044017D4846C0B201F0B9
:1097600087FD1EE05FF0000A3000C0B2784340443D
:109770004068FAF7C1FC5146C9B2814207D22020A5
:1097800002A95246D2B288541AF1010AECE702AAA1
:109790003000C0B278434044017D4846C0B201F079
:1097A00067FD3000C0B2784340444068FAF7A4FC3B
:1097B000DFF88C150979491C484310FA89F9300003
:1097C000C0B2784340448068002800F03A813000FD
:1097D000C0B278434044007B00280BD002281ED042
:1097E00012D3042830D024D3062845D036D30728F6
:1097F0003ED044E03000C0B27843404480680078F6
:10980000002104000D003AE03000C0B2784340442B
:10981000806890F90000C11704000D002FE03000AF
:10982000C0B27843404480680088002104000D00E5
:1098300025E03000C0B2784340448068B0F90000B1
:10984000C11704000D001AE03000C0B27843404454
:1098500080680068002104000D0010E03000C0B2F4
:109860007843404480680068C11704000D0006E09A
:1098700001208DF8050002E002208DF805009DF81A
:10988000050000280CD13000C0B278434044407B32
:1098900040420200D2B202A92000F8F779FB26E08C
:1098A0009DF8050001281AD13000C0B27843404429
:1098B0008068FAF721FC202819D23000C0B2784322
:1098C00040448068FAF718FC020092B23000C0B23F
:1098D00078434044816802A8F8F7EAFB07E03000CB
:1098E000C0B278434044806800788DF808000221B7
:1098F0003000C0B200F0CEF8012823D13000C0B251
:1099000078434044807DC0B200098DF806009DF880
:1099100006000F2805D0202002A99DF806208854B3
:1099200010E05FF0000A02A8FAF7E6FB5146C9B260
:10993000814207D2202002A95246D2B288541AF19D
:10994000010AF0E73000C0B201285ED15FF0000AE2
:1099500000208DF804003000C0B278434044407BC2
:10996000002802D009208DF80400392000902E2311
:1099700015220F21DFF8CC0302F02EFD02A8FAF722
:10998000BBFB8346DFF8B8030079401C00FB0BFBF0
:109990005846C0B2022190FBF1F01F280BDA58465E
:1099A000C0B2022190FBF1F0D0F140009DF804100C
:1099B00050FA81FA07E05846C0B2D0F15F009DF836
:1099C000041050FA81FA02AA3000C0B27843404431
:1099D000007D401CC0B2DFF868134979D1EBC001AB
:1099E000491EC9B25046C0B202F0A0FE5AFA8BF02E
:1099F0009DF80490B0EB09098920009020230722EC
:109A00000521C24801F01AFB1BE0892000902023A9
:109A100007220521BD4801F011FB02AA3000C0B2A7
:109A200078434044017D4846C0B201F021FC02A8C1
:109A3000FAF762FBC2490979491C484310FA89F0D8
:109A400081463000C0B278434044006900281ED0EF
:109A50003000C0B2784340448068002817D03000FE
:109A6000C0B2784340448068B74988420FD0300084
:109A7000C0B27843404402693000C0B207FB00F72F
:109A800008EB0700017D4846C0B201F0F1FB0BB0C6
:109A9000BDE8F08FF8B504000D0095492200D2B260
:109AA0001820424301EB0200817D2800C0B2014032
:109AB0002800C0B2814230D17C26A44F4FF4967169
:109AC0002800C0B2704338442200D2B250F82200BD
:109AD000F8F746FA01282BD12800C0B206FB00F6A1
:109AE00007EB06002100C9B28D4A126840F8212018
:109AF00097492A00D2B21F2042430A442300DBB216
:109B00002E00F6B21F20464301EB06002100C9B229
:109B1000405CD0F10100D0540AE08D492A00D2B255
:109B20001F20424301EB02002100C9B2002242542F
:109B30008749EDB21F20454301EB0500E4B2005D0B
:109B4000F2BD70B50400002601F022FC00F077F8A9
:109B50002000C0B200F07DF82000C0B200F093F801
:109B60000025280080B21F2811DA61492A0092B22C
:109B70001820424301EB0200C07D2100C9B2884297
:109B800003D12800C0B2FFF7B5FD6D1CE9E701F075
:109B90006EFC70BDF0B44271C47803792500EDB25B
:109BA000AB420AD3F025524E2700FFB218235F4381
:109BB00006EB07039D75641CEFE718234C4C857872
:109BC0005D4325444679AE75002904D0857803FBB2
:109BD00005F323449960F0BC70472DE9F84F070066
:109BE000884691469A460A9E0B9DDDF830B00D9C42
:109BF00087F8008087F8019087F802A0FE703D7119
:109C00002200D2B259463800FFF7C4FFBDE8F18FF9
:109C100010B4010000221000C0B204280CD21000C1
:109C2000C0B2085C4B4B1400E4B21B5D984201D0FB
:109C3000002002E0521CEEE7012010BC704780B506
:109C40000120009008237F220821002002F0F2FD6D
:109C500001BD10B504002000C0B2002812D1264872
:109C60000078002807D11FA2214890F844107820DE
:109C700001F0FEFA06E01CA21D4890F8441078207E
:109C800001F0F6FA10BD0100C9B2072924D1194923
:109C90000978002906D002290ED008D3042915D04E
:109CA0000FD318E02C49124AC2F8C01218E02B4911
:109CB0000F4AC2F8C01213E029490D4AC2F8C01277
:109CC0000EE028490A4AC2F8C01209E02649084AAB
:109CD000C2F8C01204E003E01F49054AC2F8C012EE
:109CE00070470000200000004E00000000080048FF
:109CF000D8000020602500201425002058040020F2
:109D00007C0000200C000020E4250020F8D700088B
:109D10006B260020F8E0000880DD00086C2600209B
:109D20004C26002028260020C02709009C25002062
:109D30006D2600205E260020540A0020CC0400205E
:109D4000F4250020D0D50008560A00200C1D002064
:109D5000602300208400002088000020980000205C
:109D6000A8000020B8000020C80000200200002049
:109D70001168097830290CDB116809783A2908DA6A
:109D800011684B1C13600A23097803FB001030385C
:109D9000EEE770472DE9F04F91B00400DDF86880E0
:109DA0001B9D1C9EDFF808030768700603D5DFF8CB
:109DB000040300680700022B01DB252B01DB0020D8
:109DC00088E0F00702D55FF0300C01E05FF0200C76
:109DD0005FF0000EB00706D5002A04D52D20864678
:109DE0005242B8F101085FF00009002A06D1302084
:109DF000EA460AF8090019F1010910E0002A0ED01C
:109E000010009A46B0FBFAFB0AFB1B00385CEA46DE
:109E10000AF8090019F10109B2FBF3F2EEE74D452A
:109E200000DA4D46B8EB0508F0070DD44046B0F116
:109E30000108012808DB20202070641C491E00292D
:109E400001D1200046E0F1E77046C0B2002807D0FB
:109E500084F800E0641C491E002901D1200039E08B
:109E60004046B0F10108012808DB84F800C0641CFA
:109E7000491E002901D120002CE0F1E72800451EF1
:109E8000814508DA30202070641C491E002901D168
:109E900020001FE0F2E74846B0F1010901280ADB83
:109EA000684610F809002070641C491E002901D181
:109EB00020000FE0EFE74046B0F10108012808DB81
:109EC00020202070641C491E002901D1200001E0DF
:109ED000F1E7200011B0BDE8F08F2DE9F74F88B011
:109EE00005001E000998012801DA0020DDE0AA46DD
:109EF0000A980078002806D1BAEB05000999491E96
:109F00008842C0F2CC80BAEB05000999491E88420C
:109F100080F2C5800A980078252806D00A98007833
:109F20008AF800001AF1010AB5E0002080460A987C
:109F3000401C0A900A980078302801D158F0010896
:109F40005FF0FF3BD9460A980078302807DB0A9873
:109F500000783A2803DA0AA8FFF708FF8146CDF80F
:109F60001CB0CDF818B00A2005900A98007858283F
:109F700043D063280AD0642844D0692842D073288B
:109F800016D0752840D0782839D03EE0B9F10109C3
:109F9000B9F1010F05DB20208AF800001AF1010A4F
:109FA000F4E73068361D8AF800001AF1010A72E001
:109FB0003068361D0400002C01D13F480400200009
:109FC000FAF79AF804904846B0F1010904998142E1
:109FD00005DA20208AF800001AF1010AF3E70020D0
:109FE00007000498874207DA20788AF80000641C8A
:109FF0001AF1010A7F1CF4E74DE058F040081020E8
:10A00000059026E058F0020823E00A9800782528F9
:10A0100004D025208AF800001AF1010ABAEB0500E5
:10A020000999491E884214DA0A980078002806D057
:10A030000A9800788AF800001AF1010A02E00A98EA
:10A04000401E0A90BAEB05000999491E884200DAC1
:10A0500021E006986C2803D13068361D039009E092
:10A060005FEA887003D53068361D039002E03068DF
:10A07000361D0390CDF8088007980190CDF8009028
:10A08000059B039A0999491EBAEB0500091A504627
:10A09000FFF780FE82460A98401C0A9028E70020BD
:10A0A0008AF80000BAEB050528000BB0BDE8F08F78
:10A0B000140A0020180A002040E30008012002F0E2
:10A0C00053BC000081B00B48016851F001010160F0
:10A0D000006810F00100009000980748016851F0F6
:10A0E00080510160006810F080500090009801B02D
:10A0F000704700BF601002405810024070B5040065
:10A100000125002C5CD094F82100002805D1002006
:10A1100084F820002000FEF7F9FC022084F82100DA
:10A120002068C068C00642D4CA2021684862532013
:10A1300021684862200000F02AFB06003000C0B20F
:10A1400000281AD120688168DFF8E80601402068FD
:10A15000816020688168626820690243A0690243C7
:10A16000114320688160E068216808612068006907
:10A17000A16850EA014021680861200000F02DFB31
:10A1800005002800C0B200280DD12068C06C8008EE
:10A1900080002168C8642068C16CE269606902437C
:10A1A00011432068C164FF202168486201E000205B
:10A1B00005002800C0B2002802D1012084F8210047
:10A1C0002800C0B270BD2DE9F04705000E00140054
:10A1D00095F82000012801D102206DE0012085F8CA
:10A1E0002000022085F82100CA20296848625320F7
:10A1F00029684862280000F0CAFA80464046C0B28A
:10A2000000284AD1002C20D128688068400601D45B
:10A210000020F070307800F01FFB8246707800F06C
:10A220001BFB8146B07800F017FB5FFA8AFA5FFAF1
:10A2300089F95FEA092959EA0A49C0B250EA0909CD
:10A24000F07859EA80594F4610E028688068400647
:10A2500001D40020F07030787178090251EA004191
:10A26000B0780143F07851EA80510F00DFF8C8055B
:10A270003840296808602868806830F480202968A0
:10A28000886028688168F268306902431143286851
:10A290008160280000F0A1FA8046FF20296848620A
:10A2A0004046C0B2002802D1012085F821000020DC
:10A2B00085F820004046C0B2BDE8F087F8B505003B
:10A2C0000E0014002868806A7060286800694004E5
:10A2D000400CB06028680768DFF85C05074038006C
:10A2E000000C10F03F0030703800000A10F07F00C2
:10A2F000707017F07F00B0703800800D10F0010012
:10A30000F070002C0BD1307800F0B4FA3070707817
:10A3100000F0B0FA7070B07800F0ACFAB0700020C5
:10A32000F2BD2DE9F04105000E00140095F8200063
:10A33000012801D1022058E0012085F820000220E8
:10A3400085F82100002C07D17078C00604D57078FC
:10A3500010F0EF000A307070002C16D1F07800F089
:10A360007BFA8046707800F077FA0700B07800F04A
:10A3700073FA5FFA88F8FFB23F0257EA0847C0B2A3
:10A380000743307857EA403709E0F07877783F02A2
:10A3900057EA0047B0780743307857EA4037CA2079
:10A3A00029684862532029684862280000F0EFF9C4
:10A3B00080464046C0B2002808D1DFF8800438400B
:10A3C00029684860280000F008FA8046FF202968C4
:10A3D00048624046C0B2002802D1012085F8210021
:10A3E000002085F820004046C0B2BDE8F081F8B5F5
:10A3F00005000E00140028684768DFF84004074095
:10A400003800000CF0703800000A10F01F00707067
:10A4100017F03F00B0703800400B10F007003070AC
:10A42000002C0BD1F07800F025FAF070707800F075
:10A4300021FA7070B07800F01DFAB0700020F2BD03
:10A440002DE9F84305000E00140095F820000128BE
:10A4500001D10220E5E0012085F82000022085F8E6
:10A460002100002C2DD128688068400601D40020EE
:10A47000F070306A0028FFD0307800F0EDF98046A7
:10A48000707800F0E9F90700B07800F0E5F981464E
:10A4900096F8240000F0E0F95FFA88F8FFB23F0276
:10A4A00057EA08475FFA89F959EA0707F17857EA46
:10A4B0008157C0B257EA0067306A074370690743A3
:10A4C00017E028688068400601D40020F0703078DA
:10A4D00077783F0257EA0047B0780743F07857EAA9
:10A4E000805796F8240057EA0067306A074370697E
:10A4F0000743D6F80480F06950EA0808CA202968A2
:10A500004862532029684862B06AB0F5807F39D12B
:10A510002868806830F48070296888602868C0687E
:10A5200010F0800070F4C0702968C860F9F794FAE0
:10A5300081462868C068C00712D4F9F78DFAB0EBDD
:10A54000090040F2E9318842F3D3FF2029684862CC
:10A55000032085F82100002085F82000032060E01A
:10A560002868C7612868C0F844802868806850F46B
:10A570008070296888602868806850F48050296855
:10A58000886038E02868806830F400702968886046
:10A590002868C06810F0800070F420702968C860D6
:10A5A000F9F75AFA81462868C068800712D4F9F78B
:10A5B00053FAB0EB090040F2E9318842F3D3FF20AF
:10A5C00029684862032085F82100002085F82000D2
:10A5D000032026E0286807622868C0F848802868B9
:10A5E000806850F40070296888602868806850F49A
:10A5F000005029688860DFF84802016851F4802122
:10A600000160DFF84002016851F480210160FF2001
:10A6100029684862012085F82100002085F8200083
:10A620000020BDE8F28370B504000D0094F820000E
:10A63000012801D1022062E0012084F820000220DC
:10A6400084F82100CA2021684862532021684862AA
:10A65000B5F5807F24D12068806830F4807021684F
:10A6600088602068806830F4805021688860F9F73D
:10A67000F3F906002068C068C00736D4F9F7ECF992
:10A68000801B40F2E9318842F4D3FF202168486200
:10A69000032084F82100002084F8200003202EE00D
:10A6A0002068806830F400702168886020688068C5
:10A6B00030F4005021688860F9F7CEF90600206870
:10A6C000C068800711D4F9F7C7F9801B40F2E9315F
:10A6D0008842F4D3FF2021684862032084F82100D7
:10A6E000002084F82000032009E0FF202168486250
:10A6F000012084F82100002084F82000002070BD93
:10A7000010B504005FF480204F490860206880681D
:10A71000C0040ED52068C068C0050AD52068C0688E
:10A7200010F0800070F4C0702168C860200002F052
:10A73000ADF92068806880040ED52068C068800567
:10A740000AD52068C06810F0800070F4207021687D
:10A75000C860200002F0E6FA012084F8210010BD54
:10A7600038B5040039482168C860F9F775F9050063
:10A770002068C068800608D4F9F76EF9401B40F2E3
:10A78000E9318842F4D3032000E0002032BD70B5E7
:10A79000040000262068C06840061BD45FF0FF302C
:10A7A0002168C860F9F758F905002068C0684006BC
:10A7B00010D43000C0B203280CD0F9F74DF9401B7B
:10A7C00040F2E9318842F0D303200600032084F8E8
:10A7D0002100EAE73000C0B270BD70B5040000256A
:10A7E0001B48016831F0800101601A4E3068800614
:10A7F0000AD42000FFF7B4FF002817D0032084F804
:10A8000021000320050011E0306830F020003060A6
:10A810002000FFF7A5FF002804D0032084F82100C2
:10A8200003200500306850F0200030602800C0B2DE
:10A8300070BD0000BFFF8FFF7F7F7F003FFFFF00E5
:10A840000004014008040140140401405FFF0300BC
:10A850000C280040082800400100002208000300E6
:10A86000DBB20A2B02D3521C0A38F8E750EA021076
:10A87000C0B270470100C9B209090A2211FB02F1F6
:10A8800010F00F004018C0B27047000010B504006F
:10A89000002C01D1012074E0606A002806D16068B4
:10A8A000B0F5827F06D00020E06103E00020206147
:10A8B000002060610020A06294F85D00002805D1AE
:10A8C000002084F85C002000FEF776F9022084F86E
:10A8D0005D002068006830F0400021680860E06892
:10A8E00040F20171884201D3002101E04FF4805110
:10A8F000E068B0F5706F05D0E068B0F5E06F01D0AA
:10A900000020A062606810F48270A26812F4044211
:10A910001043227C12F002021043227D12F0010249
:10A920001043A26912F400721043227F12F0380221
:10A93000104394F8202012F080021043A26A12F40F
:10A940000052104322681060A269120C12F0040237
:10A9500094F8240010F01000024394F8340010F032
:10A9600008000243E06810F47060024311F4805064
:10A9700002432068426000202066012084F85D00C8
:10A98000002010BD2DE9F84306000D0017001C0043
:10A99000F9F762F88046B94696F85D00012801D0C3
:10A9A0000220ECE0002D03D0380080B2002801D155
:10A9B0000120E4E096F85C00012801D10220DEE0ED
:10A9C000012086F85C00032086F85D0000203066D8
:10A9D000B563B787F787002030640020A6F84400ED
:10A9E0000020A6F84600002030650020F064B06822
:10A9F000B0F5004F0BD13068006830F0400031688E
:10AA000008603068006850F4804031680860306841
:10AA10000068400605D43068006850F04000316896
:10AA20000860F06840F20171884235D370680028F0
:10AA300003D0484680B2012809D1B06B0088316844
:10AA4000C860B06B801CB063F08F401EF087F08F41
:10AA5000002873D03068806880070AD5B06B008802
:10AA60003168C860B06B801CB063F08F401EF08707
:10AA7000EDE7F8F7F1FFB0EB0800A04202D314F1C4
:10AA8000010F01D1002CE2D1012086F85D000020E9
:10AA900086F85C00032072E07068002803D0484606
:10AAA00080B2012817D1F08F02280AD3B06B00883A
:10AAB0003168C860B06B801CB063F08F801EF08777
:10AAC00009E0B06B007831680873B06B401CB0636C
:10AAD000F08F401EF087F08F00282FD030688068FC
:10AAE000800718D5F08F02280AD3B06B0088316830
:10AAF000C860B06B801CB063F08F801EF087EAE7FF
:10AB0000B06B007831680873B06B401CB063F08F95
:10AB1000401EF087DFE7F8F79FFFB0EB0800A04288
:10AB200002D314F1010F01D1002CD4D1012086F8F9
:10AB30005D00002086F85C00032020E042462100F2
:10AB4000300000F003F9002801D020203066B06802
:10AB5000002808D1002000903068C068009030685C
:10AB6000806800900098012086F85D00002086F83B
:10AB70005C00306E002801D0012000E00020BDE81C
:10AB8000F2832DE9FC4705000E0017009846DDF81A
:10AB90002890F8F761FF0400B8EB040419EB0404F3
:10ABA000F8F75AFF8246684800684001000D00FB34
:10ABB00004F00090286880683040B04201D1012044
:10ABC00000E000203900C9B2884243D018F1010FDB
:10ABD000F0D0F8F741FFB0EB0A00A04201D2002C00
:10ABE0002FD12868406830F0E00029684860686824
:10ABF000B0F5827F0DD1A868B0F5004F03D0A868EA
:10AC0000B0F5806F05D12868006830F040002968F1
:10AC10000860A86AB0F5005F0BD12868006830F4BE
:10AC20000050296808602868006850F400502968BE
:10AC30000860012085F85D00002085F85C00032095
:10AC400009E00098002801D1002004000098401E6F
:10AC50000090AFE70020BDE8F6872DE9FE4F060023
:10AC60000F0014009846DDF8309000208DF80000A9
:10AC7000F8F7F2FE0500B8EB050519EB0505F8F746
:10AC8000EBFE8246306810F10C0B2F480168232040
:10AC90004143090D01FB05F101913068806838409E
:10ACA000A0424ED0B7F5C06F07D1002C05D19BF85C
:10ACB00000008DF800009DF8000018F1010FECD0A5
:10ACC000F8F7CAFEB0EB0A00A84201D2002D2FD13E
:10ACD0003068406830F0E000316848607068B0F576
:10ACE000827F0DD1B068B0F5004F03D0B068B0F5E9
:10ACF000806F05D13068006830F04000316808602E
:10AD0000B06AB0F5005F0BD13068006830F40050D5
:10AD1000316808603068006850F40050316808609D
:10AD2000012086F85D00002086F85C00032009E021
:10AD30000198002801D1002005000198401E0190D3
:10AD4000ABE70020BDE8FE8FE40300207CB50400E3
:10AD50000D00160000962B0000224FF4C051200079
:10AD6000FFF77BFF002805D0206E50F02000206602
:10AD700003201FE000962B00002280212000FFF717
:10AD800000FF002805D0206E50F020002066032030
:10AD900010E000962B0000224FF4C0612000FFF766
:10ADA0005CFF002805D0206E50F0200020660320B4
:10ADB00000E0002076BD2DE9FE4F04000D000020CC
:10ADC000002600270021ADF804105FF001085FF0B5
:10ADD00000095FF0000A21680978212901D10121C9
:10ADE0008A465FF0000B584600B2A988884272DAA2
:10ADF00020685146C9B2405C29685A4612B2895C43
:10AE0000884265D1012080465046C0B2401C0600F1
:10AE1000002081460020ADF80400300000B2A18877
:10AE200088424ADA2068310009B2405C7C281ED191
:10AE3000BDF90400002804D10120814616EB0B0067
:10AE4000070001A800903B001BB22A002100701CE3
:10AE500000B200F059F880464046C0B2012806D141
:10AE60005146C9B2584600B200F03DF839E04846B4
:10AE7000C0B200280FD12068310009B2405C2968B7
:10AE80005A4612B21144320012B2895C884202D092
:10AE90000020804611E04846C0B2002801D1761C4F
:10AEA000BBE73000BDF9041000B2884203DABDF9F7
:10AEB00004000600B1E7761CAFE74046C0B20128A7
:10AEC00006D15146C9B2584600B200F00CF808E06D
:10AED0001BF1010B87E75146C9B25FF0FF3000F06C
:10AEE00002F8BDE8FE8F02000800C0B2002802D1BF
:10AEF000100000B207E0100000B2002802D45FF09A
:10AF0000FF3000E000207047F0B50400059D0120EF
:10AF1000002637003FB207FA84F7B1F804C067454E
:10AF20003ADA0F68A4460FFA8CFC6744B4460FFA6D
:10AF30008CFC17F80C707C2F03D137192F8000B2CE
:10AF40002BE09788B4460FFA8CFC0CFA83FC67451B
:10AF500006DAB2F904707F1C2F805FF0FF373800EB
:10AF60000F68A4460FFA8CFC6744B4460FFA8CFCB9
:10AF700017F80C70D2F800C09E460FFA8EFEF4440B
:10AF8000B6460FFA8EFE1CF80EC0674502D05FF081
:10AF9000FF373800761CBCE700B2F0BD80B5012257
:10AFA00040211F48F6F7B5FD1E491F4800F002FA80
:10AFB00000F01CF8012000F003F800F097FA01BD42
:10AFC000704711B581B0164C002240212000F6F7E1
:10AFD000A0FD4FF47A73012201A91448FFF7D2FCB7
:10AFE000012240212000F6F794FD13BD10B50C4C52
:10AFF000002240212000F6F78CFD00228021200055
:10B00000F6F787FD012000F013F8012280212000CF
:10B01000F6F77FFD012240212000F6F77AFD10BDF2
:10B02000000800481C2600200C0F00209822002059
:10B0300010B504002000F7F7A1F810BD70B4039C10
:10B04000DFF88052286029716A71AB71EC710026BB
:10B050002E7270BC70472DE9F84F04000D001600E9
:10B0600000275FF00008DFF85C9299F805000828D7
:10B0700080F2FC80300099F80610C0B2884205D3F7
:10B0800099F807003100C9B2884201D22E2006008B
:10B09000402099F80510491C90FBF1F02900C9B235
:10B0A000814280F2E38099F8040050FA84F080280D
:10B0B00080F2DC8099F805305B1C99F8050003FBF1
:10B0C00005035B1CDBB299F804201219D2B299F87F
:10B0D0000500401C15FB00F1C9B22000C0B200F011
:10B0E000FFF80021080099F80420C0B2904280F0D7
:10B0F000BD80002015FB00F00200D2B2082392FBB5
:10B10000F3F21700C0B2082290FBF2F302FB130027
:10B110008046FF226C4BD3F800C03800C0B250FA12
:10B1200085FE802000FB0EFE5EFA84FED3F800A0B0
:10B130003800C0B250FA85FB802000FB0BFB5BFAA5
:10B1400084F01AF800A0D8F1080B100050FA0BF0A8
:10B1500010EA0A0A0CF80EA0D3F800C03800C0B2FA
:10B1600050FA85FE802000FB0EFE5EFA84F000900F
:10B17000D3F800E03800C0B250FA85FA802000FB16
:10B180000AFA5AFA84F01EF800E0D9F800A0B34693
:10B190005FFA8BFB99F80600BBEB000099F804B04E
:10B1A0000BFB00FB0AEB0B008A465FFA8AFA10F8E9
:10B1B0000A0010FA08F050EA0E00DDF800E00CF882
:10B1C0000E00D3F800C03800C0B250FA85FE8020CF
:10B1D00000FB0EFE5EFA84F08444D3F800E03800F1
:10B1E000C0B250FA85FA802000FB0AFA5AFA84F0BD
:10B1F000704490F8800012FA08F202408CF8802027
:10B200001A683800C0B250FA85FC802000FB0CFCA4
:10B210005CFA84F002441B683800C0B250FA85FC26
:10B22000802000FB0CFC5CFA84F0184490F880301D
:10B23000D9F800C0B6465FFA8EFE99F80600BEEB5C
:10B24000000E99F8040000FB0EFE0CEB0E008C467D
:10B250005FFA8CFC10F80C00D8F1080C50FA0CF0D6
:10B26000034382F88030641C491C3BE7BDE8F18F42
:10B27000F8B507000C001600124D6879082820DA8E
:10B28000307800281DD032782100C9B23800C0B211
:10B29000FFF7E1FE761C2879401CC719287950FA7F
:10B2A00087F0401C812802DB00200700641C40203E
:10B2B0006979491C90FBF1F02100C9B28142DFDBC2
:10B2C000FFE7F1BDF42500202026002080B50348CB
:10B2D00001F036FB00F0CBF801BD0000D0D1000832
:10B2E00070B40400E4B2802C01DB7F242000140041
:10B2F000E4B2802C01DB7F2422000C00E4B2402C5D
:10B3000001DB3F2421001C00E4B2402C01DB3F2480
:10B3100023002B4C050026683678EDB2B54201D2E9
:10B32000256828702568AD781600F6B2B54201D2BE
:10B330002568AA700D0026687678EDB2B54201D274
:10B34000256869702568ED781E00F6B2B54201D215
:10B350002468E37070BC704719487F21026811703F
:10B360000021026891703F2102685170002100683D
:10B37000C170704712480021026811707F21026875
:10B3800091700021026851703F210068C1707047C0
:10B3900070B54FF4806400250A4806682A00210031
:10B3A0003000F5F7F5FF3F237F2200210020FFF753
:10B3B00097FF70BD034A1060014A1160704700009A
:10B3C000242600202026002010B5040000224FF47F
:10B3D00080714348F6F79DFB2000C0B2FFF7F1FDF6
:10B3E00010BD10B5040001224FF480713C48F6F7FF
:10B3F00090FB2000C0B2FFF7E4FD10BD10B50400C3
:10B400008120FFF7E1FF2000C0B2402803DB3F208E
:10B41000FFF7DAFF03E02000C0B2FFF7D5FF10BD51
:10B4200010B5040014F00F0050F0B000C0B2FFF7E8
:10B43000CBFF10BD10B504002000C0B200F005F82D
:10B440002000C0B200F00CF810BD10B504002000C0
:10B45000C0B2000950F01000C0B2FFF7B5FF10BD38
:10B4600010B5040014F00F00FFF7AEFF10BD70B56B
:10B4700000242000C0B210282EDA1A4D2868407827
:10B480002100C9B2491CB0EBC10F23DA2868C0788B
:10B490002100C9B2B0EBC10F1EDB2000C0B2FFF724
:10B4A000BFFF28680078FFF7C5FF2868067828687E
:10B4B00080783100C9B288420CD30B480168220061
:10B4C000D2B28020424352FA86F0085CFFF789FF2F
:10B4D000761CECE7641CCCE7FFF73EFF70BD000074
:10B4E00000080048242600202026002080B5A02047
:10B4F000FFF76AFFAE20FFF767FFC820FFF764FF82
:10B50000A220FFF761FF2F20FFF75EFF2220FFF749
:10B510005BFF3F20FFF772FFAF20FFF755FF01BD34
:10B5200080B5DFF8240B0078012806D0022807D068
:10B53000042808D0082809D00BE000F08BF808E0B8
:10B5400000F0ADFB05E000F097FC02E000F08AFDA2
:10B55000FFE701BD2DE9F8430024DFF8EC5A287A13
:10B56000002873D12021DFF8E40AF6F7C7FA002893
:10B5700001D1012600E00026DFF8D47A042138004A
:10B58000F6F7BCFA002802D15FF0010801E05FF095
:10B59000000802213800F6F7B1FA002802D15FF066
:10B5A000010901E05FF0000901213800F6F7A6FA71
:10B5B000002801D1012000E0002056EA480656EAA2
:10B5C0008906340054EAC0042000C0B2012805D026
:10B5D000022803D0042801D008282DD16868401C17
:10B5E00068606868502826D32C7001202872DFF824
:10B5F000640A21000278C9B2914215D1DFF8581AC5
:10B600000A68521C0A600A68322A04D350226A600F
:10B6100032220A600EE00968142902D34E216960C3
:10B6200008E00021696005E0002169600021DFF881
:10B63000282A1160047009E00020DFF8181A087049
:10B64000282068600020DFF8101A08602878BDE81C
:10B65000F28300007FB5DFF8044AA078002810D0FC
:10B66000012832D0022861D0032800F0C1800428CC
:10B6700000F04481052800F01F82072800F0A38213
:10B680000CE3DFF8C4590020E860DFF8D4690A222F
:10B6900000213000F6F7BEFC302030703020707092
:10B6A0003020B0703020F070E8680001801CC0B21B
:10B6B00003900296052001900420009005230022AB
:10B6C0000121A01CFEF789FAE8E2DFF87C09C168D5
:10B6D000491CC160C16804291EDBDFF88409FEF73C
:10B6E00097FA012815D1A51C0622290014F108009B
:10B6F000F6F7DEFCF1200390002002900A20019072
:10B70000072000900723002202212800FEF765FA97
:10B710000BE00020A07008E0C0680001801C02005F
:10B72000D2B20021A01CFEF735FAB7E22079072833
:10B7300006D05CD309282FD018D30A2842D056E06F
:10B74000A51C0622290014F10800F6F7B1FCF1202F
:10B750000390002002900D2001900C2000900C23FB
:10B76000002203212800FEF738FA40E0A51C06223B
:10B77000290014F10800F6F79BFCF120039000204B
:10B780000290142001901120009011230022042126
:10B790002800FEF722FA2AE0A51C0622290014F14F
:10B7A0000800F6F785FCF120039000200290172096
:10B7B0000190162000901623002205212800FEF794
:10B7C0000CFA14E0A51C0622290014F10800F6F773
:10B7D0006FFC00200390002002901A2001901A2094
:10B7E00000901A23002206212800FEF7F6F955E200
:10B7F00020790C2802D00D2840D07EE0E078002887
:10B8000002D001281FD038E0A61C0622310014F116
:10B810000800F6F74DFCDFF83058F220039015F1E0
:10B820000C0002900D2001900C2000900C23E27877
:10B83000521CD2B203213000FEF7CFF9DFF8680BBB
:10B840004078E86019E0A51C0622290014F10800E0
:10B85000F6F72EFCF0200390002002901D200190AE
:10B860001D2000901D23002207212800FEF7B5F9B6
:10B870000120DFF8341B0870FFE73EE0E078002885
:10B8800002D001281FD038E0A61C0622310014F196
:10B890000800F6F70DFCDFF8B057F220039015F121
:10B8A0000C0002900D2001900D2000900D23E278F5
:10B8B000521CD2B203213000FEF78FF9DFF8E80AFC
:10B8C0004068E86019E0A51C0622290014F1080070
:10B8D000F6F7EEFBF0200390002002901D2001906F
:10B8E0001D2000901D23002207212800FEF775F976
:10B8F0000120DFF8B41A0870FFE7CFE120791128A2
:10B9000008D0C0F0D88013286DD04ED3142800F092
:10B91000B580D0E0E078002802D0012820D043E0B4
:10B92000A61C0622310014F10800F6F7C1FBDFF86F
:10B930001857F220039015F10C000290142001908A
:10B94000112000901123E278521CD2B20421300061
:10B95000FEF743F9DFF8540AB0F91C00E86023E071
:10B96000A51C0622290014F10800F6F7A1FBF0201F
:10B970000390002002901D2001901D2000901D23A7
:10B98000002207212800FEF728F9DFF8244ADFF813
:10B99000B806C06800B2F5F72DF920800222210018
:10B9A0000320F5F71AF8FFE785E0A51C0622290019
:10B9B00014F10800F6F77CFBF020039000200290C1
:10B9C0001D2001901D2000901D230022072128002A
:10B9D000FEF703F9DFF8D819FF20088002220520BE
:10B9E000F4F7FBFF67E0E078002802D0012820D0C0
:10B9F00043E0A61C0622310014F10800F6F758FBBC
:10BA0000DFF84456F220039015F10C000290142048
:10BA10000190112000901323E278521CD2B204212D
:10BA20003000FEF7DAF8DFF88409B0F92000E860AA
:10BA300023E0A51C0622290014F10800F6F738FBC4
:10BA4000F0200390002002901D2001901D20009006
:10BA50001D23002207212800FEF7BFF8DFF8504918
:10BA6000DFF8E405C06800B2F5F7E0F820800222B4
:10BA700021000420F4F7B1FFFFE71CE0A51C06221B
:10BA8000290014F10800F6F713FBF02003900020C2
:10BA900002901D2001901D2000901D2300220721EF
:10BAA0002800FEF79AF8DFF80819FF200880022224
:10BAB0000620F4F792FFF1E02079162802D017282B
:10BAC00040D07FE0E078002802D001281FD038E085
:10BAD000A61C0622310014F10800F6F7E9FADFF897
:10BAE0006855F220039015F10C0002901720019088
:10BAF000162000901623E278521CD2B205213000A5
:10BB0000FEF76BF8DFF8A0088069E86019E0A51C73
:10BB10000622290014F10800F6F7CAFAF020039073
:10BB2000002002901D2001901D2000901D23002266
:10BB300007212800FEF751F80120DFF86C18087083
:10BB4000FFE73FE0E078002802D001281FD038E06E
:10BB5000A61C0622310014F10800F6F7A9FADFF856
:10BB6000E854F220039015F10C0002901720019088
:10BB7000162000901723E278521CD2B20521300023
:10BB8000FEF72BF8DFF82008C069E86019E0A51C73
:10BB90000622290014F10800F6F78AFAF020039033
:10BBA000002002901D2001901D2000901D230022E6
:10BBB00007212800FEF711F80120DFF8EC170870C4
:10BBC000FFE7FFE76AE0207A032804D065D3052861
:10BBD00033D05FD361E00320DFF8CC170870A07A80
:10BBE0000C2802D00D280AD026E0DFF8C8074178DB
:10BBF000DFF85404C068C0B2F7F7CAFC1CE00020AC
:10BC00000100C9B20B2910DADFF8AC170200D2B27A
:10BC100051F82210DFF83024D268914203D1DFF8C6
:10BC20009417487001E0401CEAE7DFF88807417884
:10BC30000078F7F7ADFCFFE72FE00320DFF8681787
:10BC40000870A07A162802D0172811D021E0DFF85A
:10BC50005C07D0ED060ADFF8F00390ED030AB8EEBA
:10BC6000C00A9FED841A80EE010AF5F77DF810E016
:10BC7000DFF8D40390ED030AB8EEC00ADFED7D0AC9
:10BC8000C0EE200ADFF8240790ED050AF5F76CF8FE
:10BC9000FFE702E0F4F790FEFFE7FFE77FBD10B596
:10BCA000DFF8B8339878002809D0022819D007D3D4
:10BCB000042871D022D3052800F0AA80D9E0D8E06A
:10BCC000DFF89C03DFF88013CA68825C521CCB68E3
:10BCD000C254CA68825C3A2A02DB3022C9684254E4
:10BCE000C7E058791979884202D21879401E187134
:10BCF000F1220021981CFDF74DFFBAE0D87800280A
:10BD00000CD158791979884202D21879401E1871DD
:10BD1000F1220021981CFDF73DFF3CE018790C282A
:10BD200002D00D2812D036E0D878002802D00128A1
:10BD300001D00AE009E0DFF81003C168B1F5807FA7
:10BD400002DAC168491CC160FFE724E0D878002806
:10BD500002D0012801D01EE01DE000210800C0B281
:10BD60000B2817DADFF85026DFF8DC020B00DBB215
:10BD700052F82330C468A3420AD10B00DBB20A2B6D
:10BD800006DA0B00DBB202EB83025268C26001E00C
:10BD9000491CE3E7FFE76CE0D87800280CD158791C
:10BDA0001979884202D21879401E1871F1220021B7
:10BDB000981CFDF7EFFE2AE01879112806D026D34B
:10BDC000132814D012D3142821D020E0D8780028CA
:10BDD00002D0012801D008E007E09B4C0121E06877
:10BDE00000B2F4F739FEE060FFE710E00FE0D8782A
:10BDF000002802D0012801D008E007E0924C012180
:10BE0000E06800B2F4F790FEE060FFE7FFE730E0A3
:10BE1000D87800280CD158791979884202D218793B
:10BE2000401E1871F1220021981CFDF7B3FE1FE09F
:10BE30001879162802D017280DD019E0D8780028D4
:10BE400002D0012801D005E004E07F48C168491C08
:10BE5000C160FFE70CE0D878002802D0012801D0AB
:10BE600005E004E07848C168491CC160FFE7FFE7CE
:10BE7000FFE710BD0000C84210B5784B9878002845
:10BE800009D0022817D007D304286DD020D3052865
:10BE900000F0A880D7E0D6E071486B49CA68825CA0
:10BEA000521ECB68C254CA68825C302A02DA392238
:10BEB000C9684254C7E018799979884202D2187942
:10BEC000401C1871F1220021981CFDF763FEBAE0B6
:10BED000D87800280CD118799979884202D218793B
:10BEE000401C1871F1220021981CFDF753FE3AE026
:10BEF00018790C2802D00D2810D034E0D87800280A
:10BF000002D0012801D008E007E04F48C1680129AC
:10BF100002DBC168491EC160FFE724E0D878002831
:10BF200002D0012801D01EE01DE00A221000C0B29C
:10BF3000002817D0DFF8803443491000C0B253F80E
:10BF40002000CC68A0420BD11000C0B2002807D05E
:10BF50001000C0B203EB800050F8040CC86001E090
:10BF6000521EE3E7FFE76EE0D87800280CD118797D
:10BF70009979884202D21879401C1871F122002167
:10BF8000981CFDF707FE2CE01879112806D028D35D
:10BF9000132815D013D3142823D022E0D8780028F2
:10BFA00002D0012801D009E008E0274C5FF0FF3102
:10BFB000E06800B2F4F750FDE060FFE711E010E048
:10BFC000D878002802D0012801D009E008E01E4CF2
:10BFD0005FF0FF31E06800B2F4F7A6FDE060FFE734
:10BFE000FFE730E0D87800280CD118799979884299
:10BFF00002D21879401C1871F1220021981CFDF71B
:10C00000C9FD1FE01879162802D017280DD019E0B5
:10C01000D878002802D0012801D005E004E00A48C1
:10C02000C168491EC160FFE70CE0D878002802D043
:10C03000012801D005E004E00348C168491EC16041
:10C04000FFE7FFE7FFE710BD9C2500200008004840
:10C05000000400486A26002018260020E42500205D
:10C060000000002038B584B0DFF85043A0780028E5
:10C070000FD0022811D00DD3042800F082800FD3F6
:10C08000062800F07B81C0F00881072800F07D8140
:10C0900088E187E10020A07084E10020A07081E1A8
:10C0A00020790C2802D00D2835D069E0E0780028EE
:10C0B00002D0012816D02DE0A51CF120039000200D
:10C0C00002900A20019007200090072300220221FD
:10C0D0002800FDF782FD0622290014F10800F5F77B
:10C0E000E7FF17E0A51C0622290014F10800F5F768
:10C0F000DFFFF1200390B24802900D2001900C2048
:10C1000000900C23E078421ED2B203212800FDF7F4
:10C1100064FDFFE734E0E078002802D0012816D063
:10C120002DE0A51CF1200390002002900A20019030
:10C13000072000900723002202212800FDF74DFD73
:10C140000622290014F10800F5F7B2FF17E0A51C3C
:10C150000622290014F10800F5F7AAFFF120039048
:10C16000984802900D2001900C2000900D23E0785B
:10C17000421ED2B203212800FDF72FFDFFE7FFE7A3
:10C1800010E12079112807D0C0F08680132838D01C
:10C190006CD314286AD07FE0E078002802D0012810
:10C1A00016D02DE0A51CF1200390002002900A205B
:10C1B0000190072000900823002202212800FDF7AB
:10C1C0000CFD0622290014F10800F5F771FF17E0B5
:10C1D000A51C0622290014F10800F5F769FFF120DB
:10C1E00003907948029014200190112000901123AF
:10C1F000E078421ED2B204212800FDF7EEFCFFE7F2
:10C200004AE0E078002802D0012816D02DE0A51CD5
:10C21000F1200390002002900A2001900720009056
:10C220000823002202212800FDF7D7FC062229005E
:10C2300014F10800F5F73CFF17E0A51C06222900C1
:10C2400014F10800F5F734FFF12003905F480290E5
:10C2500014200190112000901323E078421ED2B2E6
:10C2600004212800FDF7B9FCFFE715E0A51CF1202B
:10C270000390002002900A200190072000900823DC
:10C28000002202212800FDF7A8FC0622290014F153
:10C290000800F5F70DFFFFE784E02079162802D0AB
:10C2A000172835D069E0E078002802D0012816D0A0
:10C2B0002DE0A51CF1200390002002900A2001909F
:10C2C000072000900723002202212800FDF785FCAB
:10C2D0000622290014F10800F5F7EAFE17E0A51C74
:10C2E0000622290014F10800F5F7E2FEF120039080
:10C2F0003748029017200190162000901623E0780E
:10C30000421ED2B205212800FDF767FCFFE734E0AA
:10C31000E078002802D0012816D02DE0A51CF120DD
:10C320000390002002900A2001900720009007232C
:10C33000002202212800FDF750FC0622290014F1FA
:10C340000800F5F7B5FE17E0A51C0622290014F138
:10C350000800F5F7ADFEF12003901E48029017206B
:10C360000190162000901723E078421ED2B20521DA
:10C370002800FDF732FCFFE7FFE713E0062214F187
:10C380000801A01CF5F794FE0CE0074D2878022860
:10C3900007D0062214F10801A01CF5F789FE002041
:10C3A0002870FFE705B030BD60250020142500206F
:10C3B0005C260020540A0020CC040020E425002044
:10C3C0006125002064250020302500203425002030
:10C3D000782500207C25002070B4039CDFF884536E
:10C3E000286029716A71AB71EC7101262E7270BCE4
:10C3F00070472DE9F74F04000D00DFF868639DF8E2
:10C400000800B179884204D3F0799DF80810884279
:10C4100002D22E208DF80800307A002845D100275E
:10C4200038003179C0B288423DD231689DF8082089
:10C43000B079121A3079424301EB02003900C9B2D7
:10C4400010F80190002080464046C0B2082828DA43
:10C450003800C0B250FA84F0802805DA4046C0B2F5
:10C4600050FA85F0402801DB00205DE1012010FA40
:10C4700008F04946C9B2014208D0012218EB050173
:10C48000C9B23819C0B200F06FF907E0002218EB0A
:10C490000501C9B23819C0B200F066F918F10108F7
:10C4A000D2E77F1CBCE730793EE1307A012840F0CA
:10C4B0008E807079082190FBF1F201FB12000128B7
:10C4C00006DB7079082190FBF1FB1BF1010B03E007
:10C4D0007079082190FBF1FB31795846C0B2414395
:10C4E000491C8DF8011031689DF80820B079121AA6
:10C4F0009DF80100424301EB020001788DF8001025
:10C50000401C01905FF0000840469DF80010C0B24A
:10C51000884259D25FF0000948465946C0B2C9B2B4
:10C5200088424ED201994246D2B25846C0B24243E6
:10C5300001EB02004946C9B210F801A00020070033
:10C540003800C0B2082839DA4046C0B250FA84F048
:10C55000802808DA4846C0B2C00050FA85F050FA88
:10C5600087F0402801DB0020DEE04846C0B2C00072
:10C5700050FA87F0717988421EDA0121B94050469D
:10C58000C0B208420CD001225FFA89F915EBC9014B
:10C590007918C9B218EB0400C0B200F0E5F80BE05E
:10C5A00000225FFA89F915EBC9017918C9B218EBB5
:10C5B0000400C0B200F0D8F87F1CC1E719F10109EE
:10C5C000AAE718F101089FE79DF80000ACE0307A77
:10C5D000022840F0A8807079082190FBF1F0401CFF
:10C5E0008DF8000030799DF8001010FB01F08DF8F7
:10C5F000020031689DF80820B079121A9DF80200F7
:10C60000424301EB0200019096F804B000208DF83F
:10C61000010000210020002210009DF80030C0B26F
:10C6200098420CD23079431E9DF801001B1A13FB6F
:10C6300002F0019BC0B2185C0100521CECE708003C
:10C64000C0B200280BD1BBF1010B5846C0B2002884
:10C6500005D09DF80100401C8DF80100D9E70027A6
:10C6600038009DF80010C0B2884259D25FF000082F
:10C6700040465946C0B2C9B288424FD201993A00E9
:10C68000D2B23079424301EB02004146C9B210F800
:10C6900001905FF0000A5046C0B208283BDA4046DD
:10C6A000C0B250FA84F0802808DA3800C0B2C00066
:10C6B00050FA85F050FA8AF0402801DB002033E080
:10C6C0003800C0B2C00050FA8AF0717988421FDA8F
:10C6D000012111FA0AF14846C0B208420CD00122E9
:10C6E000FFB215EBC7011AEB0101C9B218EB040048
:10C6F000C0B200F039F80BE00022FFB215EBC70121
:10C700001AEB0101C9B218EB0400C0B200F02CF81A
:10C710001AF1010ABFE718F10108A9E77F1C9FE79A
:10C720005846C0B200E00020BDE8FE8FF8B5040016
:10C730000F0015000B484079D0F13F003900C9B215
:10C7400088420EDB287800280BD02A783900C9B23D
:10C750002000C0B2FFF74DFE0600701C04196D1CCE
:10C76000F0E7F1BDF4250020F8B504000D00160037
:10C770002000C0B2802803DA2800C0B2402800DBC5
:10C7800057E03000C0B2002824D02900C9B20822E6
:10C79000DFF8CC312800C0B2082790FBF7F78020E3
:10C7A000474357FA84F72800C0B25FF0080C90FBAB
:10C7B000FCFC802000FB0CFC5CFA84F0185C5FF051
:10C7C000010C91FBF2FE02FB1E111CFA01F1014368
:10C7D000D95524E02900C9B20822DFF884312800A5
:10C7E000C0B2082790FBF7F78020474357FA84F739
:10C7F0002800C0B25FF0080C90FBFCFC802000FB1E
:10C800000CFC5CFA84F0185C5FF0010C91FBF2FE0A
:10C8100002FB1E111CFA01F130EA0101D9552B006F
:10C82000DBB22200D2B22900C9B22000C0B2FEF7AA
:10C8300057FDF1BD2DE9F84F05000E001700984691
:10C840000A9C3800C0B22900C9B2401A00F06BFA45
:10C8500081464046C0B23100C9B2401A00F063FAC6
:10C86000814502DA5FF0010B01E05FF0000B5846F2
:10C87000C0B2002805D02800350006003800474621
:10C88000804638002900C0B2C9B2884205D22800CB
:10C890003D0007003000464680464346DBB23A0082
:10C8A000D2B23100C9B22800C0B2FEF719FD781B20
:10C8B0008DF800004046C0B23100C9B2401A00F005
:10C8C00032FA8DF801009DF80000022190FBF1F989
:10C8D00030004146C0B2C9B2884202D25FF0010ABC
:10C8E00001E05FF0FF3A38002900C0B2C9B28842C7
:10C8F00024D35846C0B2002808D02200D2B2290062
:10C90000C9B23000C0B2FFF72FFF07E02200D2B259
:10C910003100C9B22800C0B2FFF726FF9DF8010020
:10C92000B9EB0009484640B2002805D51AEB0606C7
:10C930009DF8000010EB09096D1CD4E7BDE8F18FEC
:10C94000F8B504004FF480652600064807682A0001
:10C9500031003800F7F72CF8FEF70CFDF1BD0000B0
:10C960000C0F00202026002080B5AFF30080024A83
:10C9700011001820ABBEFBE72600020080B5DFF8EF
:10C980007003DFF870130160002141601F21816096
:10C9900040F2FF31C16000210161002141610021AD
:10C9A00081610021C161FDF7A9FB002801D0FAF7E0
:10C9B000D3FC01BD38B5DFF84043207800280FD103
:10C9C000FFF7DCFFDFF828534FF480712800FDF7F4
:10C9D0002AFE280000F0ACF900F01CF801202070BD
:10C9E000002032BD10B50400200000F055F80020F2
:10C9F00010BD80B5DFF8F8020168C96811F0800148
:10CA000071F4C0710268D1604FF48071FDF70BFEC4
:10CA1000002002BD10B5DFF8E442211D14F118001A
:10CA200000F01DF92060206810BDDFF8D00200681A
:10CA3000704780B586B001A9684600F010F9AF498B
:10CA40000968401A07B000BD10B586B00024AA4896
:10CA50000078012804D101A9684600F000F904001B
:10CA6000200006B010BD0320704700B58021A1FB57
:10CA700000017D220023F6F7F5FF00BD7D21A1FB1B
:10CA80000001C00940EA4160C909704710B50400BF
:10CA90009B480068804710BD2DE9F04F99B0040015
:10CAA0004021002209AD2800F4F772FC5FF0000875
:10CAB0005FF0000A002600275FF0000B8F4D04A8EE
:10CAC000291D1422F6F784FFA8690390FFF791FF50
:10CAD00040F2FF30059D451B20008005800D451963
:10CAE000A40A9DF80E908748844204D3864804190E
:10CAF00019F10109F7E79DF81080B4F5616F04D3CF
:10CB0000B4F5616418F10108F7E79DF811703C2C49
:10CB100002D33C3C7F1CFAE79DF81200210051FA39
:10CB200080F6280080B2B0F5806F03DBB5F5806534
:10CB3000761CF6E7300080B23C2802D33C3E7F1CD6
:10CB4000F8E7380080B23C2803D33C3F18F10108D5
:10CB5000F7E7404680B2182804D3B8F1180819F155
:10CB60000109F6E79DF80F00042190FBF1F201FBAB
:10CB70001200002817D165499DF80D00084410F8EF
:10CB8000010C4A4680B292B2904223D21FFA89F930
:10CB900048469DF80D20114411F8011C90FBF1F955
:10CBA00001FB190916E05A499DF80D00084410F8D8
:10CBB000010C4A4680B292B290420BD21FFA89F918
:10CBC00048469DF80D20114411F8011C90FBF1F925
:10CBD00001FB1909DFF83CA140F2FF31280080B2C7
:10CBE000091ACAF804105FF02060CAF81C008AF81D
:10CBF00002608AF801708AF800808AF824909DF813
:10CC000013008AF803000020CAF820005FF00040FB
:10CC1000CAF814004FF48070CAF828000020CAF83F
:10CC20000C000020CAF81000002251463048FDF7E1
:10CC300007FC002810D0DAF8040002909AF80200ED
:10CC400001909AF8010000909AF800309AF8242098
:10CC5000314909A8F7F790FB19B0BDE8F08FF8B596
:10CC600004000D000026224F002221003800FDF7AD
:10CC7000BEFB002229003800FDF720FBE17840F2DE
:10CC8000B5504143C91C8908E078042290FBF2F3B7
:10CC900002FB1300002801D1204A00E0204A6378FB
:10CCA0003D2043433C3B022093FBF0F04118607869
:10CCB000401EC0B240001300C34013F00303C91A62
:10CCC000A078401E41180F484143AB786E783C2055
:10CCD0004643F3182E784FF4616000FB0633591871
:10CCE000890201F2FF316868091A0800F2BD0000EC
:10CCF0003C250020002800407A26002080250020C6
:10CD0000442600208051010080AEFEFF78E200083A
:10CD10006CE200089824002090DC00085055440084
:10CD2000A0AA99007047002848BF40427047000001
:10CD3000010091F82000012801D102201BE0012010
:10CD400081F82000022081F82100CA200A68506280
:10CD500053200A6850620868806850F020000A6812
:10CD60009060FF200A685062012081F821000020B5
:10CD700081F8200000207047494420536C6176659B
:10CD80003A20000000000000000000000000000049
:10CD90000000000000000000000000000000000093
:10CDA0000000000000000000000000000000000083
:10CDB000000000000000F0BF000000000000008044
:10CDC00000000000000000800000000000000000E3
:10CDD000000000C05294EEBF00000048204E51BE3B
:10CDE000000000F86467BCBC000000000000000008
:10CDF000000000208133EDBF00000080B3DB14BED3
:10CE0000000000506706A3BC000000000000000006
:10CE1000000000D0E9DCEBBF00000008C39259BE5F
:10CE200000000080B0D3B8BC00000000000000008B
:10CE300000000070F98FEABF000000C0A51028BEF6
:10CE4000000000E8BFC0B0BC00000000000000000F
:10CE500000000070284CE9BF00000060134B42BE88
:10CE6000000000C03D20B8BC000000000000000031
:10CE700000000050FA10E8BF000000C05FF62BBEB3
:10CE8000000000905C71A7BC0000000000000000E2
:10CE900000000020FCDDE6BF000000C0F8F154BE39
:10CEA00000000018E9F6B9BC000000000000000016
:10CEB000000000D0C3B2E5BF00000070E43254BEF1
:10CEC00000000050DB06B4BC0000000000000000C1
:10CED00000000010EF8EE4BF00000020F36252BE9D
:10CEE000000000C02A879ABC00000000000000007B
:10CEF000000000B02272E3BF000000F0E8E056BE80
:10CF000000000028352DBDBC00000000000000001E
:10CF1000000000000A5CE2BF000000B0FA8E41BED3
:10CF200000000040AE6FBDBC00000000000000002B
:10CF300000000000564CE1BF000000F015CD5FBEC0
:10CF400000000000141C90BC000000000000000065
:10CF500000000040BD42E0BF00000030F93457BE81
:10CF6000000000E06C1E93BC000000000000000008
:10CF7000000000E0F57DDEBF000000B08A535EBE19
:10CF800000000080DA77AABC00000000000000006A
:10CF9000000000C09D81DCBF00000000FFA226BE93
:10CFA0000000006057E2B0BC00000000000000007C
:10CFB00000000060F98FDABF000000580A8151BEFE
:10CFC000000000F05F60B8BC00000000000000003E
:10CFD0000000000098A8D8BF000000607A7F45BE1E
:10CFE000000000D05433A3BC00000000000000008B
:10CFF000000000600FCBD6BF000000D091CB40BE38
:10D00000000000406D1BA0BC0000000000000000FC
:10D01000000000A0FBF6D4BF00000098C5CE52BEB1
:10D02000000000003A397EBC000000000000000053
:10D03000000000E0FE2BD3BF0000004073872BBE32
:10D0400000000000926879BC0000000000000000B1
:10D0500000000040C069D1BF00000058F16353BE1A
:10D0600000000080438D7CBC000000000000000038
:10D0700000000080D85FCFBF000000181F8354BE9F
:10D08000000000B03F42A2BC000000000000000011
:10D090000000008067FCCBBF00000060FAFF53BEB9
:10D0A00000000050E00DB8BC0000000000000000CF
:10D0B0000000000098A8C8BF000000607A7F35BE5D
:10D0C000000000C0543393BC0000000000000000CA
:10D0D00000000000DC63C5BF00000058D6FF54BE4E
:10D0E00000000000396490BC000000000000000057
:10D0F000000000C0AD2DC2BF00000080A45915BEC5
:10D10000000000E0484BABBC000000000000000045
:10D11000000000801A0BBEBF00000050BF3C5ABE8A
:10D12000000000A0B364B6BC0000000000000000D6
:10D130000000008004D6B7BF00000040BBCF36BE61
:10D140000000008076CEA8BC0000000000000000B7
:10D150000000008032BBB1BF000000402A0043BE87
:10D1600000000028C60CBDBC00000000000000004C
:10D17000000000009473A7BF000000182B3B59BEAD
:10D18000000000C0E55DA5BC00000000000000003C
:10D1900000000000EE4397BF000000A0E6C340BEC1
:10D1A00000000020958DB5BC0000000000000000CC
:10D1B000000000000000008000000000000000806F
:10D1C00000000000000000800000000000000000DF
:10D1D000000000000000000000000000000000004F
:10D1E000000000000000000000000000000000003F
:10D1F000000000000000000000000000000000002F
:10D20000000000000000000000000000000000001E
:10D21000000000000000000000000000000000000E
:10D2200000000000000000000000000000000000FE
:10D2300000000000000000000000000000000000EE
:10D2400000000000000000000000000000000000DE
:10D2500000000000000000000000000000000000CE
:10D260000000000000C0F0FCFFFEF8C0000000005D
:10D2700000000000000000000000000000000000AE
:10D28000000000000000000000000000000000009E
:10D29000000000000000000000000000000000008E
:10D2A000000000000000000000000000000000007E
:10D2B000000000000000000000000000000000006E
:10D2C000000000000000000000000000000000005E
:10D2D000000000000000000000000000000000004E
:10D2E00000C0F0FCFFFFFFFFFFFFFFFFFFFCF0C0EF
:10D2F00000000000000000000000000080C0C0C06E
:10D30000C0E0F0F0F0F070383C3C3C3C3F3F0F0395
:10D31000000000000000000000000000000000000D
:10D3200000000000000000000000000000000000FD
:10D3300000000000000000000000000000000000ED
:10D3400000000000000000000000000000000000DD
:10D3500000000000000000000000000000C0F0FC21
:10D36000FFFFFFFFFF3F0F0F03070F3FFFFFFFFF11
:10D37000FFFC30383C3C1C0E8FCFC7C3C3C3E373E4
:10D3800071303030383C0C0000000070F8CCCC0C10
:10D390000C0000C0F03C0CFCFC000000C0F01C0CB9
:10D3A0000C8CFCF00000000000000CFCFC0000C035
:10D3B0003C0C00C0FCFC0C0000FCFCCCCCCCCC0C2D
:10D3C000000C8CFCFC1C0C0C0C000000000000008D
:10D3D000000000000000000000C0F0FCFFFF7F3FE5
:10D3E0000F07C3C040303018CCCCC7C30333301054
:10D3F0000C8CCCC4C3C3E3F33130303038380C006C
:10D40000000000000000000000000C0C0C0C0F03DA
:10D41000030C0F030303030F0F000000030F0C0C9A
:10D420000C0F0301000000000000000F0F0C0300B0
:10D4300000000C0F0F0000000F0F0F0C0C0C000071
:10D4400000000F0F000000000000000000000000BE
:10D450000000000000C0F0FC3F3F0F0703000C007D
:10D46000C3C13030CCCC03333300000C0C000303B9
:10D470000300000001030F0F3C78C0000000000013
:10D48000000000000000000000000000000000009C
:10D49000000000000000000000000000000000008C
:10D4A000000000000000000000000000000000007C
:10D4B000000000000000000000000000000000006C
:10D4C000000000000000000000000000000000005C
:10D4D0000000C0300F030300000000000000000047
:10D4E0000000000300000000000000000000000039
:10D4F0000000000000000000000000030C30C0002D
:10D50000000000000000000000000000000000001B
:10D51000000000000000000000000000000000000B
:10D5200000000000000000000000000000000000FB
:10D5300000000000000000000000000000000000EB
:10D5400000000000000000000000000000000000DB
:10D5500000000000000000000000000000000000CB
:10D5600000000000000000000000000000000000BB
:10D5700000000000000000000000000000000000AB
:10D58000000000000000000000000000000000009B
:10D59000000000000000000000000000000000008B
:10D5A000000000000000000000000000000000007B
:10D5B000000000000000000000000000000000006B
:10D5C000000000000000000000000000000000005B
:10D5D0000600000000000000000F00000F00000F18
:10D5E00000000F000000000000000000000000002C
:10D5F0000000000000000000000000000000070024
:10D60000001E00E01F00FF1FF8FF03FF1F00FF01C7
:10D61000000F0000000000000000000000000000FB
:10D620000000000000000000000000000E000000EC
:10D63000C07F00F8FF01FCFF07FCFF073E800F0ED4
:10D64000000E0E000E0E000E1E800FFCFF07FCFFEA
:10D6500007F8FF01C07F000000000E00000070000E
:10D660000E38000E38000E1C000E0E000EFEFF0FCE
:10D67000FEFF0FFEFF0FFEFF0F00000E00000E006A
:10D68000000E00000E0000000E00000060000F7889
:10D69000800F7CC00F7CE00F1EF00F0EF80E0E7C8A
:10D6A0000E0E3E0E1E1F0EFE0F0EFC070EF8030E92
:10D6B000F0010E0000000E000000308001388003F1
:10D6C0003C80073C800F1E000F0E0E0E0E0E0E0E3D
:10D6D0000E0E1E1F0FFEFF0FFCFB07FCF903F0E010
:10D6E000010000000F00000000F00000F80000FE44
:10D6F0000080EF00C0E700F0E1007CE0003EE000C9
:10D70000FEFF0FFEFF0FFEFF0FFEFF0F00E0000009
:10D71000E0000E000000008001F88703FE8707FE8E
:10D72000870FFE070F0E030E8E030E8E030E8E075D
:10D730000F8EFF070EFF070EFE0300FC0000000027
:10D740000E000000C07F00F0FF01F8FF07FCFF079C
:10D750003E0E0F0E070E0E070E0E070E1E0F0F3E8B
:10D76000FF0F3CFE0738FE0330F8010000000E00FA
:10D7700000000E00000E00000E00000E000F0EE074
:10D780000F0EF80F0EFE0F8EFF00CE0F00FE0300EF
:10D79000FE00003E00001E00000000000E00000021
:10D7A000F0E001F8FB03FCFB07FEFF0F1E1F0F0E4E
:10D7B0000E0E0E0E0E0E0E0E1E1F0FFEFF0FFCFBAA
:10D7C00007FCFB03F0E0010000000E000000F08306
:10D7D00001F88703FC8F07FE9F0F1E1E0F0E1C0E05
:10D7E0000E1C0E0E1C0E1E8E0FFCFF07FCFF03F816
:10D7F000FF01C07F00000000000000000000005F8B
:10D8000000000007000700147F147F14242A7F2AD9
:10D8100012231308646236495522500005030000A4
:10D82000001C2241000041221C00082A1C2A080872
:10D83000083E08080050300000080808080800608A
:10D8400060000020100804023E5149453E00427F1E
:10D85000400042615149462141454B311814127F25
:10D860001027454545393C4A4949300171090503AE
:10D870003649494936064949291E00363600000016
:10D8800056360000000814224114141414144122C6
:10D890001408000201510906324979413E7E1111F6
:10D8A000117E7F494949363E414141227F41412213
:10D8B0001C7F494949417F090901013E41415132DB
:10D8C0007F0808087F00417F41002040413F017FE1
:10D8D000081422417F404040407F0204027F7F04C1
:10D8E00008107F3E4141413E7F090909063E4151F2
:10D8F000215E7F09192946464949493101017F01C5
:10D90000013F4040403F1F2040201F7F2018207FC4
:10D910006314081463030478040361514945430008
:10D92000007F4141020408102041417F00000402B1
:10D9300001020440404040400001020400205454D1
:10D9400054787F4844443838444444203844444858
:10D950007F3854545418087E090102081454543C6A
:10D960007F0804047800447D40002040443D0000CE
:10D970007F10284400417F40007C041804787C0814
:10D9800004047838444444387C14141408081414EB
:10D99000187C7C080404084854545420043F444034
:10D9A000203C4040207C1C2040201C3C4030403C1F
:10D9B00044281028440C5050503C4464544C4400BB
:10D9C0000836410000007F000000413608000808CA
:10D9D0002A1C08081C2A08086070787C7E1C362ADD
:10D9E000361C303E3F3E3007087F09077C444444E4
:10D9F000387C7C4444387C7C7C44387C7C7C7C381F
:10DA00001E3276321E00000205020000FEE7FEE72D
:10DA1000FEE7FEE7FEE770477047704780B500F00D
:10DA200039F814480168491C016001BD80B51248ED
:10DA3000F7F7D9F801BD80B51048F7F7D4F801BD64
:10DA400080B50F48F4F7BAFC01BD80B50D48F4F776
:10DA5000B5FC01BD80B50C48FCF752FE01BD80B598
:10DA60000A48F7F7C0F801BD80B50948F4F7A6FCED
:10DA700001BD00004C260020502400200824002076
:10DA8000081F0020901F00203C250020C0230020FC
:10DA9000801E002003480168034A1278891801603B
:10DAA000704700BF2C260020570A0020F0B4024621
:10DAB000106895681318506803EB5004C0071CD514
:10DAC0004D441AE013F8017B05F8017B491EF9D19A
:10DAD00098B113F8011BC6F38106032E08BF13F893
:10DAE000016B01EB06214942801C294405D011F845
:10DAF000016B05F8016B401EF9D1A3420ED013F85B
:10DB0000016B16F0030104BF13F8011BC91C300997
:10DB10000F28DBD113F8010B0F30D7E7F0BC02F16F
:10DB20000C007047425220536C6176653A20000029
:10DB300000000000000000000000000000000000E5
:10DB400000000000000000000000000000000000D5
:10DB50000000000000000000A0860100400D03004E
:10DB6000801A060000350C0040420F0080841E0021
:10DB700000093D0000127A000024F40000366E0116
:10DB80000048E801006CDC02B5C900080000000094
:10DB9000E5C90008F3C9000815CA00082BCA000827
:10DBA00033CA000849CA000867CA00086BCA0008DF
:10DBB0007DCA000830313233343536373839616246
:10DBC000636465666768696A6B6C6D6E6F707172AD
:10DBD000737475767778797A0000000030313233CB
:10DBE0003435363738394142434445464748494A37
:10DBF0004B4C4D4E4F505152535455565758595AFD
:10DC00000000000010B5074979441831064C7C44E7
:10DC1000163404E00A68081D114488470146A142F1
:10DC2000F8D110BD2C000000480000004EF68851CD
:10DC3000CEF20001086840F470000860BFF34F8F17
:10DC4000BFF36F8F4FF00070E1EE100A70470000D5
:10DC50004B3BFFFF201C00005C0A0020000000007E
:10DC60004DFEFFFFEC0700005209000000000020FD
:10DC70000D0A3D3D3D3D3D3D3D3D3D3D3D3D3D3D37
:10DC80003D3D3D3D3D3D3D3D3D3D3D0D0A000000DE
:10DC9000616C61726D206661696C3A2025642D2586
:10DCA000643A25643A25643A25640D0A00000000B0
:10DCB00000F00DF8002801D0FFF7A4FFAFF30080BB
:10DCC0000020AFF30080F9F7E8FA00F002F8012035
:10DCD000704700F001B8000007463846FEF744FEE2
:10DCE000FBE700003D3D3D3D204D41494E20505257
:10DCF0004F4752414D494E47203D3D3D3D0D0A00A5
:10DD00003D3D3D3D3D3D3D3D3D3D3D3D3D3D3D3D43
:10DD10003D3D3D3D3D3D3D3D3D0D0A00755F617022
:10DD2000705F636F6D6D3A2074782074696D6572F1
:10DD30002063620D0A000000755F6170705F636FA1
:10DD40006D3A2075617274202564206572726F725D
:10DD5000210D0A00755F6170705F636F6D6D3A2011
:10DD600073657420727463210D0A0000534C415690
:10DD7000455F454E5649525F53414F564945540001
:10DD800073616F7669657467726F75702E636F6DFE
:10DD90002E766E00535654485F53564D5F444C5395
:10DDA0005F56315F325F320061742B72646C617355
:10DDB00074666F726C6F673D0000000061742B72B7
:10DDC000646C617374666F726F706572613D0000A0
:10DDD00061742B72646C617374666F726576656EC4
:10DDE000743D000061742B72646C617374666F72B1
:10DDF0006770733D0000000061742B726573746F6F
:10DE00007265736C6176653F00000000456E746555
:10DE1000722050617373776F72640000312E4D6F02
:10DE2000646275732052545500000000322E436125
:10DE30006C6962726174696F6E000000342E496E05
:10DE4000666F726D6174696F6E00000053455420F7
:10DE50004D4F44425553205254550000312E4944F1
:10DE60002020202020203A2000000000322E426195
:10DE70007564726174653A200000000043414C49AA
:10DE8000422053454E534F5200000000312E5A5F3E
:10DE9000536F6C7574696F6E3A200000332E535FB8
:10DEA000536F6C7574696F6E3A200000537563632D
:10DEB00065737366756C6C792100000000000000CA
:10DEC000000000000102030406070809526573748C
:10DED0006F7265204F4B210D0A00000061742B6D9D
:10DEE0007174746D61696E3D0000000061742B6D8A
:10DEF0007174746D61696E3F0000000061742B6D78
:10DF00007174746261636B75703D000061742B6D98
:10DF10007174746261636B75703F000061742B7281
:10DF20006573657470756C73653F000061742B6672
:10DF30006C6F777468726573683D000061742B665E
:10DF40006C6F777468726573683F000061742B7141
:10DF500075616E7468726573683D000061742B7141
:10DF600075616E7468726573683F000061742B623E
:10DF700061747468726573683D00000061742B629F
:10DF800061747468726573683F00000061742B658A
:10DF9000726173656D656D3F0000000061742B66F2
:10DFA0007776657273696F6E3F00000061742B6C49
:10DFB0006F67696E6465783F0000000061742B72C2
:10DFC000646C6173746C6F673F00000061742B6C4C
:10DFD0006576656C63616C69623D000061742B6CF1
:10DFE0006576656C63616C69623F000061742B6CDF
:10DFF0006576656C7468726573683D0061742B6C3E
:10E000006576656C7468726573683F0061742B6532
:10E01000786261747468726573683D0061742B6521
:10E02000786261747468726573683F0061742B77FD
:10E030006D6368616E6E656C3D00000061742B77E6
:10E040006D6368616E6E656C3F00000061742B6DDE
:10E050006F64696E666F723D0000000061742B6D25
:10E060006F64696E666F723F0000000061742B7010
:10E0700072657373696E666F723D000061742B7018
:10E0800072657373696E666F723F000061742B7204
:10E0900065736574736C6176653F00000148804765
:10E0A00001480047ADE0000885E200080248016829
:10E0B00051F470010160704788ED00E054656D70A7
:10E0C00020203A2000000000332E4F6666736574EE
:10E0D00000000000312E70485F4154433A20000098
:10E0E000322E54656D7020203A2000002A56657249
:10E0F00073696F6E00000000576562736974653A5A
:10E1000000000000917C00089B7C0008B97C00089E
:10E110005265736574204F4B210D0A0061742B7397
:10E120006572693D0000000061742B736572693F80
:10E130000000000061742B73696D736572693F00A4
:10E1400061742B73777365727665720061742B64EA
:10E150007574793D0000000061742B647574793F1B
:10E160000000000061742B667265716D696E3D0080
:10E1700061742B667265716D696E3F0061742B73FB
:10E18000617665626F783F0061742B6E756D7761A3
:10E190006B653D0061742B726561646C6F673D0057
:10E1A00061742B70756C73653D00000061742B7099
:10E1B000756C73653F00000061742B646562756760
:10E1C0003D00000061742B64656275673F000000CC
:10E1D00061742B6D72657365743F000061742B75FB
:10E1E00073657275726C3D0061742B757365726630
:10E1F00074703D0061742B746573746C6F673F00BD
:10E2000061742B726561646C6F673F0061742B737E
:10E210006C6176653D00000061742B736C617665FE
:10E220003F00000061742B6F6E74656D683F0000E5
:10E2300061742B6F666674656D683F0061742B694D
:10E2400064736C6176653F0061742B6964736C6103
:10E2500076653D0061742B6272736C6176653F0078
:10E2600061742B6272736C6176653D001F1C1F1E0A
:10E270001F1E1F1F1E1F1E1F1F1D1F1E1F1E1F1FB5
:10E280001E1F1E1FAFF30080FFF7D0FCFFF710FD2D
:10E2900053656E736F722E004C6F6767696E000076
:10E2A00053455454494E470070483A20000000003E
:10E2B00041443A2000000000322E5A65726F00007F
:10E2C000342E536C6F7065004F4646534554000022
:10E2D000496E666F722E00002A4D6F64656C0000F7
:10E2E00000000000010203041820002000000000CC
:10E2F00018210020000000004552524F520000003B
:10E300000000000000000000000000000C00000001
:10E31000000000000C00000061742B7274633D006B
:10E3200061742B7274633F0061742B6770733F00DC
:10E3300061742B656E6400009821002000000000CD
:10E340003C4E554C4C3E0000252E2A660000000035
:10E35000686A6C747A4C00007048000020894300A1
:10E3600020704800FFF7FEBFFFF7FEBFFFF7FEBFBC
:10E37000FFF7FEBFFFF7FEBFFFF7FEBFFFF7FEBFD1
:10E38000FFF7FEBFFFF7FEBFFFF7FEBFFFF7FEBFC1
:10E39000FFF7FEBFFFF7FEBFFFF7FEBFFFF7FEBFB1
:10E3A000FFF7FEBFFFF7FEBFFFF7FEBFFFF7FEBFA1
:10E3B000FFF7FEBFFFF7FEBFFFF7FEBFFFF7FEBF91
:10E3C000FFF7FEBFFFF7FEBFFFF7FEBFFFF7FEBF81
:10E3D000FFF7FEBFFFF7FEBFFFF7FEBFFFF7FEBF71
:10E3E000FFF7FEBFFFF7FEBFFFF7FEBFFFF7FEBF61
:10E3F000FFF7FEBFFFF7FEBFFFF7FEBFFFF7FEBF51
:10E40000FFF7FEBFFFF7FEBFFFF7FEBFFFF7FEBF40
:10E41000FFF7FEBFFFF7FEBFFFF7FEBFFFF7FEBF30
:10E42000FFF7FEBFFFF7FEBFFFF7FEBFFFF7FEBF20
:10E43000FFF7FEBFFFF7FEBFFFF7FEBFFFF7FEBF10
:10E44000FFF7FEBFFFF7FEBFFFF7FEBFFFF7FEBF00
:10E45000D0033132333400014008F4010000EB9363
:10E46000000801011A5007D00700003D940008027F
:10E470002912640812E51052031050078813000097
:10E48000619500080410212812DF10520510120AAD
:10E4900008100319960008060852050412311010DE
:10E4A000026CDD00083B13003001B2200120100097
:10E4B00000456E74657220746F205365747570002A
:10E4C0000020100557616974696E670B41102003C5
:10E4D00020446F6E650952001030034572726F72EE
:10E4E0001F3101200290E200080B9207E192010C1B
:10E4F000400403FE000058E3B821B443BCE03021DF
:10E5000018125C18213821E4F2019848220134C322
:10E510000CDE189003021800010560611820020348
:10E52000300001FCF201A04822020CE21C4820014C
:10E5300012000211D22C1812031812090CC3C8E0E1
:10E54000181204182564D23C30120518120B0CD294
:10E550004C18110113030C0C525C186101100302DA
:10E560000400030D11526C1865D0120318120E0C22
:10E57000F2017C4813040F0C52A8D861FC1003026E
:10E58000050004100CE2B01810025A0004110C87A8
:10E590008CDE682101115D11C3D4010000B8201286
:10E5A00004182920D29C3012051812140BD2C03046
:10E5B00012061812150CF601C8681305160C56D46D
:10E5C000381205481660E01003020E00051711927C
:10E5D000E01825F8119013051811F201D048130620
:10E5E000190CD6EC808004021C00061A000175B0DC
:10E5F00010020400061B0CE2D8D81130F2021C30C5
:10E60000120530F2031D4810021800071E0CEAAC78
:10E6100010F00301180208100001E20114B3093DD3
:10E62000126002597800082425488F6578DC0321A0
:10E63000108FDB78DC03210112E71052043112E85D
:10E64000198F0379DC0321014F0979DC0361011281
:10E650000F105E94DC03E0025C0A00208F80045DF2
:10E660003300085D338421081263104391338852CC
:10E67000010440040934000837348C52020443A5D5
:10E68000343C299C6DB80352FF1412B0111E602156
:10E69000031AC04D10048025000040381D124B0C99
:10E6A0001D40041300961812DA0812E1045003C248
:10E6B00001009820988E0194044F7591F404611024
:10E6C00043879190210C251843B5918C211010039C
:10E6D00060EA0000D110614021288F8D01340512BD
:10E6E000DC15839301402104831502402D6405430A
:10E6F0005502C821102D4405170B03585150100323
:10E70000983A00001F105206102D84051233109203
:10E7100007A012471065452120129910433426D8CE
:10E720003C0BBC02AE02A80091019603F203DDC9C6
:10E7300003C402803F18228C131CE1408A0030522F
:10E740002810690C1234102D4004690C1ADC808FDB
:10E750000C00180452EC1052051012FC102D280465
:10E76000690C430CDF1069B0524050520810524CF3
:10E7700070520910525810520A10526430520B1045
:10E78000527010520C10521C60520D10527C2052CC
:10E790000E10528810520F105294106D3403522CE8
:10E7A00040521110523C10521210524C1052131081
:10E7B000525C10521410126C10217C6215805110A2
:10E7C00052161012A07021DC52171052AC105218C1
:10E7D000105E1864065219105220106D4C0452B885
:10E7E00030521B1052C4106D3C0412D010252C6DF9
:10E7F0003404478CDF90521E10529C90521F1056CA
:10E80000DC00690552E81052211052AC405222102F
:10E8100052F4205323000142E21052241052BC60F3
:10E820005225101EA8F403255C6226201110254CE9
:10E8300052271052D01052281056CC505229105244
:10E84000DC10522A1012EC1025BC522B1052FC1076
:10E85000522C10562830522D1052E480522E104760
:10E860000CE230522F1052181062302042E0505209
:10E870003110521C105232104724E26052331056AD
:10E8800030006D3109472CE000523510523C1052D7
:10E890003610474CE050523710525C10523810433B
:10E8A0006CE0F0523910527C10523A10528C1052D7
:10E8B0003B1052F8E0623C7051906DDE05524810FA
:10E8C000523E10525410523F105260105241104F9D
:10E8D00030E3B8054B0C1913430C1B081003B4DBD1
:10E8E0000008DC04F309F63C0452FF01E3563A1435
:09E8F0001D50040002032D010378
:040000050800E28588
:00000001FF
