:020000040800F2
:10000000D82A0020B1E40008BDDD0008BFDD0008EB
:10001000C1DD0008C3DD0008C5DD000800000000E8
:10002000000000000000000000000000C7DD000824
:10003000C9DD000800000000CBDD0008CDDD0008B0
:1000400065E7000869E700086DE7000871E7000848
:1000500075E7000879E700087DE7000881E70008F8
:1000600085E7000889E700088DE7000891E70008A8
:1000700095E70008DDDD000899E70008E7DD0008E6
:100080009DE70008A1E70008A5E70008A9E7000828
:10009000ADE70008B1E70008B5E70008B9E70008D8
:1000A000BDE70008C1E70008C5E70008C9E7000888
:1000B000CDE700080000000000000000D1E70008C4
:1000C000D5E70008D9E70008DDE70008E1E7000808
:1000D000E5E70008F1DD0008E9E70008FBDD0008BE
:1000E000EDE7000805DE0008000000000000000049
:1000F0000000000000000000000000000000000000
:1001000000000000F1E7000800000000F5E700082B
:100110000000000000000000F9E70008FDE700080B
:1001200001E8000805E8000809E800080DE80008F3
:1001300011E80008000000000000000000000000BE
:1001400015E8000819E800081DE8000821E8000883
:1001500025E800080FDE000819DE000829E800087D
:100160002DE8000831E8000835E80008000000002C
:1001700039E800083DE8000841E8000800000000F8
:1001800045E8000849E800084DE8000880B5DFF8B8
:10019000840A0078012806D0022807D0042808D055
:1001A000082809D00BE000F088F808E000F037FCE0
:1001B00005E000F037FD02E000F046FEFFE701BD7C
:1001C0002DE9F0410024DFF84C5A287A002871D13B
:1001D000DFF8446A0421300001F0DEF9002801D183
:1001E000012700E000270221300001F0D5F90028A6
:1001F00002D15FF0010801E05FF00008012130004A
:1002000001F0CAF9002801D1012600E000262021D2
:10021000DFF8080A01F0C0F9002801D1012000E050
:10022000002057EA480757EA86073C0054EAC00412
:100230002000C0B2012805D0022803D0042801D034
:1002400008282DD16868401C68606868502826D34B
:100250002C7001202872DFF8C80921000278C9B289
:10026000914215D1DFF8C41B0A68521C0A600A6863
:10027000322A04D350226A6032220A600EE00968F2
:10028000322902D34E21696008E00021696005E04F
:10029000002169600021DFF8942B1160047009E0EF
:1002A0000020DFF87C190870282068600020DFF843
:1002B0007C1B08602878BDE8F0817FB5DFF8704BC3
:1002C000A078002810D0012832D0022861D003285D
:1002D00000F0C080042800F04381052800F0F5817B
:1002E000072800F0008399E3DFF828590020E86030
:1002F000DFF8406B0A220021300001F0D3F93020F2
:100300003070302070703020B0703020F070E868AD
:100310000001801CC0B203900296062001900520C7
:100320000090062300220121A01C01F028FF75E3A4
:10033000DFF8E008C168491CC160C16804291EDB00
:10034000DFF8F00A01F036FF012815D1A51C0622BE
:10035000290014F1080001F0F3F9F12003900020C6
:1003600002900B2001900820009008230022022117
:10037000280001F004FF0BE00020A07008E0C06836
:100380000001801C0200D2B20021A01C01F0D4FEAA
:1003900044E32079082806D05BD30A282FD018D34D
:1003A0000B2841D055E0A51C0622290014F10800B5
:1003B00001F0C6F9F1200390002002900E20019078
:1003C0000D2000900D2300220321280001F0D7FE0C
:1003D0003FE0A51C0622290014F1080001F0B0F945
:1003E000F120039000200290122001901120009033
:1003F000112300220421280001F0C1FE29E0A51CE0
:100400000622290014F1080001F09AF9F120039066
:100410000020029017200190142000901423002245
:100420000521280001F0ABFEA51C0622290014F1CD
:10043000080001F085F900200390002002901A20A6
:1004400001901A2000901A2300220621280001F0B2
:1004500096FEE3E220790D2802D00E2840D07EE0FF
:10046000E078002802D001281FD038E0A61C062220
:10047000310014F1080001F063F9DFF89857F22019
:10048000039015F10C0002900E2001900D200090B9
:100490000D23E278521CD2B20321300001F06FFE2E
:1004A000DFF894094078E86019E0A51C06222900CD
:1004B00014F1080001F044F9F020039000200290AC
:1004C0001D2001901D2000901D23002207212800DF
:1004D00001F055FE0120DFF860190870FFE73EE0EB
:1004E000E078002802D001281FD038E0A61C0622A0
:1004F000310014F1080001F023F9DFF81857F22059
:10050000039015F10C0002900E2001900E20009037
:100510000E23E278521CD2B20321300001F02FFEEC
:10052000DFF814094068E86019E0A51C06222900DC
:1005300014F1080001F004F9F0200390002002906B
:100540001D2001901D2000901D230022072128005E
:1005500001F015FE0120DFF8E0180870FFE75DE20A
:100560002079112802D0122845D0ADE0E07800288B
:1005700002D001281FD03DE0A61C0622310014F154
:10058000080001F0DDF8DFF88C56F220039015F139
:100590000C00029012200190112000901123E278AB
:1005A000521CD2B20421300001F0E9FDDFF88808C6
:1005B000806BE8601EE0A51C0622290014F10800EB
:1005C00001F0BEF8F0200390002002901D20019061
:1005D0001D2000901D2300220721280001F0CFFDDF
:1005E000DFF858185FF07E5008600422022002F005
:1005F000A1FAFFE768E0E078002802D001281FD0C8
:1006000061E0A61C0622310014F1080001F098F800
:10061000DFF80056F220039015F10C000290122032
:100620000190112000901223E278521CD2B20421D2
:10063000300001F0A4FDDFF80008C06BE86042E084
:10064000A51C0622290014F1080001F079F8F02019
:100650000390002002901D2001901D2000901D237A
:1006600000220721280001F08AFDDFF8D0475FF063
:100670007E502060DFF8C8570021DFF8BC07C06B50
:1006800003F096F885ED000ADFF8B8670021DFF87F
:100690008405C06803F08CF886ED000A95ED000A29
:1006A000B5EE400AF1EE10FA07D096ED000AD5ED4E
:1006B000000A80EE200A84ED000A042221000320B3
:1006C00002F038FAFFE7FFE7A8E12079142809D003
:1006D000C0F00881162800F0858043D3172800F069
:1006E000C180FFE0E078002802D001281FD038E068
:1006F000A61C0622310014F1080001F021F8DFF8F1
:100700001455F220039015F10C000290172001906F
:10071000142000901423E278521CD2B2052130003C
:1007200001F02DFDDFF81007806AE86019E0A51CD4
:100730000622290014F1080001F002F8F0200390CD
:10074000002002901D2001901D2000901D230022FA
:100750000721280001F013FD0120DFF8DC160870E6
:10076000FFE7BFE0E078002802D001281FD038E082
:10077000A61C0622310014F1080000F0E1FFDFF8AA
:100780009454F220039015F10C0002901720019070
:10079000142000901523E278521CD2B205213000BB
:1007A00001F0EDFCDFF89006C06AE86019E0A51CD6
:1007B0000622290014F1080000F0C2FFF020039087
:1007C000002002901D2001901D2000901D2300227A
:1007D0000721280001F0D3FC0120DFF85C16087027
:1007E000FFE77FE0E078002802D001281FD038E042
:1007F000A61C0622310014F1080000F0A1FFDFF86A
:100800001454F220039015F10C000290172001906F
:10081000142000901623E278521CD2B20521300039
:1008200001F0ADFCDFF81006006BE86019E0A51CD4
:100830000622290014F1080000F082FFF020039046
:10084000002002901D2001901D2000901D230022F9
:100850000721280001F093FC0120DFF8DC15087067
:10086000FFE73FE0E078002802D001281FD038E001
:10087000A61C0622310014F1080000F061FFDFF829
:100880009453F220039015F10C0002901720019070
:10089000142000901723E278521CD2B205213000B8
:1008A00001F06DFCDFF89005406BE86019E0A51CD5
:1008B0000622290014F1080000F042FFF020039006
:1008C000002002901D2001901D2000901D23002279
:1008D0000721280001F053FC0120DFF85C150870A7
:1008E000FFE7FFE79AE0207A032806D0C0F0958062
:1008F000052834D0C0F08E808FE00320DFF8381553
:100900000870A07A0D2802D00E280AD026E0DFF861
:1009100028094178DFF8FC02C068C0B203F0BCF9D6
:100920001CE000200100C9B20B2910DADFF80C1915
:100930000200D2B251F82210DFF8D822D2689142D8
:1009400003D1DFF8F418487001E0401CEAE7DFF853
:10095000E8084178007803F09FF9FFE75DE00320A5
:10096000DFF8D4140870A07A142806D051D31628C2
:1009700027D012D3172838D04BE0DFF8C408D0EDC9
:100980000C1A90ED0A1AD0ED0B0AA24890ED030A5A
:10099000B8EEC00A02F060F93BE0DFF8A408D0ED41
:1009A0000C1A90ED0A1A9B49C968642291FBF2F176
:1009B00000EE101AF8EEC00A90ED090A02F04CF9A8
:1009C00027E0DFF87C08D0ED0C1A9249C968642250
:1009D00091FBF2F100EE101AB8EEC01AD0ED0B0A3E
:1009E00090ED090A02F038F913E0DFF8540889495C
:1009F000C968642291FBF2F100EE101AF8EEC01AF9
:100A000090ED0A1AD0ED0B0A90ED090A02F024F9D4
:100A1000FFE702E002F07EF8FFE7FFE77FBD10B5D9
:100A2000DFF80C349878002809D0022818D007D3B2
:100A300004286ED021D3052800F09C80E9E0E8E08E
:100A4000DFF8F0037349CA68825C521CCB68C25459
:100A5000CA68825C3A2A02DB3022C9684254D8E074
:100A600058791979884202D21879401E1871F122FA
:100A70000021981C01F060FBCBE0D87800280CD155
:100A800058791979884202D21879401E1871F122DA
:100A90000021981C01F050FB3AE018790D2802D093
:100AA0000E2811D034E0D878002802D0012801D0D7
:100AB00009E008E05748C168B1F5807F02DAC168F3
:100AC000491CC160FFE723E0D878002802D0012844
:100AD00001D01DE01CE000210800C0B20B2816DA8E
:100AE000DFF858274B480B00DBB252F82330C468BC
:100AF000A3420AD10B00DBB20A2B06DA0B00DBB2F1
:100B000002EB83025268C26001E0491CE4E7FFE7A0
:100B10007FE0D87800280CD158791979884202D220
:100B20001879401E1871F1220021981C01F004FB75
:100B30001FE01879112802D012280DD019E0D878BA
:100B4000002802D0012801D005E004E04FF47A70BB
:100B50003049C860FFE70CE0D878002802D00128AF
:100B600001D005E004E02B48C168491CC160FFE7E3
:100B7000FFE74EE0D87800280CD1587919798842DF
:100B800002D21879401E1871F1220021981C01F040
:100B9000D3FA3DE01879142806D039D316281DD091
:100BA0000FD3172827D033E0D878002802D00128A7
:100BB00001D005E004E01748C168491CC160FFE7A7
:100BC00026E0D878002802D0012801D005E004E012
:100BD0001048C168491CC160FFE719E0D8780028B7
:100BE00002D0012801D005E004E00A48C168491C90
:100BF000C160FFE70CE0D878002802D0012801D0BE
:100C000005E004E00348C168491CC160FFE7FFE755
:100C1000FFE710BDF0250020000400480008004850
:100C2000C026002010B5824B9878002809D00228F1
:100C300018D007D3042870D021D3052800F0A28053
:100C4000F3E0F2E07B48DFF8FC15CA68825C521ED4
:100C5000CB68C254CA68825C302A02DA3922C96879
:100C60004254E2E018799979884202D21879401CFE
:100C70001871F1220021981C01F05EFAD5E0D878B5
:100C800000280CD118799979884202D21879401C31
:100C90001871F1220021981C01F04EFA3CE01879FD
:100CA0000D2802D00E2811D036E0D878002802D0C6
:100CB000012801D009E008E0DFF88805C1680129B2
:100CC00002DBC168491EC160FFE725E0D878002833
:100CD00002D0012801D01FE01EE00A221000C0B29D
:100CE000002818D0DFF85435DFF858151000C0B2CE
:100CF00053F82000CC68A0420BD11000C0B20028ED
:100D000007D01000C0B203EB800050F8040CC8609C
:100D100001E0521EE2E7FFE787E0D87800280CD117
:100D200018799979884202D21879401C1871F122F9
:100D30000021981C01F000FA23E01879112802D054
:100D400012280ED01DE0D878002802D0012801D04A
:100D500006E005E04FF47A70DFF8E814C860FFE7BA
:100D60000FE0D878002802D0012801D009E008E07F
:100D7000DFF8D004C168012902DBC168491EC160E7
:100D8000FFE752E0D87800280CD118799979884289
:100D900002D21879401C1871F1220021981C01F030
:100DA000CBF941E01879142806D03DD316281FD07E
:100DB00010D317282AD037E0D878002802D001288D
:100DC00001D006E005E0DFF87C04C168491EC1607F
:100DD000FFE729E0D878002802D0012801D006E0FA
:100DE00005E0DFF86004C168491EC160FFE71BE051
:100DF000D878002802D0012801D006E005E0DFF80D
:100E00004404C168491EC160FFE70DE0D87800289E
:100E100002D0012801D006E005E0DFF82804C1680F
:100E2000491EC160FFE7FFE7FFE710BD6C26002009
:100E30003826002000000020F42400207026002026
:100E4000742600207826002038B584B0DFF8F843F7
:100E5000A07800280FD0022811D00DD3042800F06C
:100E600083800FD3062800F0D181C0F0EE800728E0
:100E700000F0D381DEE1DDE10020A070DAE10020A6
:100E8000A070D7E120790D2802D00E2836D06AE074
:100E9000E078002802D0012816D02EE0A51CF12011
:100EA0000390002002900B2001900820009008235E
:100EB00000220221280001F062F90622290014F123
:100EC000080000F03DFC18E0A51C0622290014F1E2
:100ED000080000F035FCF1200390DFF87003029069
:100EE0000E2001900D2000900D23E078421ED2B21A
:100EF0000321280001F043F9FFE734E0E0780028FF
:100F000002D0012816D02DE0A51CF120039000206E
:100F100002900B200190082000900823002202215B
:100F2000280001F02CF90622290014F1080000F035
:100F300007FC17E0A51C0622290014F1080000F0A8
:100F4000FFFBF1200390C24802900E2001900D207B
:100F500000900E23E078421ED2B20321280001F057
:100F60000EF9FFE7FFE765E12079112802D012288A
:100F700035D069E0E078002802D0012816D02DE0B5
:100F8000A51CF12003900020029012200190112056
:100F90000090112300220221280001F0F0F806221F
:100FA000290014F1080000F0CBFB17E0A51C062275
:100FB000290014F1080000F0C3FBF1200390A548BC
:100FC000029012200190112000901123E078421E1F
:100FD000D2B20421280001F0D2F8FFE734E0E07833
:100FE000002802D0012816D02DE0A51CF120039086
:100FF0000020029012200190112000901223002264
:101000000221280001F0BBF80622290014F1080093
:1010100000F096FB17E0A51C0622290014F1080039
:1010200000F08EFBF12003908B480290122001907B
:10103000112000901223E078421ED2B20421280031
:1010400001F09DF8FFE7FFE7F4E02079142808D0CD
:10105000C0F0DB8016286ED038D3172800F0A080AF
:10106000D3E0E078002802D0012816D02DE0A51C9E
:10107000F1200390002002900B20019008200090A6
:10108000082300220221280001F079F80622290015
:1010900014F1080000F054FB17E0A51C06222900FB
:1010A00014F1080000F04CFBF12003906B48029013
:1010B00017200190142000901423E078421ED2B231
:1010C0000521280001F05BF8FFE79EE0E0780028AA
:1010D00002D0012816D02DE0A51CF120039000209D
:1010E00002900B200190082000900823002202218A
:1010F000280001F044F80622290014F1080000F04D
:101100001FFB17E0A51C0622290014F1080000F0BF
:1011100017FBF120039052480290172001901420F1
:1011200000901523E078421ED2B20521280001F07C
:1011300026F8FFE769E0E078002802D0012816D001
:101140002DE0A51CF1200390002002900B200190BF
:1011500008200090082300220221280001F00FF847
:101160000622290014F1080000F0EAFA17E0A51C95
:101170000622290014F1080000F0E2FAF1200390A1
:101180003848029017200190142000901623E07830
:10119000421ED2B20521280000F0F1FFFFE734E043
:1011A000E078002802D0012816D02DE0A51CF120FF
:1011B0000390002002900B2001900820009008234B
:1011C00000220221280000F0DAFF0622290014F193
:1011D000080000F0B5FA17E0A51C0622290014F15A
:1011E000080000F0ADFAF12003901F48029017208C
:1011F0000190142000901723E078421ED2B20521FE
:10120000280000F0BCFFFFE7FFE713E0062214F11F
:101210000801A01C00F094FA0CE0144D2878022874
:1012200007D0062214F10801A01C00F089FA002062
:101230002870FFE705B030BD680A0020F4040020E4
:10124000AC240020F025002038260020F5240020C2
:10125000F82400202C250020302500201C2500200B
:10126000202500202425002028250020F42400200B
:10127000F8B4030000250868E840002800F0D78093
:1012800001260F6816FA05F007403A00002A00F020
:10129000CC80087910F00300012804D0087910F000
:1012A000030002281DD19F685FF0030C2800C0B224
:1012B00040001CFA00FC37EA0C07D1F80CC02800EB
:1012C000C0B240001CFA00FC5CEA07079F60586847
:1012D000AE40B0434E68C6F30016AE403043040043
:1012E0005C60087910F0030003280ED0DE68032745
:1012F0002800C0B240008740BE438F682800C0B2BB
:10130000400087403E433400DC60087910F0030061
:10131000022818D12800C00803EB8000066A0F27B6
:1013200015F00700C0B280008740BE430F6915F07A
:101330000700C0B2800087403E4334002800C00848
:1013400003EB800004621E6803272800C0B240003F
:101350008740BE430F7917F003072800C0B2400052
:1013600087403E4334001C60486810F4403F5CD026
:101370009548066856F001060660006810F0010006
:1013800000900098914F2800800857F820605FF087
:101390000F0C15F00300C0B280001CFA00FC36EA06
:1013A0000C06B3F1904F01D1002414E08848834229
:1013B00001D101240FE08748834201D102240AE0D1
:1013C0008548834201D1032405E08448834201D14A
:1013D000042400E0072415F00300C0B2800084401C
:1013E00026432800800847F820607D4C2068904301
:1013F0004F68FF0200D5104320607A4E3468944352
:101400004F68BF0200D514433460774E3068904374
:101410004F68BF0300D510433060744E3468944366
:101420004F68FF0300D5144334606D1C23E7F1BC03
:1014300070472DE9F041030000250800E84000282E
:1014400000F0A880012616FA05F008400200002AE4
:1014500000F09E80DFF874C1280080085CF820004E
:101460000F2715F0030E5FFA8EFE5FEA8E0E17FA55
:101470000EFE1EEA00000400B3F1904F02D15FF0AF
:10148000000E19E05248834202D15FF0010E13E0D2
:101490005048834202D15FF0020E0DE04E48834275
:1014A00002D15FF0030E07E04C48834202D15FF0A7
:1014B000040E01E05FF0070E15F00300C0B28000DB
:1014C0001EFA00FE74452CD14848D0F800E03EEAF0
:1014D000020EC0F800E04448D0F800E03EEA020EF8
:1014E000C0F800E03F48D0F800E03EEA020EC0F845
:1014F00000E03B48D0F800E03EEA020EC0F800E011
:1015000015F00300C0B2800017FA00F004002800B4
:1015100080085CF82000A043AE465FEA9E0E4CF8BF
:101520002E005FF0030C1868AE465FFA8EFE5FEA8D
:101530004E0E1CFA0EFE5EEA000018602800C0087D
:1015400003EB800E2800C00803EB8000D0F8208059
:1015500015F00700C0B28000874038EA0707CEF8D0
:10156000207098682F00FFB27F001CFA07F7B8437D
:1015700098605868AE4030EA06065E60DE68280073
:10158000C0B240001CFA00FC36EA0C0CC3F80CC0D8
:101590006D1C52E7BDE8F081020010690B009BB2A0
:1015A000184201D0012000E00020C0B270471300B3
:1015B000DBB2002B03D00B009BB2836102E00B0077
:1015C0009BB2836270470000601002400800014037
:1015D0000004004800080048000C004800100048C3
:1015E000080401400C0401400404014000040140CF
:1015F00038B504000D00DFF8FC010168200000F0A0
:1016000006F8A84201D3012000E0002032BD81424B
:1016100004D25FF0FF32101A081800E0081A704771
:1016200038B52DED048B08EE100A0C001500DFED27
:10163000438A2800C0B2FB2810DBB8EEC89A280005
:10164000C0B24042C0B200F08BF829EE009A0021EF
:101650002000B0EE490A00F0B1F80EE0B8EEC89AEA
:101660002800C0B200F07CF889EE009A2900C9B2C7
:101670002000B0EE490A00F0A1F8BDEC048B31BDAA
:1016800010B400210A00838892B29A4206D2002246
:1016900003680C00A4B21A55491CF3E700228280AB
:1016A00010BC704710B4040013005A1E9BB2002BEC
:1016B00002D02170641CF7E710BC704770B50400BD
:1016C0000D001600DFF8240100782100C9B288421D
:1016D00009D3DFF824211068002804D0310089B232
:1016E00028001268904770BD38B504000D0028002E
:1016F00002F0E2FC020092B229002000C0B2FFF723
:10170000DDFF31BD70B504000D00280002F0D4FCEF
:10171000020092B229002000C0B2FFF7CFFFDFF82D
:10172000DC603068002807D0280002F0C5FC01000A
:1017300089B228003268904770BD000000000000A8
:1017400030B404000D0013005A1E9BB2002B04D0CD
:101750002B7823706D1C641CF5E730BC70470000CB
:1017600010B504002000C0B2FB2816DB2000C0B278
:10177000D0F5807002F0D8FC41EC110B9FED200BEE
:1017800002F0EBFC53EC102B0020194902F0EEFCA8
:1017900002F010FE00EE100A0FE02000C0B202F0CE
:1017A0003DFE41EC110B9FED160B02F0D6FC51EC07
:1017B000100B02F0FFFD00EE100A10BD38B52DED44
:1017C000028B82B0B0EE408A04000D0018EE100AC1
:1017D00002F032FECDE900012A000B49200002F0A0
:1017E0004FFE02B0BDEC028B31BD00006C0A002040
:1017F0000000F03FA4260020AC260020A8260020F0
:10180000000000000000244050E7000880B50022DE
:101810004FF40071DFF8940AFFF7C9FE00224FF47D
:1018200000715FF09040FFF7C2FE02F049FEDFF862
:10183000800ADFF8801A4A1CC0F840210A1DC0F84F
:10184000582111F11802026211F12003836311F192
:1018500024030365C0F8702111F13802C0F8A021FB
:1018600011F13C02C0F8B82111F12802C0F8E821BA
:1018700011F12C03C0F800323031C0F81812C0F852
:101880003022DFF8341A0968C0F87812DFF82C1A11
:101890000968C0F8A81201BD38B500200024200056
:1018A000C0B2072835DADFF8185A2000C0B20001AC
:1018B0002844407801282AD12000C0B200012844E1
:1018C000406800280ED002F04BFE2100C9B2090189
:1018D00029444968401A2100C9B20901294489688C
:1018E000884214D300202100C9B20901294448705C
:1018F00002F036FE2100C9B20901294448602000E7
:10190000C0B22100C9B209012944C9688847641CD2
:10191000C5E7002032BD38B50400DFF8A859687863
:1019200000281FD100224FF40071DFF88009FFF773
:101930003EFE00224FF400715FF09040FFF737FE4B
:1019400002F0BEFD89200090202307220521DFF848
:10195000780902F00BFE012068700221DFF86009AF
:1019600002F04CFF012032BD7CB50400DFF85C5969
:101970002878002803D0022823D003D33DE002F0CA
:1019800067FF3AE002F0C6FF89200090202307227B
:101990000521DFF8340902F0E9FDDFF834290321DD
:1019A0002C2002F0FDFEDFF82C290421082002F093
:1019B000F7FE03F01EF841F28830DFF80419886161
:1019C0001BE00120DFF8FC184870892000902023DC
:1019D00007220521DFF8F00802F0C8FDDFF8E06813
:1019E0000221300002F00AFF0321300002F006FF5E
:1019F0000421300002F002FFFFE72878401C287025
:101A00002100C9B2DFF8B80802F007FF012076BD57
:101A100070B5040000F0C0F8DFF8A8586878012815
:101A200003D1A87800F05FFB04E00021DFF8900804
:101A300002F0E4FEDFF8A008A9780278914207D00E
:101A4000A9780170DFF894080068DFF8941808603E
:101A5000A878082812D1DFF888684FF4FA61306856
:101A6000FFF7C6FD012809D1DFF870080068306073
:101A7000062215F10801A81CFFF762FE2100C9B279
:101A8000DFF83C0802F0C9FE012070BD10B504006B
:101A9000DFF85018DFF850080069FFF7A9FD0128AA
:101AA00027D1DFF848080178012905D1002101700C
:101AB0000020DFF810188870DFF834080188491C0E
:101AC000018042F21071DFF8F8272300DBB21B011E
:101AD0001A449268B1FBF2F102888A420DD30021C8
:101AE0000180DFF8E0178878002806D00020887091
:101AF00003E00120DFF8F41708702100C9B2DFF815
:101B0000C00702F08AFE012010BD38B50400FEF7C0
:101B100057FBDFF8D457287A01280BD10521DFF8CD
:101B2000A00702F06BFEDFF8B407006828613220DE
:101B300000F01FF82100C9B2DFF8840702F06DFE43
:101B4000012032BD10B50400FEF720FBDFF8980736
:101B50000021017000210172012010BD10B50400A8
:101B600000224FF40051DFF84407FFF720FD012069
:101B700010BD10B5040001224FF40051DFF82C070E
:101B8000FFF715FDDFF83807210089B281660621CD
:101B900002F043FE10BD0000DFF81807DFF854170D
:101BA0000A784270DFF85027497852F821104160D6
:101BB000DFF8481791ED010ABDEEC00A80ED020A78
:101BC0009FED330AD1ED030A60EE800AFDEEE00AD4
:101BD000C0ED030AD1ED020A60EE800AFDEEE00AD4
:101BE000C0ED040AD1ED040A60EE800AFDEEE00AC1
:101BF000C0ED050AD1ED050AFDEEE00AC0ED060ACA
:101C0000D1ED070A60EE800AFDEEE00AC0ED070A9A
:101C1000D1ED060A60EE800AFDEEE00AC0ED080A8A
:101C2000D1ED080A60EE800AFDEEE00AC0ED090A77
:101C3000D1ED090AFDEEE00AC0ED0A0AD1ED0B0A6A
:101C400060EE800AFDEEE00AC0ED0B0AD1ED0A0A53
:101C500060EE800AFDEEE00AC0ED0C0AD1ED0C0A40
:101C600020EE800ABDEEC00A80ED0D0A91ED0D0A4E
:101C7000DFED080A20EE200ABDEEC00A80ED0E0A54
:101C800091ED0E0ABDEEC00A80ED0F0A704700000C
:101C90000000C84200007A442DE9F84F8AB00600DF
:101CA0002021002202AC200002F0FCFE00240025CE
:101CB00000208DF8050000208DF806001827DFF8B9
:101CC000F0853000C0B27843404490F81590300061
:101CD000C0B2784340444068002842D0012130001F
:101CE000C0B200F0A9F900280ED13000C0B278438C
:101CF000404442683000C0B278434044017D4846C9
:101D0000C0B202F04DFD1EE05FF0000A3000C0B22C
:101D100078434044406802F0CFF95146C9B281424D
:101D200007D2202002A95246D2B288541AF1010AE1
:101D3000ECE702AA3000C0B278434044017D484637
:101D4000C0B202F02DFD3000C0B27843404440687C
:101D500002F0B2F9DFF8A8150979491C484310FAD6
:101D600089F93000C0B2784340448068002800F010
:101D70003A813000C0B278434044007B00280BD049
:101D800002281ED012D3042830D024D3062845D0F0
:101D900036D307283ED044E03000C0B278434044F8
:101DA00080680078002104000D003AE03000C0B2E5
:101DB00078434044806890F90000C11704000D008A
:101DC0002FE03000C0B27843404480680088002192
:101DD00004000D0025E03000C0B278434044806824
:101DE000B0F90000C11704000D001AE03000C0B2C5
:101DF0007843404480680068002104000D0010E032
:101E00003000C0B27843404480680068C1170400C5
:101E10000D0006E001208DF8050002E002208DF89B
:101E200005009DF8050000280CD13000C0B27843B1
:101E30004044407B40420200D2B202A92000FFF79A
:101E4000EFFB26E09DF8050001281AD13000C0B252
:101E500078434044806802F02FF9202819D23000DE
:101E6000C0B278434044806802F026F9020092B282
:101E70003000C0B278434044816802A8FFF760FC9C
:101E800007E03000C0B278434044806800788DF8A5
:101E9000080002213000C0B200F0CEF8012823D1A2
:101EA0003000C0B278434044807DC0B200098DF854
:101EB00006009DF806000F2805D0202002A99DF8F5
:101EC0000620885410E05FF0000A02A802F0F4F83F
:101ED0005146C9B2814207D2202002A95246D2B24D
:101EE00088541AF1010AF0E73000C0B201285ED12F
:101EF0005FF0000A00208DF804003000C0B2784383
:101F00004044407B002802D009208DF8040039208D
:101F100000902E2315220F21DFF8E80302F0F6FDD2
:101F200002A802F0C9F88346DFF8D4030079401C08
:101F300000FB0BFB5846C0B2022190FBF1F01F28BA
:101F40000BDA5846C0B2022190FBF1F0D0F140000C
:101F50009DF8041050FA81FA07E05846C0B2D0F15B
:101F60005F009DF8041050FA81FA02AA3000C0B256
:101F700078434044007D401CC0B2DFF884134979A7
:101F8000D1EBC001491EC9B25046C0B202F068FF91
:101F90005AFA8BF09DF80490B0EB09098920009063
:101FA000202307220521C84802F0E0FA1BE089201F
:101FB0000090202307220521C34802F0D7FA02AA85
:101FC0003000C0B278434044017D4846C0B202F0C0
:101FD000E7FB02A802F070F8C9490979491C484397
:101FE00010FA89F081463000C0B27843404400695D
:101FF00000281ED03000C0B27843404480680028DA
:1020000017D03000C0B2784340448068BE4988424F
:102010000FD03000C0B27843404402693000C0B2F3
:1020200007FB00F708EB0700017D4846C0B202F04D
:10203000B7FB0BB0BDE8F08FF8B504000D009C496C
:102040002200D2B21820424301EB0200817D280019
:10205000C0B201402800C0B2814230D17C26AB4FD3
:102060004FF496712800C0B2704338442200D2B2B7
:1020700050F82200FFF7BCFA01282BD12800C0B28B
:1020800006FB00F607EB06002100C9B2934A12686E
:1020900040F821209E492A00D2B21F2042430A4420
:1020A0002300DBB22E00F6B21F20464301EB0600F0
:1020B0002100C9B2405CD0F10100D0540AE094493B
:1020C0002A00D2B21F20424301EB02002100C9B214
:1020D000002242548E49EDB21F20454301EB05001A
:1020E000E4B2005DF2BD70B50400002602F012FCFF
:1020F00000F077F82000C0B200F07DF82000C0B2F8
:1021000000F0A1F80025280080B21F2811DA6849E4
:102110002A0092B21820424301EB0200C07D210048
:10212000C9B2884203D12800C0B2FFF7B5FD6D1CCB
:10213000E9E702F05EFC70BDF0B44271C478037947
:102140002500EDB2AB420AD3F025594E2700FFB26D
:1021500018235F4306EB07039D75641CEFE7182304
:10216000534C85785D4325444679AE75002904D0EB
:10217000857803FB05F323449960F0BC70472DE993
:10218000F84F0700884691469A460A9E0B9DDDF857
:1021900030B00D9C87F8008087F8019087F802A086
:1021A000FE703D712200D2B259463800FFF7C4FFDD
:1021B000BDE8F18F10B4010000221000C0B2042865
:1021C0000CD21000C0B2085C524B1400E4B21B5D8C
:1021D000984201D0002002E0521CEEE7012010BC22
:1021E000704780B50120009008237F22082100203D
:1021F00002F0BAFE01BD70B504002000C0B2002894
:1022000020D13E48007800280ED1294D25A6320065
:1022100095F84410782002F0C3FA320095F85C106B
:10222000782002F0BDFA0DE01FA6214D320095F88E
:102230004410782002F0B4FA320095F85C1078204F
:1022400002F0AEFA70BD0100C9B2072924D11949C4
:102250000978002906D002290ED008D3042915D008
:102260000FD318E02C49124AC2F8C01218E02B49CB
:102270000F4AC2F8C01213E029490D4AC2F8C01231
:102280000EE028490A4AC2F8C01209E02649084A65
:10229000C2F8C01204E003E01F49054AC2F8C012A8
:1022A00070470000200000004E00000000080048B9
:1022B000D8000020F4240020580400207C000020D6
:1022C0000C00002038260020A8DB0008C1260020D2
:1022D00000E5000864E10008C2260020A4260020D2
:1022E00088260020C0270900F0250020C3260020F2
:1022F000B4260020680A0020F4040020AC2400204A
:102300004826002080D900086A0A0020201D0020ED
:102310007423002084000020880000209800002002
:10232000A8000020B8000020C80000200100012003
:10233000704730B587B004001421002202AD280098
:1023400002F0B0FBDFF8880BD0E90023CDE90023D1
:1023500002A80090DFF87C5B2978684600F0A6FAB6
:1023600028786870BDF80410009800F052FCDFF87F
:10237000680B8078042809D12878002803D12878B0
:10238000401C287001E00020287001E00020287027
:10239000DFF8A85C0221280002F030FA03212800AF
:1023A00002F03BFA2100C9B2280002F036FA0120FF
:1023B00007B030BD10B50400DFF8201B8888002866
:1023C00010D0DFF81C0B02888B889A4208D10021BC
:1023D00001800221DFF8640C02F010FA012008E00D
:1023E000898801802100C9B2DFF8500C02F015FA8B
:1023F000012010BD2DE9F041040000250026DFF882
:10240000DC7AB88803283DDB3868B988084410F8BE
:10241000010C3968BA88114411F8021C51EA0021F4
:102420000E00B988891E386802F038FE05002800C1
:10243000310080B289B288421DD10821DFF8FC0B3F
:1024400002F0EBF93868007801280DD1DFF8848AB2
:10245000012198F8010000F042FA98F80120D7E92C
:10246000000100F02CFA13E00021DFF8680A407840
:1024700000F035FA0CE00021DFF8580A407800F04F
:102480002EFA05E00021DFF84C0A407800F027FA28
:10249000DFF8400A407800F08DF80221DFF89C0B4D
:1024A00002F0CDF90120BDE8F0810100DFF8840CD5
:1024B0000278032A01D0042202700120704710B56F
:1024C00004002100C9B2DFF8740B02F0A6F9012064
:1024D00010BD10B504002100C9B2DFF8600B02F096
:1024E0009CF9012010BD38B50400DFF8E85A2878BF
:1024F00000280DD101220121DFF8DC0AFFF757F88F
:102500000520DFF8381B88672878401C28700BE00E
:1025100000220121DFF8C00AFFF749F86420DFF844
:102520001C1B8867002028702100C9B2DFF80C0B43
:1025300002F073F9012032BD38B50400DFF8001B4A
:10254000087800281AD101200870DFF8F85A012213
:1025500010212800FFF72BF8002208212800FFF7A0
:1025600026F800220421DFF8E00AFFF720F84FF4F4
:10257000FA60DFF8C81AC1F8880013E0002008707C
:1025800001220821DFF8BC0AFFF711F8012204211B
:10259000DFF8B40AFFF70BF84EF66020DFF89C1A5C
:1025A000C1F888002100C9B2DFF8900A02F035F9BD
:1025B000012032BD38B52DED028B04009FEDB68AA7
:1025C0002000C0B2002840F07F80DFF8945C95EDD9
:1025D000010ABDEEC00A10EE100A00F0F3F885ED16
:1025E000010A95ED010A00F05DF985ED050A95ED0A
:1025F000030A00F058F985ED070A95ED020A00F08C
:1026000053F985ED060A95ED040A00F04EF985EDC3
:10261000080A95ED080AD5ED0C0A30EE200A85ED82
:10262000080A95ED050AD5ED090A30EE200A9FED5E
:102630009B1AB4EE410AF1EE10FA02DBDFED980AC4
:1026400009E0B5EE400AF1EE10FA02D5DFED920A8C
:1026500001E0F0EE400AC5ED050AD5ED070AD5ED1B
:102660000B1A70EEA10AF4EE410AF1EE10FA02DB49
:102670009FED8B0A09E0F5EE400AF1EE10FA02D563
:102680009FED850A01E0B0EE600A85ED070A95ED41
:10269000060A95ED0A1A30EE018A9FEDBA0AB4EEE9
:1026A000408AF1EE10FA02DB9FEDB70A09E0B5EEC1
:1026B000408AF1EE10FA02D59FED770A01E0B0EE04
:1026C000480A85ED060AFFE7DFF8945B28780028C2
:1026D00007D10020686095ED010A00F0E3F885ED70
:1026E000050A2878002807D10020E86095ED030A44
:1026F00000F0D9F885ED070A2878002807D10020D6
:10270000A86095ED020A00F0CFF885ED060A28785A
:10271000002807D10020286195ED040A00F0C5F8D3
:1027200085ED050ABDEC028B31BD2DE9F041002499
:102730002500EDB20A2D43DA00252E00F6B2092E4F
:102740003CDA2E00F6B201EB860676682F00FFB267
:1027500051F82770BE422FDA00262F00FFB251F841
:102760002770AC465FFA8CFC01EB8C0CDCF804C0E3
:10277000AE465FFA8EFE41F82EC0AC465FFA8CFC86
:1027800001EB8C0CCCF80470AC465FFA8CFC50F872
:102790002CC0AE465FFA8EFE00EB8E0EDEF804E033
:1027A000A8465FFA88F840F828E0AE465FFA8EFE49
:1027B00000EB8E0ECEF804C06D1CBEE7641CB7E7BC
:1027C000BDE8F08138B52DED028B04009FED328A13
:1027D000DFF84C1A087800282AD10120087000215F
:1027E0000800C0B20A2815DA0800C0B2DFF8042BCE
:1027F0000B00DBB242F82300DFF86C2A0800C0B2FD
:1028000052F82000002803D10800C0B242F820404E
:10281000491CE5E7DFF8505A092300222900DFF8B8
:10282000D40AFFF782FF95ED050AB8EEC00A30E042
:1028300000200100C9B20A291EDADFF8B81A020026
:10284000D2B251F82220092A0BD100220300DBB2B8
:1028500041F82320DFF8101A0200D2B241F82240DA
:1028600008E00200D2B251F82220521C0300DBB271
:1028700041F82320401CDCE7DFF8EC590923002253
:102880002900DFF8700AFFF750FF95ED050AB8EE52
:10289000C00ABDEC028B31BD000000000100FA440B
:1028A0000000FA44704770477047704738B504001D
:1028B0000D002900C9B2200000F01BF831BD70B531
:1028C00004000D00160020000078C0B2012805D1D8
:1028D0003200D2B22000290000F058F870BD38B59F
:1028E00004000D002900C9B22000C0B200F0CBF8EE
:1028F00031BD3EB504000D002800C0B2002805D04F
:10290000022815D00BD3032826D039E00A200090E6
:10291000002303220121200002F0DEFB30E00C2026
:102920000090002303220121200002F0D5FB27E0C4
:10293000DFF8C409818804290DD1016801918088DC
:10294000022190FBF1F080B200900A2310220121B5
:10295000200002F00FFC13E0DFF89C0981880429B5
:102960000DD1016801918088022190FBF1F080B2C5
:1029700000900A2310220121200002F0FBFBFFE758
:1029800037BD00000100C8420000C8422DE9F347EE
:1029900082B014000020ADF8000000252000C0B275
:1029A000002805D0022869D042D3032866D068E009
:1029B0000320ADF8000004226946029800F0F6F802
:1029C0000600DFF838A91AF10401300000F01AFE01
:1029D00004226946029800F0E9F8070004226946DB
:1029E000029800F0E3F880461AF11001404600F02A
:1029F00009FE04226946029800F0D8F881461AF1CF
:102A00000C01484600F0FEFD04226946029800F0E1
:102A1000CDF805001AF10801280000F0F3FD9AED49
:102A2000020ADFED8C0A80EE200A8AED020A28E015
:102A30000320ADF8000004226946029800F0B6F8C1
:102A40000600DFF8B88818F10401300000F0DAFD64
:102A5000D8F80400C8F8380010226946029800F03F
:102A6000A5F8070004226946029800F09FF80500C7
:102A700018F13401280000F0C5FD02E000F03FF835
:102A8000FFE7BDE8FF870200D2B2002A032A1BD865
:102A90000A00D2B2012A0ED1DFF8C42700235370F6
:102AA000012313700200D2B2002A0CD10122DFF8F8
:102AB0005038DA7007E0DFF8A8275378032B02DAE2
:102AC00053785B1C5370FFE7DFF894375A78002A7D
:102AD00014D05A78032A11DB00221A7000225A609F
:102AE00000221A610022DA6000229A6000225A63F2
:102AF00000229A630022DFF80838DA70704780B548
:102B00000320DFF8301608700421DFF8300501F0EB
:102B100096FE01BD80B5DFF8EC070078ED4908703E
:102B20000220DFF8101608700421DFF8100501F00C
:102B300074FE01BD2DE9F04104000D0016002F00C8
:102B4000DFF8B4874046FEF79BFD300080B20228D4
:102B500002D004280BD01DE07878D8F80010087057
:102B60003878D8F800104870A8F8046015E0787834
:102B7000D8F8001008703878D8F800104870F87845
:102B8000D8F800108870B878D8F80010C870A8F885
:102B9000046002E00020A8F80400DFF86807047071
:102BA0000120DFF864170870BDE8F081F0B403007D
:102BB00000200C881500EDB2042D16D12500ADB211
:102BC0001D44AE782500ADB21D44ED7855EA0625CA
:102BD0002600B6B29E5D2700BFB21F447F7857EA39
:102BE000062757EA054738000DE01500EDB2022D23
:102BF00009D12500ADB25D5D2600B6B21E447678DF
:102C000056EA052630000D8855FA82F50D80F0BC95
:102C1000704770B504000D00DFF8BC6301224FF46B
:102C200080513000FEF7C3FC0A2002F0DFFB02F007
:102C3000F1FB4FF47A732A0092B22100DFF8CC0640
:102C400002F05FFC00224FF480513000FEF7AFFC31
:102C500070BD000000401C462DE9F84F2DED048B9F
:102C60008EB0F0EE409AB0EE608AF0EE418AB0EE9F
:102C7000619A3221002201AC200001F013FF5FF0C5
:102C8000000B00200090002400250026DFF8D0A5CE
:102C9000CAED099A8AED0B8ACAED0A8A8AED0C9A66
:102CA0009AED090A00F072FE07009AED0B0A00F097
:102CB0006DFE80469AED0A0A00F068FE81469AEDA4
:102CC0000C0A00F063FE824601A83900090E5A463C
:102CD000D2B281541BF1010B3900090C5A46D2B211
:102CE00081541BF1010B3900090A5A46D2B28154B2
:102CF0001BF1010B5946C9B247541BF1010B414668
:102D0000090E5A46D2B281541BF1010B4146090CFF
:102D10005A46D2B281541BF1010B4146090A5A4668
:102D2000D2B281541BF1010B5946C9B200F801809F
:102D30001BF1010B4946090E5A46D2B281541BF1D0
:102D4000010B4946090C5A46D2B281541BF1010BC2
:102D50004946090A5A46D2B281541BF1010B594621
:102D6000C9B200F801901BF1010B5146090E5A46F9
:102D7000D2B281541BF1010B5146090C5A46D2B212
:102D800081541BF1010B5146090A5A46D2B28154B3
:102D90001BF1010B5946C9B200F801A01BF1010B50
:102DA0005A46D2B292B201A9DFF8640503F0C6FB1D
:102DB0000EB0BDEC048BBDE8F18F2DE9F04100248D
:102DC000002500260027DFF848050078C0B2FF285C
:102DD00072D0DFF840050178C9B20906DFF838057E
:102DE0000078C0B251EA0041DFF830050078C0B287
:102DF00051EA0021DFF828050078C0B201430C0039
:102E0000DFF820050178C9B20906DFF81C05007853
:102E1000C0B251EA0041DFF814050078C0B251EAAF
:102E20000021DFF80C050078C0B201430D00DFF887
:102E300004050178C9B20906DFF8FC040078C0B2C5
:102E400051EA0041DFF8F4040078C0B251EA0021F1
:102E5000DFF8EC040078C0B201430E00DFF8E404B0
:102E60000178C9B20906DFF8E0040078C0B251EA7F
:102E70000041DFF8D8040078C0B251EA0021DFF841
:102E8000D0040078C0B201430F00DFF8708418F15D
:102E90002401200000F0B6FB18F12C01280000F0FE
:102EA000B1FB18F12801300000F0ACFB18F1300143
:102EB000380000F0A7FB09E0DFF840040021416280
:102EC0000021C1620021816200210163BDE8F0811F
:102ED00008E70008BC26002038260020180A002039
:102EE000BA26002070B500240025DFF86C040078B5
:102EF000C0B2FF283DD0DFF85C64DFF860040078E2
:102F00003070DFF85C040178C9B20906DFF85404B8
:102F10000078C0B251EA0041DFF84C040078C0B23A
:102F200051EA0021DFF844040078C0B201430C00EC
:102F3000DFF83C040178C9B20906DFF838040078EC
:102F4000C0B251EA0041DFF830040078C0B251EA63
:102F50000021DFF828040078C0B201430D0016F10B
:102F60000801200000F04EFB311D280000F04AFB54
:102F700009E0DFF8E00300210170DFF8041481604C
:102F8000DFF80014416070BD78B591B004000D0009
:102F90003C21002202AE300001F084FD0020ADF89B
:102FA00004000321032000F077FE0B200090002393
:102FB000DFF8D42301A902A800F00EFB4FF47A73C6
:102FC000BDF8042002A9DFF8C40302F09AFA12B097
:102FD00070BD0000C82600200008004878B591B0F8
:102FE00004000D003C21002202AE300001F05AFD29
:102FF0000020ADF80400C64803F070FADFF858036B
:1030000003F06CFAD34800210170DFF87813816077
:10301000DFF86C1341600D2000900023DFF870236F
:1030200001A902A800F0D8FA4FF47A73BDF8042081
:1030300002A9D64802F065FA12B070BD68050020FA
:10304000C926002000040048000C004838B590B0A4
:1030500004000D0003A8CF49322203F0B3FACE4892
:10306000D0E90023CDE9012303A801900023CB4838
:10307000027802A903A800F03AFA02200090002387
:1030800078A202A903A800F0A7FA4FF47A73BDF85A
:1030900008200199BD4802F034FA11B030BDF8B5EE
:1030A00004000D0000262068007830283ADB2068F4
:1030B00000783A2836DA002700200100C9B2A28839
:1030C00089B291420FD221680200D2B2895C3029C4
:1030D00005DB21680200D2B2895C3A2900DB02E0FC
:1030E0007F1C401CE9E73900C9B2206800F02CFBC6
:1030F0000600B6F5807F0DD2A84841783000C0B2F6
:1031000000F0CAFD4FF47A73022279A19F4802F0C1
:10311000F8F90EE04FF47A730522A1499B4802F0BA
:10312000F0F906E04FF47A7305229D49974802F0C2
:10313000E8F9F1BDF424002038B590B004000D008A
:1031400003A89849322203F03DFA9748D0E90023BA
:10315000CDE9012303A8019000239048427802A9F9
:1031600003A800F0C4F90220009000233DA202A9A8
:1031700003A800F031FA4FF47A73BDF808200199E2
:10318000824802F0BEF911B030BDF8B504000D0060
:10319000002620680078302839DB206800783A283B
:1031A00035DA002700200100C9B2A28889B2914215
:1031B0000FD221680200D2B2895C302905DB216878
:1031C0000200D2B2895C3A2900DB02E07F1C401C7D
:1031D000E9E73900C9B2206800F0B6FA06000C2E03
:1031E0000DD23100C9B26D48007800F055FD4FF4A2
:1031F0007A7302223EA1654802F083F90EE04FF493
:103200007A7305226649614802F07BF906E04FF4C3
:103210007A73052262495D4802F073F9F1BD00003E
:10322000CA26002080B5FFF7C8FDFFF75BFE5F48A8
:103230005F49C0F8A4135F49C0F8B4135E49C0F8F1
:10324000C4135E49C0F8D4135D49C0F8E4135D4966
:10325000C0F8F41302F0F5F802F0E4F801BD000044
:10326000AC2400200D0A00008825002070B5002045
:10327000002400252800C0B2092836DA524E280062
:10328000C0B200013044407801282CD10120040054
:103290002800C0B200013044406800280ED001F080
:1032A0005FF92900C9B2090131444968401A29006F
:1032B000C9B2090131448968884214D30020290029
:1032C000C9B209013144487001F04AF92900C9B274
:1032D0000901314448602800C0B22900C9B209017F
:1032E0003144C96888476D1CC4E72000C0B270BD76
:1032F0004F4B000060250020F8050020AC24002082
:1033000098260020C7260020F4240020A41F0020B7
:10331000000802080208020803080208040802085C
:10332000050802080608020807080208080802083B
:10333000090802080A0802080B0802080C0802081B
:103340000D0802080E0802080F08020810080208FB
:10335000110802085426002000100208021002087A
:1033600003100208041002080510020806100208E3
:103370000710020808100208091002080A100208C3
:10338000000048420000164418E50008941E002082
:10339000E0E20008D4DE000810E70008680A002018
:1033A00000E7000808DF000818E70008080600200A
:1033B000892F0008DD2F00084D3000089F300008DD
:1033C000393100088B310008680500200100080031
:1033D000C0B2002801D1012021E00800C0B2FF28BE
:1033E00001D10A201BE00800C0B2FE2801D16420F0
:1033F00015E00800C0B2FD2802D14FF47A700EE04B
:103400000800C0B2FC2802D142F2107007E00800A8
:10341000C0B2FB2802D1DFF8480500E00120704768
:103420002DE9F24F82469346002000210A2600270C
:10343000B046B946009A1588BBF1000F08D5DBF1FC
:1034400000042D202A0092B20AF802006D1C00E050
:103450005C462000002142464B4603F007F9002954
:1034600001D1002808D0A6FB080106FB091107FBC3
:10347000081180468946ECE7404649460A22002367
:1034800003F0F4F806000F00002F01D1002E28D021
:103490002000002132003B0003F0E8F83030290022
:1034A00089B20AF801006D1CA0465FF000092000F7
:1034B000002132003B0003F0D9F8A6FB002306FBF5
:1034C000013307FB0033B8EB020079EB0301040082
:1034D000300039000A22002303F0C8F806000F006C
:1034E000D2E7009805802800C0B2BDE8F28F2DE930
:1034F000FE4F06000F0090460020ADF800000020AF
:10350000002400215FF0000BB7F80090B8F1000F25
:1035100002D5D8F1000500E04546424639003000AA
:10352000FFF77EFFB7F800A0002D4FD09DF80800F0
:10353000FFF74CFF01008D4205D20A2045431BF1E5
:10354000010B002DF7D15846C0B2002821D05046BB
:103550000200D2B2324412F8012C2D2A06D0020009
:10356000D2B24B4692B29BB29A4208D130220300AB
:10357000DBB2F2541AF1010ABBF1010BE3E70200DE
:10358000D2B2324412F8012C0300DBB2F254401ED6
:10359000DEE70A20B1FBF0F450468346002C15D03C
:1035A0000A20B4FBF0F45846C0B2304410F8010CC5
:1035B0005946C9B27054BBF1010B002CEED12E203C
:1035C0005946C9B270541AF1010AE7E7A7F800A0FA
:1035D0005046C0B2BDE8FE8FF0B4049C00252E001A
:1035E000B6B2A6420BD20E88771C0F802F00BFB256
:1035F00017FA83F7D75DB6B287556D1CEFE7F0BCBD
:10360000704700002DE9F34F81B02DED028B9FED47
:10361000658A002401250026F7EE008A002738007D
:10362000C0B2202864DA0398F84010F001000400CA
:103630003800C0B2172829DA18EE900A00F0FCFE14
:1036400082468B462000C0B200F0E8FE80468946E4
:103650003800C0B2D0F117005FF0FF31484300F0EE
:1036600063FD41EC110B9FED500B00F076FD51EC2A
:10367000100B42464B4603F011F952465B4603F0ED
:10368000DFF900F097FE08EE900A2FE03800C0B294
:103690001F2824DA3000C0B200F0C0FE82468B46FC
:1036A0002000C0B200F0BAFE804689463800C0B2A1
:1036B000173800F039FD41EC110B9FED3B0B00F08A
:1036C0004CFD51EC100B42464B4603F0E7F85246D6
:1036D0005B4603F0B5F903F071FA060006E020003E
:1036E000C0B2012802D15FF0FF3005007F1C96E7D1
:1036F000280040B200F018FD804689463000C0B274
:103700007F3800F011FD41EC110B9FED270B00F00D
:1037100024FD51EC100B42464B4603F0BFF88046A7
:10372000894618EE900A00F087FE42464B4603F0A9
:10373000B5F800F03FFE00EE100A049880ED000A94
:10374000BDEC028BBDE8F78F70B4030000220024AB
:10375000002000252A000E00D2B2F6B2B2421FD2DB
:103760002A00D2B29A5C302A0ADB2A00D2B29A5CD2
:103770003A2A05DA2A00D2B29A5C303A140001E003
:10378000002214002A00D2B2002A03D12200D2B2B1
:10379000100003E00A22504350FA84F06D1CD9E770
:1037A00070BC7047000000000000000000000040F6
:1037B0002DE9F0412DED028B07000E009FED678A89
:1037C0003000C0B200280BD0FB2800F09E80FC28FF
:1037D00077D0FD2851D0FE282CD0FF2807D0B7E0A5
:1037E00000EE107AB8EEC00AB0EE408AB0E00A20CF
:1037F00097FBF0F000EE100AB8EEC00A5FF00A087E
:1038000010EE100A00F018FE04000D0097FBF8F00F
:1038100008FB1078404600F087FC524A524B03F0F8
:103820003DF822002B0003F00BF900F0C3FD08EE79
:10383000100A8DE0642097FBF0F000EE100AB8EE5D
:10384000C00A5FF0640810EE100A00F0F5FD0400F5
:103850000D0097FBF8F008FB1078404600F064FC80
:10386000424A434B03F01AF822002B0003F0E8F819
:1038700000F0A0FD08EE100A6AE04FF47A7097FBA2
:10388000F0F000EE100AB8EEC00A4FF47A7810EEAD
:10389000100A00F0D1FD04000D0097FBF8F008FBC2
:1038A0001078404600F040FC324A334B02F0F6FFFD
:1038B00022002B0003F0C4F800F07CFD08EE100A93
:1038C00046E042F2107097FBF0F000EE100AB8EEFE
:1038D000C00A42F2107810EE100A00F0ADFD0400AC
:1038E0000D0097FBF8F008FB1078404600F01CFC38
:1038F000224A234B02F0D2FF22002B0003F0A0F853
:1039000000F058FD08EE100A22E0154897FBF0F091
:1039100000EE100AB8EEC00ADFF8448010EE100A7C
:1039200000F08AFD04000D0097FBF8F008FB10780A
:10393000404600F0F9FB134A134B02F0AFFF2200A0
:103940002B0003F07DF800F035FD08EE100AFFE7CC
:10395000B0EE480ABDEC028BBDE8F081000000002B
:10396000A08601009A9999999999B93F7B14AE471D
:10397000E17A843FFCA9F1D24D62503F2D431CEB0C
:10398000E2361A3FF168E388B5F8E43E10B42DED55
:10399000010A00206A460023042B07D2D45C1900D8
:1039A000C9B2C9008C4020435B1CF5E712BC7047CC
:1039B00002000020704730B40200DFF8D006002378
:1039C00004688588635583885B1C8380DFF8C03674
:1039D0001B7804688588635583885B1C838001207D
:1039E00030BC7047F8B504000D00002000212E0007
:1039F00022683300DBB2D25C23683700FFB23B445D
:103A00005F7857EA02273A0092B2B2F5807F23DA54
:103A1000380080B200281FD0DFF87006216832001D
:103A2000D2B2895C02688388D1548188491C818024
:103A300021683200D2B21144497802688388D15497
:103A40008188491C8180DFF8480641783800C0B27F
:103A500000F022F9012000E00020F2BD30B40200A5
:103A6000DFF82806002304688588635583885B1C7B
:103A70008380DFF81C365B7804688588635583880B
:103A80005B1C8380012030BC7047F8B504000D003A
:103A9000002000212E0022683300DBB2D25C2368B4
:103AA0003700FFB23B445F7857EA02273A0092B2F0
:103AB0000B2A1FDADFF8D40521683200D2B2895C04
:103AC00002688388D1548188491C81802168320032
:103AD000D2B21144497802688388D1548188491C44
:103AE00081803900C9B2DFF8A805007800F0D4F869
:103AF000012000E00020F2BDF8B504000D00002612
:103B0000DFF8900590ED050AFFF740FF0100DFF8B0
:103B10007C050A00120A03688788DA558288521CDD
:103B2000828002688388D1548288521C82800A0075
:103B3000120E03688788DA558288521C82800A0038
:103B4000120C03688788DA558288521C8280012013
:103B5000F2BDF8B504000D000026DFF8380590ED41
:103B6000080AFFF713FF0100DFF820050A00120A18
:103B700003688788DA558288521C828002688388AD
:103B8000D1548288521C82800A00120E03688788F2
:103B9000DA558288521C82800A00120C03688788DA
:103BA000DA558288521C82800120F2BDF8B50400EB
:103BB0000D000026DFF8DC0490ED070AFFF7E6FEB3
:103BC0000100DFF8C8040A00120A03688788DA5582
:103BD0008288521C828002688388D1548288521C59
:103BE00082800A00120E03688788DA558288521C88
:103BF00082800A00120C03688788DA558288521C7A
:103C000082800120F2BDF8B504000D000026DFF827
:103C1000840490ED060AFFF7B9FE0100DFF86C049A
:103C20000A00120A03688788DA558288521C82804B
:103C300002688388D1548288521C82800A00120E46
:103C400003688788DA558288521C82800A00120C29
:103C500003688788DA558288521C82800120F2BD71
:103C600070B504000D00DFF830640122202130001F
:103C7000FDF79DFC0A2001F0B9FB4FF47A732A008E
:103C800092B22100DFF8140401F03BFC0022202155
:103C90003000FDF78CFC70BD7CB504000D000821E0
:103CA00000226E46300000F0FDFE0026DFF8E00343
:103CB00004704570694602783300DBB2CA54761C42
:103CC00040783200D2B28854761C3200D2B292B21E
:103CD0006946DFF8CC0302F031FC73BDDFF8C003A6
:103CE0000078C0B2FF280AD0DFF8A403DFF8B413CD
:103CF00009780170DFF8B0130978417005E0DFF84A
:103D00009003032101700321417070472DE9F04FAA
:103D100087B0040000275FF000085FF0000900256D
:103D2000DFF88823D2E90001CDE902010026DFF89F
:103D30008023D2E90001CDE90401DFF850A3504609
:103D4000FDF79EFCA0880828C0F29B812068A1880E
:103D5000084410F8010C2168A288114411F8021CD3
:103D600051EA0021ADF81810A188891E206801F0E1
:103D700095F9ADF81A00BDF81A00BDF81810884280
:103D800040F07D8120680078C1490978884240F080
:103D90007681206880782168CF7857EA00272068EC
:103DA0004078032805D006286CD0102800F0C38086
:103DB00061E1206800792168497951EA00210D000C
:103DC0005FF001084046C0B2072836DA5FF01409F8
:103DD000DFF8E0B24046C0B209FB00F0584440684A
:103DE000390089B2884225D1280080B24146C9B243
:103DF00009FB01F15944896888421BDB002100203E
:103E00004246D2B209FB02F25A44D26890470128D6
:103E10000FD14046C0B209FB00F0584480682D1A0B
:103E20004046C0B209FB00F90BEB09008068C719D6
:103E300000E002E018F10108C4E7BAF80400002825
:103E40001FD0BAF80400022190FBF1F201FB12002E
:103E5000002816D1DAF800000190BAF80400022117
:103E600090FBF1F080B200903B009BB203222068EF
:103E7000017804A801F0F2F9BDF814100498FFF7D6
:103E8000EFFEFAE004200100C9B2A288921E91421E
:103E90000EDA21680200D2B2895C029ABDF80C30B9
:103EA000D154BDF80C10491CADF80C10401CEAE7C9
:103EB0005FF001084046C0B2072817DA14227D4B94
:103EC0004046C0B2504318444068390089B2884225
:103ED00009D1002102A8C4465FFA8CFC02FB0CF257
:103EE0001A441269904718F10108E3E7BAF8040090
:103EF00000281FD0BAF80400022190FBF1F201FB68
:103F00001200002816D1DAF800000190BAF8040077
:103F1000022190FBF1F080B200903B009BB20622A0
:103F20002068017804A801F0EAF9BDF8141004989B
:103F3000FFF796FEA1E000200600206800792168C6
:103F4000497951EA00210D0007200100C9B2A28879
:103F5000921E91420EDA21680200D2B2895C029A66
:103F6000BDF80C30D154BDF80C10491CADF80C1044
:103F7000401CEAE7280080B2400021688979884225
:103F80004DD1BDF80C002168897989B2884246D1AB
:103F90005FF001084046C0B2072840DA5FF014091C
:103FA000DFF810B14046C0B209FB00F05844406849
:103FB000390089B288422FD1280080B24146C9B267
:103FC00009FB01F159448968884225DB310089B237
:103FD00002A84246D2B209FB02F25A441269904743
:103FE000012818D14046C0B209FB00F0584480684F
:103FF000400010FA86F64046C0B209FB00F0584473
:1040000080682D1A4046C0B209FB00F90BEB09008D
:104010008068C71900E002E018F10108BAE7BAF8B1
:104020000400002826D0BAF80400022190FBF1F227
:1040300001FB120000281DD1206880782168C97812
:1040400051EA00210F00DAF800000190BAF80400EC
:10405000022190FBF1F080B200903B009BB2102255
:104060002068017804A801F04AF9BDF814100498FA
:10407000FFF7F6FD01E0002004E0012002E000204F
:1040800000E0002007B0BDE8F08F00002005002010
:10409000680A0020AC240020000400481C1F0020F7
:1040A000000002080200020803000208F0E600080F
:1040B000F8E600086804002000F10103810704D03D
:1040C00010F8011B820781B1FAD10268A2F1013117
:1040D000914311F0803104BF50F8042FF6E709BA7C
:1040E000B1FA81F100EBD100401CC01A704730B426
:1040F000002513E050F8042BD30744BFA9F10103B6
:104100009A18091F042942F8045BFAD213468C0757
:1041100044BF15809B1CC90748BF1D7050F8041B85
:104120000029E7D130BC7047C11768B14840401A38
:10413000B0FA80F29040D21CC907C2F5846241EA0D
:10414000025202EBD021400570470268531C036005
:104150001170704741EC100B01BD80B553EC112B71
:1041600051EC100B02F048FDF4E72E00F0B540F2E0
:10417000FF7581EA030C0CF0004C15EA11541DBFC9
:1041800015EA1357AC42AF42E5E0BC41C1F313015D
:10419000C3F31303801A994143F4801304D2641EBD
:1041A0004000494180185941C90241EA5051B1FBD0
:1041B000F3F603FB1611A2FB0675D7EBC020A9414D
:1041C00002D2761E80185941C90241EA5051B1FB12
:1041D000F3FE03FB1E11A2FB0E75D7EBC020A94115
:1041E00003D2AEF1010E80185941890241EA905183
:1041F000760546EA8E2EB1FBF3F603FB1611A2FB01
:104200000675D7EB8020A94102D2761E801859414D
:10421000C90241EA50514EEA060EB1FBF3F603FB28
:104220001611A2FB0675D7EBC020A94102D2761E5B
:1042300080185941C90241EA5051B1FBF3F703FB21
:104240001711A2FB0735D3EBC020A94167F1000786
:104250000CBF004247F0010766F3D5274FEA1E3135
:10426000B80814F5806412DDBD0775F1004250EB0B
:104270000E5051EB045111F5801F5CBF41EA0C0157
:10428000F0BD4CF07F6141F0E0410020F0BDBD0782
:104290006D0840EA0E5041F48011D4F10104B4F1EC
:1042A00020060ADAC4F120060200E04001FA06F313
:1042B000E1401843B24015430EE0342C13DCC6F144
:1042C000200445EA40056D0820FA06F2154321FA5C
:1042D00006F0A1400D43002175F1004250F10000AD
:1042E00051EB0C01F0BD00205FEA0C01F0BDCFB92D
:1042F00092185B41B3FA83F704BFB2FA82F6BF1992
:104300000B3FB7F120062FBF02FA06F3BB40C7F1FF
:10431000200622FA06F638BF3343BA401CB1E4192E
:10432000641E33E77F4231F00041B1FA81F404BFEB
:10433000B0FA80F6A4190B3CB4F120062FBF00FAA6
:1043400006F1A140C4F1200620FA06F638BF314339
:10435000A0403C1B1AE7AC421ABF05EA1357AF4214
:1043600012E050EA41061CBF52EA4306BFE750EA9A
:104370004107304661461CBF41EA0551F0BD52EA93
:10438000430C08BFC143F0BD00204FF4001616EBEC
:10439000410F98BF16EB430F08BF16EB410F24BF28
:1043A000C14305E016EB430F0CBF61464CEA0551D3
:1043B000F0BD000001F000428B1AA3F16051B1F58D
:1043C000801F0ADBB1F17F6F1FD242EAC102C10038
:1043D00071F1004142EB507070470B15C3F10903B6
:1043E000212B10D2890241EA9051800201284941D3
:1043F00041F0004121FA03F0C3F12003994071F12B
:10440000004150417047100070476FF0000013EBFF
:10441000103F5CBF000E42EAC0507047014648B1F1
:10442000B0FA80F18840C91CC1F58461090501EB2F
:10443000D021400570470000C0F3C75181B1FF296A
:1044400006D0C110400721F0E04101F160517047F2
:1044500041020CBF40F4E0016FF0004100207047C2
:1044600000F0004100020AD0B0FA80FC00FA0CF023
:1044700001F16051A1EB0C5101EBD02140057047D7
:104480000CB430B583B00A4606A902910446002553
:104490000194009502AB01A9084878441E3002F04F
:1044A00021FF019A157000284EBF04460198041B95
:1044B000204603B030BC5DF80CFB00BF8FFCFFFF53
:1044C00080B5012240211F48FDF771F81E491F48A1
:1044D00000F032FA00F01CF8012000F003F800F0C0
:1044E000C7FA01BD704711B581B0164C00224021BA
:1044F0002000FDF75CF84FF47A73012201A91448FB
:1045000003F050FF012240212000FDF750F813BDB9
:1045100010B50C4C002240212000FDF748F8002285
:1045200080212000FDF743F8012000F013F801225C
:1045300080212000FDF73BF8012240212000FDF7FB
:1045400036F810BD000800487C260020200F00200F
:10455000AC22002010B50400200000F047FF10BD81
:1045600001480068704700BF8C26002070B4039C8F
:10457000DFF88052286029716A71AB71EC710026F6
:104580002E7270BC70472DE9F84F04000D00160024
:1045900000275FF00008DFF85C9299F80500082812
:1045A00080F2FC80300099F80610C0B2884205D332
:1045B00099F807003100C9B2884201D22E200600C6
:1045C000402099F80510491C90FBF1F02900C9B270
:1045D000814280F2E38099F8040050FA84F0802848
:1045E00080F2DC8099F805305B1C99F8050003FB2C
:1045F00005035B1CDBB299F804201219D2B299F8BA
:104600000500401C15FB00F1C9B22000C0B200F04B
:1046100029F90021080099F80420C0B2904280F0E6
:10462000BD80002015FB00F00200D2B2082392FBEF
:10463000F3F21700C0B2082290FBF2F302FB130062
:104640008046FF226C4BD3F800C03800C0B250FA4D
:1046500085FE802000FB0EFE5EFA84FED3F800A0EB
:104660003800C0B250FA85FB802000FB0BFB5BFAE0
:1046700084F01AF800A0D8F1080B100050FA0BF0E3
:1046800010EA0A0A0CF80EA0D3F800C03800C0B235
:1046900050FA85FE802000FB0EFE5EFA84F000904A
:1046A000D3F800E03800C0B250FA85FA802000FB51
:1046B0000AFA5AFA84F01EF800E0D9F800A0B346CE
:1046C0005FFA8BFB99F80600BBEB000099F804B089
:1046D0000BFB00FB0AEB0B008A465FFA8AFA10F824
:1046E0000A0010FA08F050EA0E00DDF800E00CF8BD
:1046F0000E00D3F800C03800C0B250FA85FE80200A
:1047000000FB0EFE5EFA84F08444D3F800E038002B
:10471000C0B250FA85FA802000FB0AFA5AFA84F0F7
:10472000704490F8800012FA08F202408CF8802061
:104730001A683800C0B250FA85FC802000FB0CFCDF
:104740005CFA84F002441B683800C0B250FA85FC61
:10475000802000FB0CFC5CFA84F0184490F8803058
:10476000D9F800C0B6465FFA8EFE99F80600BEEB97
:10477000000E99F8040000FB0EFE0CEB0E008C46B8
:104780005FFA8CFC10F80C00D8F1080C50FA0CF011
:10479000034382F88030641C491C3BE7BDE8F18F7D
:1047A000F8B507000C001600124D6879082820DAC9
:1047B000307800281DD032782100C9B23800C0B24C
:1047C000FFF7E1FE761C2879401CC719287950FABA
:1047D00087F0401C812802DB00200700641C402079
:1047E0006979491C90FBF1F02100C9B28142DFDBFD
:1047F000FFE7F1BD482600208026002002000120AE
:104800000B00DBB21B011344587000200B00DBB21D
:104810001B01134458600120704738B504000D0097
:1048200001202900C9B2090121444870FFF798FE10
:104830002900C9B2090121444860012032BD0200AB
:1048400000200B00DBB21B0113445870012070479D
:1048500080B5034800F00EFC00F0CBF801BD00006D
:1048600080D5000870B40400E4B2802C01DB7F2402
:1048700020001400E4B2802C01DB7F2422000C0015
:10488000E4B2402C01DB3F2421001C00E4B2402CA8
:1048900001DB3F2423002B4C050026683678EDB25F
:1048A000B54201D2256828702568AD781600F6B2A9
:1048B000B54201D22568AA700D0026687678EDB25F
:1048C000B54201D2256869702568ED781E00F6B200
:1048D000B54201D22468E37070BC704719487F214B
:1048E000026811700021026891703F2102685170C6
:1048F00000210068C17070471248002102681170E1
:104900007F21026891700021026851703F21006888
:10491000C170704770B54FF4806400250A4806687E
:104920002A002100300000F0BDF83F237F22002143
:104930000020FFF797FF70BD034A1060014A116025
:1049400070470000842600208026002010B5040057
:1049500000224FF480714348FCF729FE2000C0B2CA
:10496000FFF7C1FD10BD10B5040001224FF48071A6
:104970003C48FCF71CFE2000C0B2FFF7B4FD10BDA0
:1049800010B504008120FFF7E1FF2000C0B24028ED
:1049900003DB3F20FFF7DAFF03E02000C0B2FFF7A0
:1049A000D5FF10BD10B5040014F00F0050F0B0009A
:1049B000C0B2FFF7CBFF10BD10B504002000C0B29D
:1049C00000F005F82000C0B200F00CF810BD10B5E2
:1049D00004002000C0B2000950F01000C0B2FFF780
:1049E000B5FF10BD10B5040014F00F00FFF7AEFFC7
:1049F00010BD70B500242000C0B210282EDA1A4D68
:104A0000286840782100C9B2491CB0EBC10F23DAF5
:104A10002868C0782100C9B2B0EBC10F1EDB2000AE
:104A2000C0B2FFF7BFFF28680078FFF7C5FF28680E
:104A30000678286880783100C9B288420CD30B48C8
:104A400001682200D2B28020424352FA86F0085C0C
:104A5000FFF789FF761CECE7641CCCE7FFF73EFF0D
:104A600070BD000000080048842600208026002039
:104A700080B5A020FFF76AFFAE20FFF767FFC820D0
:104A8000FFF764FFA220FFF761FF2F20FFF75EFF13
:104A90002220FFF75BFF3F20FFF772FFAF20FFF7F9
:104AA00055FF01BD62F30F2262F31F42401810F060
:104AB000030308D0C91A1FD3DB0748BF00F8012D34
:104AC00028BF20F8022D130030B4144615461039C3
:104AD00028BF20E93C00FAD8490728BF20E90C008C
:104AE00048BF40F8042D890028BF20F8022D48BF98
:104AF00000F8012D30BC7047C91818BF00F8012D0F
:104B0000CB0728BF00F8012D7047000070B4039C4C
:104B1000DFF88453286029716A71AB71EC7101264A
:104B20002E7270BC70472DE9F74F04000D00DFF8BE
:104B300068639DF80800B179884204D3F0799DF844
:104B40000810884202D22E208DF80800307A002802
:104B500045D1002738003179C0B288423DD2316852
:104B60009DF80820B079121A3079424301EB020017
:104B70003900C9B210F80190002080464046C0B20A
:104B8000082828DA3800C0B250FA84F0802805DA04
:104B90004046C0B250FA85F0402801DB00205DE1BC
:104BA000012010FA08F04946C9B2014208D001229A
:104BB00018EB0501C9B23819C0B200F06FF907E06F
:104BC000002218EB0501C9B23819C0B200F066F92D
:104BD00018F10108D2E77F1CBCE730793EE1307A5A
:104BE000012840F08E807079082190FBF1F201FBE2
:104BF0001200012806DB7079082190FBF1FB1BF104
:104C0000010B03E07079082190FBF1FB31795846E4
:104C1000C0B24143491C8DF8011031689DF808204D
:104C2000B079121A9DF80100424301EB02000178AD
:104C30008DF80010401C01905FF0000840469DF880
:104C40000010C0B2884259D25FF000094846594668
:104C5000C0B2C9B288424ED201994246D2B2584639
:104C6000C0B2424301EB02004946C9B210F801A0AC
:104C7000002007003800C0B2082839DA4046C0B228
:104C800050FA84F0802808DA4846C0B2C00050FAD2
:104C900085F050FA87F0402801DB0020DEE048462E
:104CA000C0B2C00050FA87F0717988421EDA012143
:104CB000B9405046C0B208420CD001225FFA89F9CF
:104CC00015EBC9017918C9B218EB0400C0B200F0A5
:104CD000E5F80BE000225FFA89F915EBC9017918B4
:104CE000C9B218EB0400C0B200F0D8F87F1CC1E7CD
:104CF00019F10109AAE718F101089FE79DF80000E2
:104D0000ACE0307A022840F0A8807079082190FB4E
:104D1000F1F0401C8DF8000030799DF8001010FB78
:104D200001F08DF8020031689DF80820B079121A60
:104D30009DF80200424301EB0200019096F804B096
:104D400000208DF8010000210020002210009DF8B5
:104D50000030C0B298420CD23079431E9DF8010059
:104D60001B1A13FB02F0019BC0B2185C0100521C1D
:104D7000ECE70800C0B200280BD1BBF1010B58468C
:104D8000C0B2002805D09DF80100401C8DF801003C
:104D9000D9E7002738009DF80010C0B2884259D2E8
:104DA0005FF0000840465946C0B2C9B288424FD2AF
:104DB00001993A00D2B23079424301EB02004146F8
:104DC000C9B210F801905FF0000A5046C0B208283E
:104DD0003BDA4046C0B250FA84F0802808DA380046
:104DE000C0B2C00050FA85F050FA8AF0402801DBCA
:104DF000002033E03800C0B2C00050FA8AF0717968
:104E000088421FDA012111FA0AF14846C0B208426D
:104E10000CD00122FFB215EBC7011AEB0101C9B298
:104E200018EB0400C0B200F039F80BE00022FFB22A
:104E300015EBC7011AEB0101C9B218EB0400C0B2AF
:104E400000F02CF81AF1010ABFE718F10108A9E7F0
:104E50007F1C9FE75846C0B200E00020BDE8FE8FEF
:104E6000F8B504000F0015000B484079D0F13F0061
:104E70003900C9B288420EDB287800280BD02A7886
:104E80003900C9B22000C0B2FFF74DFE0600701C09
:104E900004196D1CF0E7F1BD48260020F8B50400A8
:104EA0000D0016002000C0B2802803DA2800C0B22E
:104EB000402800DB57E03000C0B2002824D0290091
:104EC000C9B20822DFF8CC312800C0B2082790FB15
:104ED000F7F78020474357FA84F72800C0B25FF005
:104EE000080C90FBFCFC802000FB0CFC5CFA84F0BE
:104EF000185C5FF0010C91FBF2FE02FB1E111CFA24
:104F000001F10143D95524E02900C9B20822DFF894
:104F100084312800C0B2082790FBF7F78020474370
:104F200057FA84F72800C0B25FF0080C90FBFCFC35
:104F3000802000FB0CFC5CFA84F0185C5FF0010C34
:104F400091FBF2FE02FB1E111CFA01F130EA010195
:104F5000D9552B00DBB22200D2B22900C9B2200001
:104F6000C0B2FFF77FFCF1BD2DE9F84F05000E0040
:104F7000170098460A9C3800C0B22900C9B2401AEE
:104F800003F029FC81464046C0B23100C9B2401A44
:104F900003F021FC814502DA5FF0010B01E05FF0D4
:104FA000000B5846C0B2002805D028003500060086
:104FB00038004746804638002900C0B2C9B288424E
:104FC00005D228003D000700300046468046434693
:104FD000DBB23A00D2B23100C9B22800C0B2FFF74A
:104FE00041FC781B8DF800004046C0B23100C9B2C8
:104FF000401A03F0F0FB8DF801009DF8000002213B
:1050000090FBF1F930004146C0B2C9B2884202D2E9
:105010005FF0010A01E05FF0FF3A38002900C0B2FA
:10502000C9B2884224D35846C0B2002808D0220012
:10503000D2B22900C9B23000C0B2FFF72FFF07E09B
:105040002200D2B23100C9B22800C0B2FFF726FF59
:105050009DF80100B9EB0009484640B2002805D58B
:105060001AEB06069DF8000010EB09096D1CD4E749
:10507000BDE8F18FF8B504004FF4806526000648BE
:1050800007682A003100380001F09CFAFFF734FC71
:10509000F1BD0000200F00208026002030B4030066
:1050A0004FF6FF7000248C4213DA1A5D504008223C
:1050B000002A0CD0C50706D580B2400880F42040F5
:1050C00090F0010001E080B24008521EF0E7641C3D
:1050D000E9E780B230BC70472DE9F84305000E00C7
:1050E00017009846089C5FF000092868494689B275
:1050F000465419F101092868494689B2475419F103
:105100000109404680B2000A29684A4692B2885492
:1051100019F101092868494689B200F8018019F19E
:105120000109200080B2000A29684A4692B28854D8
:1051300019F101092868494689B2445419F1010955
:10514000494689B22868FFF7A9FF010028684A4646
:1051500092B2815419F10109080080B2000A2A684C
:105160004B469BB2D05419F10109A5F804900120D7
:10517000BDE8F2832DE9F84F06000F0090469946EE
:105180000A9DDDF82CA0002400213068220092B294
:105190008754641C3068220092B200F80280641CBC
:1051A000484680B2000A326823009BB2D054641C87
:1051B0003068220092B200F80290641C4046C0B2EF
:1051C000062802D0102807D01CE0280080B2012851
:1051D00001D0002040E015E0280080B2000A3268CB
:1051E00023009BB2D054641C3068220092B28554D4
:1051F000641C2800C0B24000326823009BB2D05427
:10520000641CFFE75FF0000B584680B2290089B2AA
:10521000B0EB410F0BDA584680B21AF80000316843
:10522000220092B28854641C1BF1010BECE72100B0
:1052300089B23068FFF732FF01003068220092B275
:105240008154641C080080B2000A326823009BB2BB
:10525000D054641CB4800120BDE8F28F2DE9F84FD2
:1052600005000E00170098460A9CDDF82C905FF0B0
:10527000000B002029685A4692B28E541BF1010B94
:1052800029685A4692B28F541BF1010B2100C9B212
:1052900049002A685B469BB2D1541BF1010B5FF0B9
:1052A000000A504680B2210089B2B0EB410F0CDAFF
:1052B000504680B219F8000029685A4692B28854C4
:1052C0001BF1010B1AF1010AEBE7594689B2286874
:1052D000FFF7E4FE010028685A4692B281541BF1A0
:1052E000010B080080B2000A2A685B469BB2D054CA
:1052F0001BF1010BA5F804B00120BDE8F28F2DE9E8
:10530000F84F05000E00170098460A9CDDF82C9017
:105310005FF0000B5FF0000A2868594689B24654D6
:105320001BF1010B2868594689B247541BF1010B48
:10533000404680B2000A29685A4692B288541BF14E
:10534000010B2868594689B200F801801BF1010B56
:105350003800C0B2062802D010281DD02CE0200052
:1053600080B2012801D000203EE000208246504655
:1053700080B2210089B2B0EB410F0CDA504680B206
:1053800019F8000029685A4692B288541BF1010BA3
:105390001AF1010AEBE70FE0200080B2000A296849
:1053A0005A4692B288541BF1010B2868594689B2BB
:1053B00044541BF1010BFFE7594689B22868FFF7F7
:1053C0006DFE010028685A4692B281541BF1010B10
:1053D000080080B2000A2A685B469BB2D0541BF1D9
:1053E000010BA5F804B00120BDE8F28F70B50400F0
:1053F000FFF7B6F80500260016F1010F02D00448A9
:1054000000783618FFF7ACF8401BB042FAD370BDF5
:105410006B0A002080B51848FCF732F902201749C2
:10542000087001BD80B501221549164800F0CFF87B
:1054300000220121272003F062FA272003F074FAEA
:1054400001BD704738B504000B480D490A78036860
:1054500085885A558288521C8280828840F2FF13C8
:105460009A4201D3002282800122064800F0AFF860
:1054700001200249087031BD180A0020CD26002005
:10548000CC260020A41F002010B50400002C01D160
:10549000012035E0A0690028FFD1E06F002805D188
:1054A000002084F87800200003F0BCFA2420E06794
:1054B000206800684008400021680860606A002891
:1054C00002D0200000F0DEFB200000F05FFA01288F
:1054D00001D1012014E02068406830F49040216838
:1054E00048602068806830F02A0021688860206861
:1054F000006850F0010021680860200000F02FFCD7
:1055000010BD2DE9FC4706000D0017009846F06F0E
:10551000202859D1002D03D0380080B2002801D1B5
:10552000012052E00020C6F884002120F067FFF738
:1055300017F88146A6F85070A6F85270B068B0F51A
:10554000805F05D13069002802D10024AA4602E01C
:105550002C005FF0000AB6F85200002822D0CDF8E7
:1055600000804B4600228021300000F061FC0028C2
:1055700003D02020F067032027E0002C08D1BAF8E0
:105580000000C005C00D316808851AF1020A03E069
:10559000207831680885641CB6F85200401EA6F8D1
:1055A0005200D8E7CDF800804B4600224021300061
:1055B00000F03EFC002803D02020F067032004E028
:1055C0002020F067002000E00220BDE8F68770B5DB
:1055D00005000C001600D5F88000202824D1002CEE
:1055E00003D0300080B2002801D101201DE000204E
:1055F00028662868DFF8901388420ED02868406833
:1056000000020AD5286850E8000F50F080600100C1
:105610002A6842E800100028F4D1320092B221003A
:10562000280000F054FC00E0022070BD2DE9F04796
:1056300006003068C7693068D0F800803068D0F85C
:10564000089040F60F043C40002C0BD1B80609D559
:105650005FEA886006D5B06E002802D03000B16ED7
:1056600088478FE1002C00F0AA805FEAC97005D45A
:10567000DFF8080618EA000F00F0A18017F001001B
:10568000C0B200280BD05FEAC85008D501203168AD
:105690000862D6F8840050F00100C6F88400B8070C
:1056A0000DD519F00100C0B2002808D002203168E1
:1056B0000862D6F8840050F00400C6F88400780729
:1056C0000DD519F00100C0B2002808D004203168BF
:1056D0000862D6F8840050F00200C6F8840038074B
:1056E00010D55FEA886004D419F00100C0B2002828
:1056F00008D0082031680862D6F8840050F008000D
:10570000C6F8840038050CD55FEA481009D54FF477
:10571000006031680862D6F8840050F02000C6F8B6
:105720008400D6F88400002848D0B80608D55FEA7F
:10573000886005D5B06E002802D03000B16E884771
:10574000D6F88400050030688068400602D415F061
:10575000280F2DD0300000F09EFC30688068400695
:1057600022D53068083050E8000F30F040000100CA
:10577000306810F1080242E800100028F1D1706F83
:1057800000280DD0DFF8F804716F8863706F03F0A4
:105790000FFC002812D0706F716F896B88470DE085
:1057A000300003F001FD09E0300003F0FDFC05E0EE
:1057B000300003F0F9FC0020C6F88400E2E0306E0F
:1057C000012840F0BD80F80640F1BA805FEAC86069
:1057D00040F1B68010203168086230688068400669
:1057E0006DD5706F0068D0F804A0504680B20028D4
:1057F00052D05046B6F8581080B288424CD2A6F823
:105800005AA0706F00680068800639D4306850E88C
:10581000000F30F480700100326842E80010002868
:10582000F4D13068083050E8000F40084000010013
:10583000306810F1080242E800100028F1D1306809
:10584000083050E8000F30F040000100306810F1DF
:10585000080242E800100028F1D12020C6F880009C
:1058600000203066306850E8000F30F01000010072
:10587000326842E800100028F4D1706F03F06EFB2C
:1058800002207066B6F85810B6F85A00091A89B2A4
:10589000300003F06AFC11E05046B6F8581080B2B0
:1058A00088420BD1706F00680068800606D5022020
:1058B0007066B6F85810300003F057FC62E0B6F896
:1058C0005800B6F85AA0B0EB0A0AB6F85A000028F9
:1058D00035D0504680B2002831D0306850E8000FF3
:1058E00030F490700100326842E800100028F4D1D2
:1058F0003068083050E8000F400840000100306870
:1059000010F1080242E800100028F1D12020C6F86A
:105910008000002030660020B066306850E8000F3C
:1059200030F010000100326842E800100028F4D185
:1059300002207066514689B2300003F016FC21E067
:10594000F8020AD55FEA492007D55FF48010316874
:105950000862300003F0BAFC14E0380609D55FEAAB
:10596000086006D5F06E002802D03000F16E88473E
:1059700008E0780606D55FEA486003D5300000F0FD
:1059800054FCFFE7BDE8F087008000402DE9F047B8
:1059900004000026DFF8A81920688842FFD0A2681A
:1059A0002069024360690243E0690243206803689A
:1059B000DFF89009034013432068036020684368C0
:1059C00033F44053E068034320684360D4F8188000
:1059D0002068884202D0206A50EA0808206880685F
:1059E00030F4306058EA0000226890602068DFF8E8
:1059F000482A904216D1DFF8440A006810F00300EC
:105A0000002805D0022805D006D3032806D007E0D9
:105A1000012760E002275EE004275CE008275AE0E7
:105A2000102758E02068DFF8182A904217D1DFF8D5
:105A30000C0A006810F00C00002806D0042808D0DA
:105A4000082804D00C2806D007E0002743E00227EE
:105A500041E004273FE008273DE010273BE02068B5
:105A6000DFF8E029904217D1DFF8D009006810F084
:105A70003000002806D0102808D0202804D0302874
:105A800006D007E0002726E0022724E0042722E0D2
:105A9000082720E010271EE0206888421AD1DFF88E
:105AA0009C09006810F44060002809D0B0F5806FB0
:105AB0000AD0B0F5006F05D0B0F5406F06D007E012
:105AC000002708E0022706E0042704E0082702E098
:105AD000102700E010272068884246D13800C0B265
:105AE000002806D0022808D0042809D008280BD0A6
:105AF0000DE004F05BF881460DE0DFF84C990AE018
:105B000003F0E7FF814606E04FF4004903E05FF051
:105B1000000901200600B9F1000F00F0A5806168BE
:105B200003204143894505D361684FF480504143C8
:105B3000494502D20120060096E04FF48072606869
:105B400040080021E2FB09016268002300F08EFD9D
:105B50000500B5F5407F05D3B5F5801F02D220685A
:105B6000C56081E0012006007EE0E069B0F5004FED
:105B700041D13800C0B2002808D001280AD002283C
:105B80000CD004280DD008280FD011E004F00EF836
:105B9000814611E004F017F881460DE0DFF8A8987F
:105BA0000AE003F096FF814606E04FF4004903E067
:105BB0005FF0000901200600B9F1000F54D06068C1
:105BC000400810EB49006168B0FBF1F00500102DB2
:105BD0000ED3B5F5803F0BD24FF6F0712940C5F3D7
:105BE000420001438A46504680B22168C8603BE0CB
:105BF0000120060038E03800C0B2002808D0012893
:105C00000AD002280CD004280DD008280FD011E0AB
:105C100003F0CCFF814611E003F0D5FF81460DE093
:105C2000DFF824980AE003F054FF814606E04FF4C1
:105C3000004903E05FF0000901200600B9F1000F00
:105C400012D0606819EB50006168B0FBF1F00500FC
:105C5000102D07D3B5F5803F04D2280080B221680B
:105C6000C86001E0012006000020A0660020E06678
:105C70003000C0B2BDE8F087000000002001000441
:105C80001162000890F82410090707D501684A68D6
:105C900032F40042416B0A4301684A6090F82410D4
:105CA000C90707D501684A6832F40032816A0A439D
:105CB00001684A6090F82410890707D501684A688E
:105CC00032F48032C16A0A4301684A6090F82410B5
:105CD000490707D501684A6832F48022016B0A43FC
:105CE00001684A6090F82410C90607D501688A68DF
:105CF00032F48052816B0A4301688A6090F8241064
:105D0000890607D501688A6832F40052C16B0A43DC
:105D100001688A6090F82410490613D501684A6822
:105D200032F48012016C0A4301684A60016CB1F5DB
:105D3000801F07D101684A6832F4C002416C0A43EF
:105D400001684A6090F82410090607D501684A687E
:105D500032F40022816C0A4301684A60704738B50A
:105D600004000020C4F88400FEF7FAFB0500206858
:105D7000006800071DD57FF07E4000902B000022B8
:105D80005FF40011200000F053F8002811D02068C3
:105D900050E8000F30F080000100226842E8001057
:105DA0000028F4D12020E067002084F87800032048
:105DB0003DE02068006840072CD57FF07E400090D1
:105DC0002B0000225FF48001200000F031F8002851
:105DD00020D0206850E8000F30F490700100226855
:105DE00042E800100028F4D12068083050E8000F85
:105DF000400840000100206810F1080242E800104D
:105E00000028F1D12020C4F88000002084F8780018
:105E100003200CE02020E0672020C4F88000002050
:105E2000206600206066002084F87800002032BDE3
:105E30002DE9F04105000E0090461F00069C2868E1
:105E4000C0693040B04201D1012000E0002041464D
:105E5000C9B2884238D114F1010FF0D0FEF780FBAF
:105E6000C01B844201D3002C01D103202DE02868FF
:105E700000684007E3D5802EE1D0402EDFD02868AF
:105E8000C06900070DD5082029680862280000F0C5
:105E900002F90820C5F88400002085F87800012068
:105EA00013E02868C0690005C9D54FF4006029686F
:105EB0000862280000F0EFF82020C5F884000020D8
:105EC00085F87800032000E00020BDE8F08130B4C0
:105ED00003005965A3F85820A3F85A2000209866BB
:105EE0009868B0F5805F0BD11869002804D140F2A2
:105EF000FF10A3F85C0023E0FF20A3F85C001FE084
:105F0000986800280AD11869002803D1FF20A3F857
:105F10005C0015E07F20A3F85C0011E09868B0F108
:105F2000805F0AD11869002803D17F20A3F85C00A4
:105F300006E03F20A3F85C0002E00020A3F85C002C
:105F40000020C3F884002220C3F8800018680830BD
:105F500050E8000F50F001000400186810F1080527
:105F600045E800400028F1D19868B0F5805F06D17F
:105F70001869002803D10FF2D130986602E00FF2C1
:105F8000D5209866186900280BD0186850E8000FD3
:105F900050F4907004001D6845E800400028F4D1DA
:105FA0000AE0186850E8000F50F0200004001D6857
:105FB00045E800400028F4D1002030BC704770B59F
:105FC00004000D0016006565A4F858600020C4F8B0
:105FD00084002220C4F88000606F002821D00FF2D6
:105FE0001510616FC8620FF2B110616F08630FF294
:105FF000D110616F48630020616F886333009BB2EA
:10600000626D206810F12401606F02F05BFF0028D0
:1060100007D01020C4F884002020C4F8800001209C
:106020002AE0206900280AD0206850E8000F50F4C8
:1060300080700100226842E800100028F4D1206836
:10604000083050E8000F50F001000100206810F106
:10605000080242E800100028F1D12068083050E81A
:10606000000F50F040000100206810F1080242E8E3
:1060700000100028F1D1002070BD016851E8001F18
:1060800031F0C0010A00036843E800210029F4D17F
:106090002021C1677047016851E8001F31F49071F9
:1060A0000A00036843E800210029F4D1016808319F
:1060B00051E8001F490849000A00016811F108036E
:1060C00043E800210029F1D1016E01290AD10168BC
:1060D00051E8001F31F010010A00036843E8002175
:1060E0000029F4D12021C0F8801000210166002190
:1060F0008166704738B50400A56A2068006880068C
:106100003AD40020A5F85A00286850E8000F30F46F
:10611000807001002A6842E800100028F4D1286845
:10612000083050E8000F400840000100286810F1D6
:10613000080242E800100028F1D12868083050E831
:10614000000F30F040000100286810F1080242E81A
:1061500000100028F1D12020C5F88000286E012809
:106160000AD1286850E8000F30F0100001002A68BA
:1061700042E800100028F4D100206866286E01284B
:1061800005D1B5F85810280002F0EFFF02E0280012
:1061900002F0D0FF31BD000038B50400A56A01202F
:1061A0006866286E012807D1B5F85810490889B2E9
:1061B000280002F0DAFF02E0280003F087FD31BD7D
:1061C000F8B50400A56AEE6FD5F88070286880687D
:1061D000000607D5212E05D10020A5F85200280081
:1061E000FFF74BFF28688068400607D5222F05D1AE
:1061F0000020A5F85A002800FFF74DFFD5F88400CD
:1062000050F01000C5F88400280002F0CDFFF1BD69
:1062100038B50400A56A0020A5F85A000020A5F8AA
:106220005200280002F0C0FF31BD10B50400206804
:1062300050E8000F30F040000100226842E80010F2
:106240000028F4D12020E0670020E066200003F061
:106250003EFD10BD70B50500B5F85C60D5F8800056
:10626000222866D12868808C040016EA0400696D33
:106270000870686D401C6865B5F85A00401EA5F8A6
:106280005A00B5F85A00002859D1286850E8000F84
:1062900030F4907001002A6842E800100028F4D120
:1062A0002868083050E8000F4008400001002868C6
:1062B00010F1080242E800100028F1D12020C5F8B2
:1062C00080000020A8660020686628681C49884273
:1062D0000ED02868406800020AD5286850E8000FF0
:1062E00030F0806001002A6842E800100028F4D1F4
:1062F000286E012819D100202866286850E8000F70
:1063000030F0100001002A6842E800100028F4D1A3
:106310002868C069C00602D5102029680862B5F84F
:106320005810280002F021FF09E0280002F002FFC7
:1063300005E02868008B50F008002968088370BDCC
:1063400000800040F369FFEFF8B50500B5F85C7018
:10635000D5F88000222867D12868808C0400686DF9
:10636000060017EA04003080686D801C6865B5F887
:106370005A00401EA5F85A00B5F85A00002859D115
:10638000286850E8000F30F4907001002A6842E855
:1063900000100028F4D12868083050E8000F4008A9
:1063A00040000100286810F1080242E800100028AF
:1063B000F1D12020C5F880000020A8660020686682
:1063C0002868224988420ED02868406800020AD511
:1063D000286850E8000F30F0806001002A6842E829
:1063E00000100028F4D1286E012819D10020286659
:1063F000286850E8000F30F0100001002A6842E8D9
:1064000000100028F4D12868C069C00602D5102009
:1064100029680862B5F85810280002F0A6FE09E0C5
:10642000280002F087FE05E02868008B50F0080085
:1064300029680883F1BD000000380140881002403F
:1064400000440040004800400024F4000080004068
:106450002DE9F74F82B000265FF0000A5FF0000BD5
:1064600054465D46002000900127DDF80C80DDF8E1
:106470000890049810F0070F2BD10498C008002151
:1064800082468B4603F07CFC4FF47A7003F090FC5C
:1064900000200600300080B20021594517D801D3F2
:1064A000504514D2D8E9000104000D0022002B0051
:1064B0004946002003F00CFC07003800C0B2012858
:1064C00005D019F1080918F10808761CE2E703F075
:1064D00068FC3800C0B205B0BDE8F08F70B50400AC
:1064E000012503F04DFC06004FF47A7003F060FCC8
:1064F0003000C0B200280FD1C4F3CC20B0F5807FAB
:1065000005D20121C4F3CC2003F0BEFC04E001213C
:10651000C4F3CC2003F0B8FC4FF47A7003F048FCCD
:1065200005000548016831F00201016003F039FC03
:106530002800C0B270BD0000142002402DE9F041D7
:10654000C0B004000D00160000274FF48071002237
:10655000E8464046FEF7A6FA2000FFF7BFFFA52059
:106560008DF8000030008DF801005FF00008404613
:10657000310080B289B288420AD2404680B2285C9B
:106580006946424692B21144887018F10108EEE75C
:10659000B61C300080B20821B6B20836361A90FB1D
:1065A000F1F001FB0066320092B269462000FFF76D
:1065B0004FFF002801D0002000E0012040B0BDE8DE
:1065C000F081000062B38B0708D0521E11F8013B26
:1065D00000F8013B00F024808B07F6D1830740F0E0
:1065E000208000BF103A07D330B4B1E83810103A19
:1065F000A0E83810F9D230BC530724BFB1E8081026
:10660000A0E8081044BF51F8043B40F8043BD2070F
:1066100024BF31F8022B20F8022B44BF0B78037003
:106620007047121F17D35B0009D151F8043B20F8C3
:10663000023B1B0C121F20F8023BF6D20BE051F874
:10664000043B00F8013B1B0A20F8023B1B0C121F05
:1066500000F8013BF3D238BF121D521E24BF11F8BF
:10666000013B00F8013BF8D870470000BBBBE1B12B
:10667000B2F5803F80F07E80022A1ED98C46B1FBA5
:10668000F2F102FB11C31B0443EA1043B3FBF2FC1B
:1066900002FB1C3380B240EA0343B3FBF2F002FB7F
:1066A000103240EA0C4000237047022A05D9844684
:1066B000B0FBF2F002FB10C270474AB105D100F006
:1066C000010249085FEA300070470022002370474A
:1066D00003F02ABC0B00020000210020704790420A
:1066E00071EB030CF6D3B3F5803F2FD2F0B5B3FABC
:1066F00083F7B1FA81F4A7F10F0E3D1B5340CEF1A1
:10670000200602FA0EF2F3415340B5F10F0746D8C6
:106710000F3C2C444140C4F12006A040F1414140CF
:10672000B1FBF3F603FB1611A2FB0645001BA941C2
:1067300002D2761E8018594180EA010221FA0EF336
:1067400062FA0EF200215A403046F0BD30B4B1FB7F
:10675000F3FC03FB1C11A2FB0C45001BA94103D257
:10676000ACF1010C8018594130BC02460B46604622
:1067700000217047B2F1807F65D3F0B5B2FA82F79D
:10678000B1FA81F4C7F10F063D1B22FA06F307F1B7
:10679000110EF24120355A40B5F10F07B8D94140EA
:1067A000C4F12006A040F1414140B1FBF3FC03FBE2
:1067B0001C11A2FB0C45001BA94103D2BCF1010C2A
:1067C000801859410F2F12D30F3FC90341EA50419E
:1067D000B1FBF3F603FB1611A2FB0645D4EBC03068
:1067E000A94102D2761E8018594146EACC3C07B333
:1067F0004140C7F12006B840F1414140B1FBF3F6FA
:1068000003FB1611A2FB0645001BA94102D2761E0E
:106810008018594180EA010221FA0EF3C7F12004E1
:1068200062FA0EF20CFA07F05A402CFA04F13043E7
:10683000F0BD80EA010221FA0EF3002162FA0EF2A5
:1068400060465A40F0BD8C46B1FBF2F102FB11C329
:106850001B0243EA1063B3FBF2FC02FB1C331B0276
:106860004CEA002043EA1063B3FBF2FC02FB1C334A
:106870001B024CEA002043EA1063B3FBF2FC02FB6C
:106880001C331B024CEA002043EA1063B3FBF2FC0A
:1068900002FB1C324CEA002000237047B0B581EAAD
:1068A000030C0CF0004C40F2FF7515EA11541DBFAB
:1068B00015EA1357AC42AF4239E0E41923EA4553D5
:1068C00043F48013C90241F0004141EA505EC7021F
:1068D0001100A7FB020200284FF00000EEFB012090
:1068E0004FF00001E3FB072118BF42F001024018FE
:1068F00000214941E3FB0E01A4F580640F0302D29D
:1069000052004041494154F101046CDD470872F1E5
:10691000004250F1000051EB0451A1F580115CBF21
:1069200041EA0C01B0BD4CEA05510020B0BD05EABA
:106930001357AC4214BFAF4241E050EA410E1CBFB6
:1069400052EA430E02E061460020B0BD24423C44BE
:106950001BD15FEA070EF6D0090302BF01460020F3
:10696000AEF1140EB1FA81F7AEEB070401FA07FE9F
:106970000C37C7F1200100FA07F7C8404EEA000EB5
:1069800023EA455343F48013A2E733F00043B3FAFC
:1069900083F704BFB2FA82FE77440B3FE41BB7F1E2
:1069A000200E2FBF02FA0EF3BB40C7F1200E22FAD1
:1069B0000EFE38BF43EA0E03BA40641C82E750EA79
:1069C000410E14BF52EA430E6FF000014FF400175E
:1069D00017EB430F8ABF194617EB410FB5E74CEA97
:1069E00005510020B0BDD4F10104B4F120070FDA45
:1069F000C4F12007520828BF42F0010210FA07F53F
:106A000001FA07F7E1BF2A43E0403843E1400FE0D5
:106A1000352C98DCC7F1200452EA400220FA07F234
:106A200018BF42F0010231FA07F0A1400A430021E9
:106A300072F1004250F1000051EB0C01B0BD0000BA
:106A400070B44FF0004591EA030F43F177826B4039
:106A5000841A71EB030604D26E40001BB141121977
:106A600073414FF4001C1CEB410F34BF7CEB430619
:106A700083E00C0DA4EB1356362E00F37C80012E20
:106A800045EAC32341DC43EA525312BFD2029202C9
:106A90005B08240545EAC12141EA5051D2EBC020F0
:106AA000994125D407D1B0FA80F610FA06F162D0E8
:106AB0000020203608E0B1FA81F6B140C6F120028C
:106AC00020FA02F21143B0404FEAF474B4EB46549A
:106AD00034F001064FEA74040AD8D6F50016760D94
:106AE00004F00044F04061FA06F25040F1404840A2
:106AF000C00A40EA415021F0004128BF5FEA50053A
:106B000050F1000044EBD12135E0DB0A45EAC12118
:106B1000C90AB6F120050EDD42EA0242120CC5F1A7
:106B2000200603FA06F6EB4042EA06056D4298415C
:106B300061F100010DE062FA06F5F240554063FA9A
:106B400006FC82EA0C02F3405A406D42904161EB30
:106B5000030111F4801F05D1641E620502D06D008F
:106B60004041494121F48011430875F1004350F13F
:106B7000000041EB045170BC70471CEB410F15D273
:106B800023F0004352EA43060BD04FEA4C0CBCEB17
:106B9000410F04D80C0D661E342EB7DDEBE7801ACA
:106BA000994150EA410608BF0021E4E708BF1CEB09
:106BB000430F28BF6FF00001DDE70000C1F30A5367
:106BC00040F2FE329B1A14DDD3F120034FEAE1724A
:106BD00008DDC90241EA505141F00040D840801818
:106BE0005040704703F2E13010B1D24382F00040D0
:106BF00070470020704700002DE9F04D2DED0A8B05
:106C000041EC190B43EC182B51EC180B20F000044D
:106C100031F0004508BF002C84B000F0088353EC2D
:106C2000192B0020DFF88C1603F0F2F900F0FF8238
:106C3000DFF8141603F0ECF908D151EC180B4800FA
:106C40004015401C02D1090300F0F18251EC190BF0
:106C500048004015401C00F00E8251EC190B31F039
:106C6000004108BF002800F0068251EC180B4800D4
:106C70004015401C00F0FF8151EC180B4B0043EA1B
:106C8000D0734200002B08BF002A04D1B0EE48AAFE
:106C9000F0EE68AA19E040F23344A4EB5352352ACF
:106CA00004DB00F0000001F000410CE0202A03DDCD
:106CB000203AD140914000E001D1002003E0002AB9
:106CC000C4BFD040904041EC1A0B51EC190BC80FD7
:106CD0000BD053EC182B51EC1A0B03F099F904D09C
:106CE000AFF300809FED3F9BA3E253EC192B23F001
:106CF0000041B1F5801F22F000000DD200220029D2
:106D000008BF0028009216D06A4651EC190B03F018
:106D10008FF941EC190B0EE0DFF8AC45DFF82C756C
:106D200004EB115000903B40DFF82405924643EA03
:106D3000000B4BEC19AB51EC190BC80F36D021F0FE
:106D4000004053EC192B034643EC192B51EC1A0B62
:106D50004B0043EAD0734200002B08BF002A04D145
:106D6000B0EE4A0AF0EE6A0A19E040F23444A4EBAD
:106D70005352352A04DB00F0000001F000410CE022
:106D8000202A03DD203AD140914000E001D10020CB
:106D900003E0002AC4BFD040904041EC100B53ECFC
:106DA0001A2B51EC100B03F033F901D1002600E04F
:106DB0000126009801281DD151EC190BDFF894240D
:106DC000DFF8943403F06CF914D253EC192B002043
:106DD0004FF08041FFF762FD00279FED04BB41ECBF
:106DE000190B27E0FFFFFFFFFFFFFF7F0000000000
:106DF0000000F03F53EC192B0020DFF86014FFF780
:106E00004DFD9FED78AB53EC1A2BFFF719FEFFF702
:106E1000D5FEA0F120042046FDF786F90022DFF818
:106E20004034FFF73BFD53EC1A2BFFF709FE41EC12
:106E30001B0B670151EC190B53EC1B2B03F076F87D
:106E400041EC1A0B53EC192B51EC1B0BFFF7F8FD1F
:106E500002460B4651EC1A0BFDF788F941EC190B71
:106E600053EC192BFFF71AFD41EC1C0B53EC1C2BB8
:106E7000DFF8F003DFF8F013FFF710FDDFF8EC2385
:106E8000DFF8EC33FFF7DCFD53EC1C2BFFF706FDBE
:106E9000DFF8E023DFF8E033FFF7D2FD53EC1C2BE3
:106EA000FFF7FCFCDFF8D423DFF8D433FFF7C8FD8D
:106EB00053EC1C2BFFF7F2FCDFF8C823DFF8C833D4
:106EC000FFF7BEFD53EC1C2BFFF7E8FCDFF8BC23FB
:106ED000DFF8BC33FFF7B4FD53EC1C2BFFF7DEFCEF
:106EE000DFF8B023DFF8B033FFF7AAFD53EC1C2B1B
:106EF000FFF7D4FC53EC1A2B03F018F804460D46A8
:106F00000020DFF8B01353EC1B2B03F00FF8002226
:106F10004FF08043FFF7C2FC22462B46FFF790FD5F
:106F200053EC192BFFF7BAFC41EC100BDFF86C03A4
:106F3000784400F55A70074453EC1A2B51EC100BAF
:106F4000FFF77EFD41EC190B0098FDF7EDF8D7E94E
:106F50000023FFF775FD41EC1A0B53EC192BDFF8FA
:106F60004003DFF84013FFF799FC53EC1A2BFFF7AF
:106F700067FD53EC182BFFF791FC0022DFF8283354
:106F800003F08EF841EC1B0B69D30122C74B03F0D1
:106F90009FF861D9C80F53EC1B2B1ABF0020C449BE
:106FA000AB49FFF74DFDFFF709FE0022C14BCDE9CC
:106FB00001238046CDF8008053EC192B51EC180BBF
:106FC000FFF76CFC04460D46D7E90201D7E904231C
:106FD000FFF736FD53EC182BFFF760FC9FEDB6BBB7
:106FE00004E000BF000000000000E03F53EC1B2B5A
:106FF000FFF754FC22462B46FFF722FD07468B463F
:1070000053EC1A2B51EC180BFFF748FC04460D46C5
:107010004046FDF789F802460B462046294602F015
:1070200085FF53EC1B2BFFF739FC3A465B46FFF715
:1070300007FDDDE9012303F063F841EC190B31F0A2
:10704000004108BF00280AD051EC190B4800401538
:10705000401C06D1090304D19FEDA09B01E09FEDE8
:107060009B9B002E00F0E58051EC190B81F0004154
:1070700041EC190BDDE051EC190B48004015401CA8
:1070800002D1090340F0D58051EC180B480040159F
:10709000401C06D1090304D0B0EE489AF0EE689A7D
:1070A000C7E051EC180B480001244015401C61D08A
:1070B00051EC180B4B0043EAD0734200002B08BF81
:1070C000002A04D1B0EE48AAF0EE68AA19E040F216
:1070D0003345A5EB5352352A04DB00F0000001F0E4
:1070E00000410CE0202A03DD203AD140914000E02D
:1070F00001D1002003E0002AC4BFD040904041EC01
:107100001A0B53EC182B51EC1A0B02F081FF18BF2D
:1071100000244B0043EAD0734200002B08BF002A32
:1071200004D1B0EE4A0AF0EE6A0A19E040F23445A2
:10713000A5EB5352352A04DB00F0000001F00041BA
:107140000CE0202A03DD203AD140914000E001D13B
:10715000002003E0002AC4BFD040904041EC100B57
:1071600044B153EC1A2B51EC100B02F051FF0CBF41
:107170000024012451EC190B48004015401C0AD191
:10718000090308D151EC190BC80F21D153EC182B6E
:10719000DA0F49D040E051EC180B48004015401C74
:1071A0001ED109031CD153EC192B23F00041B1F57A
:1071B000801F22F0000021D20022002908BF0028F1
:1071C00000921FD06A4651EC190B02F031FF19E012
:1071D00051EC180BC80F01D1002C21E0E4B10AE0FA
:1071E000002C1ABF51EC190BC80F002053EC182BC0
:1071F000DA0F14D180B19FED329B1AE0324C04EBD0
:107200001150009051EC180BC80F009802D10028C3
:107210000ADC01E0002807DD9FED2C9B09E0002837
:1072200018BF9FED2C9B04D19FED2C9B01E09FED9F
:10723000049B04B051EC190BBDEC0A8BBDE8F08D3A
:10724000000000000000F03F0000F0BFFFFF0F80D3
:107250000000E03FCD3B7F669EA0E63F000050402F
:107260000000903FF7DE29BFD8F8C23FF4B3FECC50
:107270001A99C33F62CB68D96F46C73FC6C912DAB5
:10728000C471CC3F4AE98A942449D23FF75F979969
:107290009999D93FBC5555555555E53FC45E0000F9
:1072A000FE822B654715F73F0000E0C00000E0407C
:1072B0000000E0BF0000F03FEF39FAFE422EE63F4B
:1072C000000000000000008002FCFFFF0000000042
:1072D00000000000000000000000F0FF00000000BF
:1072E0000000F07F2DE9F14FB0B0924604910DF10E
:1072F00042013A9A2B9199464A7000200AE01AF806
:10730000011B0498309A90470028049000F0B6863C
:107310000D98401C0D909AF8000050B12528EED130
:10732000002100220791089209910A920B910C9278
:1073300004E00D9800F0A4BE41F001011AF8010F1D
:107340002028F9D023280CD02B2804D02D2805D0B4
:10735000302809D00BE041F00201EFE741F00401D1
:10736000ECE741F00801E9E741F01001E6E72A28DF
:107370000FD1D9F8002052F8040BC9F800200028DA
:107380000F9003D540420F9041F004010AF1010A29
:1073900014E00F92DFF828380AE00F98984205DAD7
:1073A00000EB800402EB4402303A0F920AF1010A2A
:1073B0009AF80020A2F130000A28EED39AF80000D3
:1073C0002E2803D04FF0FF320E9229E01AF8010F59
:1073D0002A2809D1D9F8000050F8042BC9F8000078
:1073E0000E920AF1010A1BE02D280CBF0AF1010AD6
:1073F000002000220E92DFF8C8470BE040B90E9A39
:10740000A24205DA02EB820503EB4503303B0E9303
:107410000AF1010A9AF80030A3F130020A2AEDD3EA
:10742000ADF84010DFF89C07784400F5F3609AF857
:10743000001003F059F808B11AF8010B8DF842005A
:107440009DF84200682805D19AF8000068280CD100
:10745000622106E06C2804BF9AF800006C2804D171
:1074600071218DF842100AF1010A12A806901AF84B
:1074700001BBBBF125012CD01C3900F0D081091FC4
:10748000022940F2CC81133900F02385093900F03C
:10749000C681891E00F0B885491E00F06585491E29
:1074A000022940F2BC81091F00F05E85491F00F0EF
:1074B0002881491E00F00D85491E00F0D080C91EAC
:1074C0000DD0891E00F00585C91E00F0028500F070
:1074D000A6BD25238DF84830012100F0ABBDD9F8B9
:1074E000000050F8044BC9F80000002C059440F04F
:1074F000A3802B994878002800F099804FF0FF3442
:107500000FF6843002F0FCFF201A40F0B78500F03F
:1075100092BD6D1E40F0A9853096079D12AF75B1E2
:10752000309E17F8012B02A9304600F073FE0028A8
:1075300001D46D1EF5D10028309640F09F850A9D3C
:107540003020002D8DF804000CDD309E012301AAAF
:1075500002A9304600F06EFE002840F08F856D1EB7
:10756000F4D13096059F089D75B1309E17F8012B18
:1075700002A9304600F04EFE002801D46D1EF5D160
:107580000028309640F07A850B9D3020002D8DF834
:1075900004000CDD309E012301AA02A9304600F050
:1075A00049FE002840F06A856D1EF4D1309605989A
:1075B0000899099D471875B1309E17F8012B02A94B
:1075C000304600F027FE002801D46D1EF5D10028BA
:1075D000309640F053850C9D3020002D8DF804002E
:1075E0000CDD309E012301AA02A9304600F022FEE4
:1075F000002840F043856D1EF4D130969DF8400080
:1076000041077FF588AE2020002C8DF804007FF71D
:1076100082AE309D012301AA02A9284600F00AFE8D
:10762000002840F02B85641EF4D1309573E60FF6E8
:107630006440059000F0FFBC0E9D002D04D520464F
:10764000FCF73AFD044607E02A46204602F078FFA0
:10765000002814BF041B2C46089400F0ECBCD9F899
:10766000001051F8040BC9F8001020F000040021AC
:1076700021F0FF3512ABCDE902450593DDE9022388
:1076800006993C2413B90AB90E9898B102F00F0577
:107690003035641EEEB23A2EA8BF2735120942EAF1
:1076A00003721B090D5508BF002A03D005980D1958
:1076B000A842EBD308190590C4F13C020E98089239
:1076C00082420ADABDF84010821A4FF6EF7001408C
:1076D0000A92ADF8401000F0AEBC002840F1AB8437
:1076E0009DF8400000F01400102840F0A4840F9B87
:1076F00007990A985B1A1B1A9A1A002A40F39B846E
:10770000E5E32B99487820B14FF0FF340FF6543061
:10771000F8E69DF84200622861D0682817D06A28F0
:107720003FD06C2806D0712847D074282CD07A28F6
:107730001DD064E0D9F8001051F8040BC9F800100E
:10774000002868D14FF0FF340FF63030DAE6D9F870
:10775000001051F8040BC9F8001020B94FF0FF34A5
:107760000FF61830CEE60D99018000F064BCD9F810
:10777000001051F8040BC9F8001000284BD14FF04D
:10778000FF340FF6F820BDE6D9F8001051F8040BCD
:10779000C9F8001000283ED14FF0FF340FF6DC206E
:1077A000B0E6D9F8001051F8040BC9F8001080B900
:1077B0004FF0FF340FF6C420A4E6D9F8001051F8BA
:1077C000040BC9F8001020B94FF0FF340FF6AC20BD
:1077D00098E60D9AD317C0E9002300F02CBCD9F825
:1077E000001051F8040BC9F8001020B94FF0FF3415
:1077F0000FF6882086E60D99017000F01CBCD9F8C0
:10780000001051F8040BC9F8001020B94FF0FF34F4
:107810000FF6682076E60D99016000F00CBCD9F8EF
:107820000020D21D22F00702C9F80020D2E9000191
:107830000832C9F80020CDE90201C80F02D007982C
:107840002D210AE0BDF84000810702D507982B21C1
:1078500003E0C00705D50798202112AA1154401C47
:107860000790DDE90223079912A8CDE92C230844EB
:107870004BF020016129059021AC0BD00E99002915
:1078800002D506210E9105E001BF4BF020016729CA
:1078900001220E92DDE9022359004915491C0DD140
:1078A0001A030BD0ABF1610503211A2D089102D206
:1078B0000FF6E41110E00FF6E4110DE05900491540
:1078C000491C0DD11A030BD1ABF1610503211A2D0F
:1078D000089119D30FF6CC110322FEF773FEAAE329
:1078E000DDE90201CDE92E01DDE92E2323F0004779
:1078F000B7F5801F22F000060DD20022002F08BF2E
:10790000002E009203D116E00FF69411E4E76A46C8
:1079100002F08EFB0FE0DFF8DC08DFF8DC1800EB8C
:1079200017500090DDE92E234FF0FF301940DFF8AB
:10793000CC7810403943CDE902014BF0200061289A
:107940000DD1059830210170821CBBF1610F0592A9
:107950000CBF7821582141700798801C0790DDE901
:10796000020120F0000231F0004308BF002A02D1DA
:107970000026002568E14BF02008B8F1610F40F0C7
:10798000B4800E98002847BF21210191401C01902E
:10799000019FDDE92C017F1C00220023DDE9024567
:1079A00002F07EFB00998DF8842038BF85F00045F9
:1079B000091F002F00910DF1850653DD2046294651
:1079C0000022002302F084FB4CD24800400D00F15D
:1079D0001C0212D0002A10DD40F2FF739A4206DB2F
:1079E000DFF81C1805F000400143002011E06FF3A0
:1079F0001E5141EA025120460BE024F0000035F010
:107A0000004108BF00280FBF29461C22294602F06A
:107A1000C3FD04460D46FFF7D1F8FF1F002F804637
:107A200009DDFCF781FB02460B462046294602F0A1
:107A30007DFA04460D46F01D0721B8F1000F0CDD5C
:107A4000491E5EBF08F00F0200F8012D4FEA28180A
:107A5000F3D502E0002200F8012D491EFAD5C61D1B
:107A6000002FABDC0DF18500361A01988642D8BF95
:107A7000304600280DF1850430D4B04206DA0DF10D
:107A800085010A5C082AA8BF0F2100DA00210246FE
:107A900021AB134400E0401E13F80159521E8D42E1
:107AA000F9D00F2904D10DF185018B5C5B1C8B543F
:107AB000002A04D50099091D21AC401C0091411EEB
:107AC0000CD46218ABF13A0613783033DDB23A2D9C
:107AD000A8BFF318491E02F80139F5D50E990029FF
:107AE00040F1B080421E0E92ACE00099DFF81427FE
:107AF00047F29750414391FBF2F2DDE92C450092A9
:107B000025F00045D2F1070204DD2046294600F0A9
:107B10004EFB0BE052420020DFF8EC1600F047FB72
:107B200002460B4620462946FCF720FB0446B8F1E6
:107B3000660F0E9806BF009F0A3706273F18142FBE
:107B4000C8BF142730200D468DF884000DF185063E
:107B5000002F39DD2046294602F0BCFD01460A46C9
:107B600006F1080304200A26B2FBF6F606EB860EA1
:107B7000A2EB4E02303203F8012C0A22B6FBF2F2DD
:107B800002EB820EA6EB4E063036401E03F8026D65
:107B9000E9D1083F002F03F10806D9DD0846FCF7BC
:107BA0003DFC02460B462046294602F0BFF9002262
:107BB000DFF85836FEF772FE04460D46CAE700BFEE
:107BC000CBCCCC0C946B00000DF18500361A0DF176
:107BD000850404E00098401E761E0090641C207806
:107BE0003028F7D0B8F1660F02D10099491C04E0A3
:107BF000B8F1650F0CBF012100210E9808188642CC
:107C0000B8BF701E00281DD4B04204DA215C3429AC
:107C1000C8BF392100DC30210246631E9D1800E0F8
:107C2000401E15F80169521E8E42F9D0392902D141
:107C3000A15C491CA154002A04D50099491C1C468A
:107C4000401C00910646009D02F058FD406A0778EE
:107C5000DDF8388030B2002802DC01260FF24864DB
:107C60004BF02000662808BF6D1C16D0672846D14F
:107C700028B210F1040F48DB404546DA9DF8400079
:107C80006D1C010703D430B24045B8BF804628B20E
:107C9000B8EB000848BF4FF000080FFA85FBBBF1B6
:107CA000000F00F3B5800898411C08913022059917
:107CB0000A54B8F1000F03DC9DF84000010704D519
:107CC0000898411C089105990F5418EB0B0FB8BF89
:107CD000C8F100052DB268420B90A84432B290451D
:107CE000B8BF4646059B089836B2099632462146EB
:107CF0001844FEF767FCA8EB06000C90D2E0BBF13D
:107D0000610F17D14FF0700B19E030B2404504DA23
:107D10009DF840100A0758BF8046B8F1010848BFD7
:107D20004FF00008BBF1670F14BF4FF0450B4FF049
:107D3000650B04E0BBF1410F08BF4FF0500B0898F2
:107D4000411C0891B8F1000F059914F8012B0A5451
:107D500003DC9DF8400001071AD50898411C0891E2
:107D6000B8F1000F05990F5412DD761E30B2804530
:107D70000598089BB8BF464632B221461844FEF724
:107D800021FC089936B271180891A8EB06000B90F7
:107D900005980899084429B2002980F800B003D456
:107DA0002B224270821C04E02D2242700D46821C60
:107DB0006D4200212CAB28460AE004460A2094FBC1
:107DC000F0F000EB8005A4EB450403F8014B491CDF
:107DD00000B20028F1DC012906DC4BF02000652808
:107DE00004BF302002F8010B00292CAB08D1302051
:107DF00002F8010B06E0491E585C303002F8010B16
:107E00000029F8DC059908980844121A099249E0FB
:107E100030B229B288421CDA0598089B32B221465A
:107E20001844FEF7CFFB089936B27118ABEB060683
:107E3000B8F1000F08910B9603DC9DF84000020793
:107E400004D5059847540999491C0991CDF830800B
:107E500028E00598089B2AB221461844FEF7B2FB99
:107E60000898761B5844B8F1000F089003DC9DF881
:107E700040100A0703D5411C089105990F5430B2F0
:107E800080450598089BB8BF464632B204EB0B010B
:107E90001844FEF797FB089836B230180890A8EB04
:107EA00006000B909DF8400000F01400102840F0F0
:107EB000C280079A08990B988A18099982180C9819
:107EC0008A1882180F98824280F2B580821A0A922C
:107ED000B1E09DF84200622808D068280ED06A28D8
:107EE00014D06C281FD0712810D01CE0D9F80010D5
:107EF00051F8040BC9F80010C0B21AE0D9F800100C
:107F000051F8040BC9F8001080B212E0D9F8002033
:107F1000D21D22F00702C9F80020D2E90001083280
:107F2000C9F8002006E0D9F8001051F8040BC9F890
:107F300000100021CDE902019DF8400001075AD54B
:107F4000DDE90223002B08BF002A54D04BF02000AB
:107F5000782850D1079812A930220A54401C431C9B
:107F6000079301F800B046E09DF84200622808D06F
:107F700068280ED06A2814D06C281FD0712810D021
:107F80001CE0D9F8001051F8040BC9F8001040B2F9
:107F90001AE0D9F8001051F8040BC9F8001000B22B
:107FA00012E0D9F80020D21D22F00702C9F8002003
:107FB000D2E900010832C9F8002006E0D9F8001023
:107FC00051F8040BC9F80010C117CDE902010029CE
:107FD00002D507982D210AE0BDF84000810702D59F
:107FE00007982B2103E0C00705D50798202112AA86
:107FF0001154401C079012A807990144059102A84A
:10800000594600F04FF816E001200790D9F800001B
:1080100050F8041BC9F800008DF848100BE025212A
:108020000122BBF1000F8DF84810079203D08DF8A4
:1080300049B0022107910F9A07980A990C9C121ACD
:108040000898521A0B99121A0998521A121A9DF886
:108050004000141B41073FF560AA2020002C8DF83A
:1080600004007FF75AAA309E2546012301AA02A9DF
:10807000304600F0DFF800283FF44BAA4FF0FF3005
:1080800031B0BDE8F08F00007072696E74665F7386
:108090003A2062616420257320617267756D656E98
:1080A000740000002DE9FC4307466F293E6908BFB4
:1080B000082405D041F02000782814BF0A24102499
:1080C0003C25D7E90023642918BF692990469946C1
:1080D00005D1002B03D5D8F1000869EB4909B9F1A6
:1080E000000F08BFB8F1000F0CD1386B50B9082C45
:1080F00039D197F83800010735D530203B2586F86F
:108100003B0030E08DF80010404649462246E31718
:10811000FEF7ACFA3032D0B26D1E3A28019504DB7E
:108120009DF80000A0F151018A1872554046494659
:108130002246E317FEF79AFA80465FEA010908BF74
:10814000B8F1000F03D0F86871198842DCD3082C0D
:1081500009D197F83800010705D5705D302802D0A5
:108160006D1E30207055C5F13C02BA617119F9607D
:10817000386B824208DA821A3A624FF6EF70398F12
:1081800001403987BDE8F38300280ED597F8380001
:1081900000F01400102808D17B6B7969386A5B1AEB
:1081A0001B1A9A1A002AC8BF3A62BDE8F3832DE968
:1081B000D04306460F4614464FF00008DFF85090B3
:1081C00012E0E00707D542464B4630463946FEF7F7
:1081D00065FB06460F464046494642464B46FEF77B
:1081E0005DFB641080468946002CEAD13046394652
:1081F000BDE8D08302FCFFFFFFFF0F800000E03FDF
:108200000000F07FA08601000000F03F84D7974176
:108210000000244010B503460C461146A06898475C
:10822000A06020B1E06A401CE062002010BD4FF069
:10823000FF3010BDF8B505460E4617461C46002017
:108240005CB117F8011BB068A847B06030B1F06AA4
:10825000401CF0620020641EF3D1F2BD4FF0FF30ED
:10826000F2BD00007072696E74665F733A20256E0D
:1082700020646973616C6C6F776564007072696EFD
:1082800074663A2062616420256E20617267756DA4
:10829000656E7400000000006E616E004E414E007D
:1082A000696E6600494E46003000000010B50400BB
:1082B000002C01D1012074E0606A002806D16068BA
:1082C000B0F5827F06D00020E06103E0002020614D
:1082D000002060610020A06294F85D00002805D1B4
:1082E000002084F85C00200002F034FA022084F8B8
:1082F0005D002068006830F0400021680860E06898
:1083000040F20171884201D3002101E04FF4805115
:10831000E068B0F5706F05D0E068B0F5E06F01D0AF
:108320000020A062606810F48270A26812F4044217
:108330001043227C12F002021043227D12F001024F
:108340001043A26912F400721043227F12F0380227
:10835000104394F8202012F080021043A26A12F415
:108360000052104322681060A269120C12F004023D
:1083700094F8240010F01000024394F8340010F038
:1083800008000243E06810F47060024311F480506A
:1083900002432068426000202066012084F85D00CE
:1083A000002010BD2DE9F84306000D0017001C0049
:1083B000FCF7D6F88046B94696F85D00012801D052
:1083C0000220ECE0002D03D0380080B2002801D15B
:1083D0000120E4E096F85C00012801D10220DEE0F3
:1083E000012086F85C00032086F85D0000203066DE
:1083F000B563B787F787002030640020A6F84400F3
:108400000020A6F84600002030650020F064B06827
:10841000B0F5004F0BD13068006830F04000316893
:1084200008603068006850F4804031680860306847
:108430000068400605D43068006850F0400031689C
:108440000860F06840F20171884235D370680028F6
:1084500003D0484680B2012809D1B06B008831684A
:10846000C860B06B801CB063F08F401EF087F08F47
:10847000002873D03068806880070AD5B06B008808
:108480003168C860B06B801CB063F08F401EF0870D
:10849000EDE7FCF765F8B0EB0800A04202D314F159
:1084A000010F01D1002CE2D1012086F85D000020EF
:1084B00086F85C00032072E07068002803D048460C
:1084C00080B2012817D1F08F02280AD3B06B008840
:1084D0003168C860B06B801CB063F08F801EF0877D
:1084E00009E0B06B007831680873B06B401CB06372
:1084F000F08F401EF087F08F00282FD03068806802
:10850000800718D5F08F02280AD3B06B0088316835
:10851000C860B06B801CB063F08F801EF087EAE704
:10852000B06B007831680873B06B401CB063F08F9B
:10853000401EF087DFE7FCF713F8B0EB0800A0421D
:1085400002D314F1010F01D1002CD4D1012086F8FF
:108550005D00002086F85C00032020E042462100F8
:10856000300000F003F9002801D020203066B06808
:10857000002808D1002000903068C0680090306862
:10858000806800900098012086F85D00002086F841
:108590005C00306E002801D0012000E00020BDE822
:1085A000F2832DE9FC4705000E0017009846DDF820
:1085B0002890FBF7D5FF0400B8EB040419EB040482
:1085C000FBF7CEFF8246684800684001000D00FBC3
:1085D00004F00090286880683040B04201D101204A
:1085E00000E000203900C9B2884243D018F1010FE1
:1085F000F0D0FBF7B5FFB0EB0A00A04201D2002C8F
:108600002FD12868406830F0E00029684860686829
:10861000B0F5827F0DD1A868B0F5004F03D0A868EF
:10862000B0F5806F05D12868006830F040002968F7
:108630000860A86AB0F5005F0BD12868006830F4C4
:108640000050296808602868006850F400502968C4
:108650000860012085F85D00002085F85C0003209B
:1086600009E00098002801D1002004000098401E75
:108670000090AFE70020BDE8F6872DE9FE4F060029
:108680000F0014009846DDF8309000208DF80000AF
:10869000FBF766FF0500B8EB050519EB0505FBF7D1
:1086A0005FFF8246306810F10C0B2F4801682320D1
:1086B0004143090D01FB05F10191306880683840A4
:1086C000A0424ED0B7F5C06F07D1002C05D19BF862
:1086D00000008DF800009DF8000018F1010FECD0AB
:1086E000FBF73EFFB0EB0A00A84201D2002D2FD1CC
:1086F0003068406830F0E000316848607068B0F57C
:10870000827F0DD1B068B0F5004F03D0B068B0F5EE
:10871000806F05D13068006830F040003168086033
:10872000B06AB0F5005F0BD13068006830F40050DB
:10873000316808603068006850F4005031680860A3
:10874000012086F85D00002086F85C00032009E027
:108750000198002801D1002005000198401E0190D9
:10876000ABE70020BDE8FE8FE40300207CB50400E9
:108770000D00160000962B0000224FF4C05120007F
:10878000FFF77BFF002805D0206E50F02000206608
:1087900003201FE000962B00002280212000FFF71D
:1087A00000FF002805D0206E50F020002066032036
:1087B00010E000962B0000224FF4C0612000FFF76C
:1087C0005CFF002805D0206E50F0200020660320BA
:1087D00000E0002076BD002848BF404270470000FE
:1087E00010B410F00703DFF8684122684FF6FF016C
:1087F0000A40DFF8601151EA03210A43226010BCED
:108800007047DFF84C010068C0F302207047000099
:10881000010049B200290AD4012210F01F018A4048
:10882000DFF8341103005BB25B0941F82320704785
:10883000010049B200290DD4012210F01F018A4025
:10884000464903005BB25B0941F82320BFF34F8F19
:10885000BFF36F8F704710B4020052B2002A05D4E4
:108860000A013F4B040064B21A5508E00A013D4B6F
:10887000040064B214F00F04234403F8042C10BC69
:10888000704770B4030013F00704D4F10700052803
:1088900001D3042001E0D4F10700251D072D01D2EA
:1088A000002500E0E51E012616FA00F0401E0140FA
:1088B000A94016FA05F56D1E2A401143080070BC48
:1088C000704710B50400601EB0F1807F01D3012015
:1088D0000EE0601E244908600F215FF0FF30FFF7B3
:1088E000BAFF0020214908600720214908600020C4
:1088F00010BD10B504002000FFF772FF10BD2DE978
:10890000F04104000D0016000027FFF77AFF8046B3
:10891000320029004046FFF7B4FF0100200040B2BA
:10892000FFF799FFBDE8F08110B50400200040B2C8
:10893000FFF76EFF10BD10B50400200040B2FFF736
:1089400077FF10BD10B504002000FFF7BAFF10BD7F
:108950000CED00E00000FA0500E100E080E100E03D
:1089600000E400E018ED00E014E000E018E000E0B2
:1089700010E000E080B5D448D44901605FF4E131F3
:108980004160002181600021C160002101610C2152
:108990004161002181610021016200214162FCF7F7
:1089A00073FD002801D001F070FF01BD80B5C848FB
:1089B000C84901604FF416514160002181600021D7
:1089C000C160002101610C21416100218161002110
:1089D000C1610021016200214162FCF755FD0028C0
:1089E00001D001F052FF01BD80B5BB48BB49016019
:1089F0004FF416514160002181600021C1600021C7
:108A000001610C214161002181610021C1610021CE
:108A1000016200214162FCF737FD002801D001F01E
:108A200034FF01BD38B59EB0040014220021684611
:108A300001F02DFF6022002106A801F028FF206828
:108A4000A249884252D1202006900020119006A809
:108A500001F028FF002801D001F017FFA0480168AD
:108A600051F001010160006810F0010005900598C7
:108A70009C48016851F002010160006810F002009A
:108A8000059005984FF4406000900220019000206E
:108A90000290032003900820049069469248F8F75A
:108AA000E7FB924D92482860042068600020A8608F
:108AB0000020E86080202861002068610020A86113
:108AC0000020E86100202862280000F021F9002839
:108AD00001D001F0DAFE6567AC6200220021462079
:108AE000FFF70DFF4620FFF71FFFABE02068794935
:108AF000884251D10120069000200E9006A801F076
:108B0000D1FE002801D001F0C0FE7A48016851F47E
:108B100080410160006810F480400590059871481C
:108B2000016851F002010160006810F00200059038
:108B30000598C020009002200190002002900320A0
:108B400003900720049069466748F8F791FB6A4D47
:108B50006A482860022068600020A8600020E86061
:108B600080202861002068610020A8610020E86161
:108B700000202862280000F0CBF8002801D001F086
:108B800084FE6567AC62002200212520FFF7B7FE56
:108B90002520FFF7C9FE55E020685049884251D191
:108BA000042006900020109006A801F07BFE00280B
:108BB00001D001F06AFE5248016851F48021016041
:108BC000006810F48020059005984648016851F02F
:108BD00004010160006810F00400059005984FF44E
:108BE000406000900220019000200290032003903A
:108BF0000720049069464348F8F73AFB424D434842
:108C00002860022068600020A8600020E8608020C2
:108C10002861002068610020A8610020E861002030
:108C20002862280000F074F8002801D001F02DFE21
:108C30006567AC62002200212720FFF760FE272035
:108C4000FFF772FE1FB030BD10B5040020681F4949
:108C5000884210D1224801684908490001604FF458
:108C600040612148F8F7E5FB606F00F0C1F846204D
:108C7000FFF761FE27E02068164988420FD11D48A2
:108C8000016831F480410160C0211748F8F7D1FB39
:108C9000606F00F0ADF82520FFF74DFE13E020686F
:108CA0000E4988420FD11648016831F480210160D5
:108CB0004FF440611348F8F7BCFB606F00F098F880
:108CC0002720FFF738FE10BD941E002000800040D2
:108CD0001C1F002000380140A41F00200048004055
:108CE0005C1002404C10024000040048D4230020D5
:108CF00080040240601002401C2400205800024002
:108D0000581002400008004864240020300002404F
:108D100030B40100002901D1012067E00868624AEF
:108D200090420AD20A68614882181420B2FBF0F01F
:108D3000800048645E48086409E00A685D4882185B
:108D40001420B2FBF0F0800048645B480864022005
:108D500081F82500086802686FF30E128B68C868F6
:108D60000343086903434869034388690343C869A7
:108D70000343086A03431A43086802608868B0F531
:108D8000804F2AD0086C4A4B984213D14B48036855
:108D90000F2491F8445015F01C05AC40A343036028
:108DA00003684C6891F8445015F01C05AC4023430F
:108DB000036012E0424803680F2491F8445015F014
:108DC0001C05AC40A343036003684C6891F8445011
:108DD00015F01C05AC40234303600020C86301204C
:108DE00081F82500002081F82400002030BC704765
:108DF00010B40100002901D1012053E00868006887
:108E0000400840000A6810600868274A90420AD269
:108E10000A68264882181420B2FBF0F080004864EB
:108E20002348086409E00A68224882181420B2FB2B
:108E3000F0F0800048642048086400200A68106050
:108E4000012091F8442012F01C0290400A6C5060FE
:108E5000086C174A90420AD1184802680F2391F80B
:108E6000444014F01C04A3409A43026009E01448F3
:108E700002680F2391F8444014F01C04A3409A4365
:108E800002600020C86200200863002048630020C0
:108E900088630020C863002081F82500002081F845
:108EA0002400002010BC704708040240F8FFFDBFFA
:108EB00000000240F8FBFDBF00040240A800024091
:108EC000A80402402DE9F04104000D0016001F0027
:108ED0005FF0000894F82400012801D102203BE053
:108EE000012084F8240094F8250001282DD10220C7
:108EF00084F825000020E0632068006840084000F6
:108F0000216808603B0032002900200000F0F8F8DA
:108F1000206B002806D02068006850F00E00216801
:108F200008600BE02068006830F0040021680860E9
:108F30002068006850F00A00216808602068006816
:108F400050F001002168086004E0002084F824004B
:108F5000022080464046C0B2BDE8F08101000022F8
:108F600091F82500022806D00420C863002081F86B
:108F7000240001201BE00868006830F00E000B6838
:108F8000186008680068400840000B6818600120FD
:108F900091F8443013F01C0398400B6C586001208A
:108FA00081F82500002081F824001000C0B270472D
:108FB00038B50400002594F82500022804D00420C8
:108FC000E063012005001FE02068006830F00E001B
:108FD0002168086020680068400840002168086037
:108FE000012094F8441011F01C018840216C486065
:108FF000012084F82500002084F82400A06B0028BC
:1090000002D02000A16B88472800C0B232BD70B5E5
:109010000400206C056820680668042094F8441059
:1090200011F01C0110FA01F10D4219D0710717D58A
:1090300021680968890605D42168096831F00401AE
:109040002268116094F8441011F01C018840216CD2
:109050004860206B002852D02000216B88474EE0EA
:10906000022094F8441011F01C0110FA01F10D4295
:109070001FD0B1071DD521680968890608D4216869
:10908000096831F00A0122681160012184F8251075
:1090900094F8441011F01C018840216C48600020B5
:1090A00084F82400E06A002829D02000E16A88477B
:1090B00025E0082094F8441011F01C018840054276
:1090C0001DD030071BD52068006830F00E002168E5
:1090D0000860012094F8441011F01C018840216CB4
:1090E00048600120E063012084F82500002084F816
:1090F0002400606B002802D02000616B884770BD9F
:1091000030B4012490F8445015F01C05AC40056CB7
:109110006C60046863608468102C04D10468A260E9
:109120000468E16003E00468A1600468E26030BCA8
:109130007047000010B50400206841490968884262
:1091400002D1012001F085FF20683E49096888426C
:1091500002D1012002F098F820683B490968884252
:1091600002D10120FCF76EF910BD38B504000D00E6
:10917000206833490968884203D1280080B201F091
:1091800068FF20682F490968884203D1280080B20F
:1091900002F07AF820682C490968884203D1280037
:1091A00080B2FCF74FF931BD10B5040020682449A6
:1091B0000968884202D100202449087020682149AA
:1091C0000968884202D102202049087020681E499F
:1091D0000968884202D104201C49087002211C48F9
:1091E000FBF70CFB10BD1CB5184C20780090194BF8
:1091F00000220021032002F06FF8207800280ED111
:1092000001F026FF14480188491C018001881429B7
:1092100003DB0021018001F005FF01F007FF20784A
:109220002078022803D102F02EF802F01DF82078F1
:109230002078042803D1FCF704F9FCF7F3F813BDF8
:10924000941E00201C1F0020A41F0020D1260020F7
:10925000E80300201CE10008BE26002070B50500D0
:109260000C001600D5F8800020282DD1002C03D04A
:10927000300080B2002801D1012026E001202866BC
:1092800000206866320092B221002800FCF797FEA9
:1092900001000800C0B2002813D1286E01280ED1A9
:1092A00010202A681062286850E8000F50F0100063
:1092B00002002B6843E800200028F4D101E00120DF
:1092C00001000800C0B200E0022070BD704700003D
:1092D0002DE9FE4F0500002D01D101203AE3DFF812
:1092E0000499D9F8004014F00C04DFF81889D8F874
:1092F000007017F003072878C00640F1C680002CE4
:1093000003D00C2C7AD1012F78D1DFF8D4A8DAF869
:109310000000800704D5A869002801D1012019E3C5
:10932000DAF80000000704D5DAF8000010F0F000C9
:1093300005E0DFF860090068000910F0F000296A14
:1093400088421ED2286A00F05FFC002801D001206C
:1093500000E3DAF8000050F00800CAF80000DAF87C
:10936000001031F0F001286A0143CAF80010DFF85C
:109370002809016831F47F41EA6951EA022101605C
:109380001FE0DAF8000050F00800CAF80000DAF830
:10939000001031F0F001286A0143CAF80010DFF82C
:1093A000F808016831F47F41EA6951EA022101605D
:1093B000002C06D1286A00F027FC002801D00120EB
:1093C000C8E200F086FBDFF8D418D9F80020C2F319
:1093D0000312895C11F01F01C840DFF80C18086007
:1093E000DFF80808006802F095F88DF800009DF895
:1093F0000000002849D09DF80000ABE2A8690028D1
:109400002DD0DFF8DC97D9F8000050F00100C9F842
:109410000000FBF7A5F80600D9F80000800706D485
:10942000FBF79EF8801B0328F6D3032092E2D9F8BD
:10943000000050F00800C9F80000D9F8001031F021
:10944000F001286A0143C9F80010DFF84C080168F0
:1094500031F47F41EA6951EA0221016015E0DFF849
:109460008097D9F8000040084000C9F80000FBF7D9
:1094700077F80600D9F80000800706D5FBF770F8EA
:10948000801B0328F6D3032064E22878C00754D554
:10949000082C03D00C2C0BD1032F09D1DFF8400787
:1094A0000068800349D56868002846D1012051E250
:1094B0006868B0F5803F06D1DFF82407016851F4F1
:1094C0008031016018E06868B0F5A02F0AD1DFF89C
:1094D0001007016851F480210160016851F4803166
:1094E000016009E0DFF8F806016831F480310160BD
:1094F000016831F480210160686800280ED0FBF714
:109500002FF80600DFF8D8060068800315D4FBF7B3
:1095100027F8801B6528F5D303201BE2FBF720F812
:109520000600DFF8BC060068800306D5FBF718F8D4
:10953000801B6528F5D303200CE22878800752D5DC
:10954000042C03D00C2C15D1022F13D1DFF8900678
:109550000068400504D5E868002801D10120F9E140
:10956000DFF83407016831F0F8512A6951EA0261E5
:10957000016038E0E86800281FD0DFF86496D9F869
:10958000000050F48070C9F80000FAF7E9FF060007
:10959000D9F80000400506D4FAF7E2FF801B032843
:1095A000F6D30320D6E1DFF8F006016831F0F85178
:1095B0002A6951EA0261016015E0DFF82496D9F8C2
:1095C000000030F48070C9F80000FAF7C9FF060007
:1095D000D9F80000400506D5FAF7C2FF801B032822
:1095E000F6D30320B6E1287800072ED56869002855
:1095F00015D0DFF8A096D9F8000050F00100C9F8A6
:109600000000FAF7ADFF0600D9F8000080071CD46F
:10961000FAF7A6FF801B0328F6D303209AE1DFF8B0
:109620007496D9F8000040084000C9F80000FAF725
:1096300097FF0600D9F80000800706D5FAF790FFDB
:10964000801B0328F6D3032084E12878400740F1EB
:1096500081805FF00009DFF848A6DAF80000C0005A
:109660000DD4DAF8000050F08050CAF80000DAF8A3
:10967000000010F080500190019801208146DFF831
:1096800024B6DBF80000C00513D4DBF8000050F46A
:109690008070CBF80000FAF763FF0600DBF80000EB
:1096A000C00506D4FAF75CFF801B0328F6D303201D
:1096B00050E1A868012806D1DFF8EC05016851F0F7
:1096C0000101016017E0A86805280AD1DFF8D80574
:1096D000016851F004010160016851F0010101606D
:1096E00009E0DFF8C4050168490849000160016824
:1096F00031F004010160A868002810D0FAF730FFAB
:109700000600DFF8A4050068800719D4FAF728FFDF
:10971000801B41F289318842F3D303201AE1FAF722
:109720001FFF0600DFF880050068800708D5FAF7FC
:1097300017FF801B41F289318842F3D3032009E1EE
:109740004846C0B2012805D1DAF8000030F0805058
:10975000CAF80000287880062ED5686A002815D03F
:10976000DFF84895D9F8000050F00100C9F8000072
:10977000FAF7F6FE0600D9F8000080071CD4FAF7C5
:10978000EFFE801B0328F6D30320E3E0DFF81C95EF
:10979000D9F8000040084000C9F80000FAF7E0FEE0
:1097A0000600D9F80000800706D5FAF7D9FE801B1D
:1097B0000328F6D30320CDE0A86A002800F0C98072
:1097C000A86A022840F0A380D8F80000070017F02C
:1097D0000300E96A884222D117F07000296B491E04
:1097E000B0EB011F1BD117F4FE40696BB0EB012FEA
:1097F00015D117F07840A96BB0EBC16F0FD117F4FA
:10980000C000E96B4908491EB0EB415F07D117F072
:10981000C060296C4908491EB0EB416F57D00C2C31
:1098200053D0DFF8BCA3DAF80000400101D50120D5
:1098300090E0DAF8000030F08070CAF80000FAF723
:109840008FFE8146DAF80000800107D5FAF788FE1E
:10985000B0EB09000328F5D303207BE0D8F8001013
:10986000DFF84C040140E86A0143286B401E51EACE
:109870000011686B51EA0021E86B4008401E51EA74
:109880004051286C4008401E51EA4061A86B51EAE3
:10989000C061C8F80010DAF8000050F08070CAF813
:1098A0000000D8F8000050F08070C8F80000FAF707
:1098B00057FE0600DAF8000080014AD4FAF750FE9D
:1098C000801B0328F6D3032044E0012042E0DFF8A8
:1098D0001093D9F8000080013BD4D9F8000050F073
:1098E0008070C9F80000D8F8000050F08070C8F807
:1098F0000000FAF735FE0600D9F80000800128D4F0
:10990000FAF72EFE801B0328F6D3032022E00C2C4E
:109910001DD0DFF8CC92D9F8000030F08070C9F883
:109920000000FAF71DFE0600D9F80000800106D5F8
:10993000FAF716FE801B0328F6D303200AE0D8F8B6
:109940000010DFF870030140C8F8001001E00120AA
:1099500000E00020BDE8FE8F2DE9F04104000D007D
:10996000002C01D10120B2E0DFF84C73386810F010
:109970000700A8420BD23868C008C00028433860EE
:10998000386810F00700A84201D001209FE020783D
:1099900080070DD5DFF84C12086810F0F000A268BF
:1099A000904205D20A6832F0F002A06802430A60D1
:1099B0002078C00742D56068032806D1DFF820026E
:1099C000006880011CD4012081E06068022806D173
:1099D000DFF80C020068800312D4012077E0606891
:1099E000002806D1DFF8F8010068800708D40120BC
:1099F0006DE0DFF8EC010068400501D4012066E06D
:109A0000DFF8E081D8F80010890889006068014318
:109A1000C8F80010FAF7A4FD0600D8F8000010F00E
:109A20000C006168B0EB810F08D0FAF799FD801B3C
:109A300041F289318842F0D3032048E02078800742
:109A40000CD56849A0680A6812F0F002904205D26D
:109A50000A6832F0F002A06802430A60386810F029
:109A6000070085420BD23868C008C0002843386020
:109A7000386810F00700A84201D0012027E02078C4
:109A8000400706D557490A6832F4E062E0680243AD
:109A90000A602078000707D55248016831F4605108
:109AA000226951EAC201016000F013F8DFF8EC11FD
:109AB0004C4A1268C2F30312895C11F01F01C840BE
:109AC000494908604948006801F024FDC0B2BDE87A
:109AD000F0812DE9F041002600204249096811F08B
:109AE0000C01DFF820C1DCF8007017F00307002933
:109AF00003D00C291AD1012F18D1DFF8E4E0DEF8E9
:109B000000805FEA087806D4DFF888E1DEF800E03C
:109B1000CEF3032E03E0DEF800E0CEF3031E674E23
:109B200056F82E6000290CD130000AE0042903D138
:109B3000DFF88CE1704604E0082902D1DFF884E107
:109B400070460C292DD1DCF800E01EF0030E7346A0
:109B50009E46BEF1020F03D0BEF1030F03D005E015
:109B6000DFF85CE103E0DFF85CE100E0B646DCF83A
:109B70000020C2F30212521C1500DCF80020C2F3D0
:109B8000062202FB0EFEBEFBF5F2DCF800C0CCF3B1
:109B9000416C1CF1010C5FEA4C0C6446B2FBF4FC16
:109BA0006046BDE8F08110480068704780B5FFF757
:109BB000FAFF45490B4A1268C2F30222895C11F090
:109BC0001F01C84002BD80B5FFF7EDFF3E49054AC1
:109BD0001268C2F3C222895C11F01F01C84002BDA5
:109BE0000010024008100240E4030020C0030020DF
:109BF0002849086810F07E400A6852F400020A60A2
:109C0000704700000C1002407CB504000025244E73
:109C10003068C00003D501F0ADFC01000FE03068F2
:109C200050F080503060306810F080500090009804
:109C300001F0A0FC0100306830F080503060B1F5D8
:109C4000007F09D1812C15D3A12C02D3022005005D
:109C500010E0012005000DE0812C02D30320050057
:109C600008E0802C02D10220050003E0702C01D115
:109C70000120050010480268D208D2002A43026081
:109C8000006810F00700A84201D0012000E0002089
:109C900076BD00009410024004100240D0E200089B
:109CA000581002400070004090100240981002408E
:109CB0008C809D01FCFFEEFE002002403CDF00088E
:109CC0000024F40000127A00E8E6000870477047AC
:109CD0002DE9F84F82468B4614001D000026DFF860
:109CE00084713878012801D1022047E001203870C2
:109CF0004CF25038404600F05BF881464846C0B20E
:109D0000002837D100207860DFF85C010168490540
:109D100006D5016831F4806101600220387701E0E6
:109D200000203877BAF1000F07D122002B005846E7
:109D300000F071F8012006000FE0BAF1010F02D027
:109D4000BAF1020F09D12100584600F071F8BAF1BA
:109D5000020F02D15FF480200600404600F028F890
:109D60008146002E04D0DFF804010168B143016090
:109D700000F09FF8002038704846C0B2BDE8F28F6E
:109D800000203A490A68002A09D53C4A3C4B136036
:109D90003C4B13600968002901D501210800C0B2BD
:109DA00070473248016851F000410160002070475F
:109DB00070B50400FAF7D4FB05002D4A1068C00303
:109DC00009D514F1010FF8D0FAF7CAFB401BA042E5
:109DD000F3D303201EE0116826480140002913D068
:109DE000204843680B43436011F0404F05D0224B9D
:109DF0001E6811F0404006431E60880002D021F02A
:109E000040401060012005E01068C00701D5012026
:109E10001060002070BD10B414490C6854F00104A7
:109E20000C600260BFF36F8F011D0B6010BC7047A8
:109E300070B4402304000D000C4A166856F48026C6
:109E40001660EFF3108272B62E682660241D2D1D59
:109E50005B1E1E00F6B2002EF6D182F3108870BC95
:109E600070470000C403002000200240142002407C
:109E700010200240FAC302001820024008200240CD
:109E800023016745AB89EFCD10B4DFF89820136844
:109E900033F47E73C40014F4FF6423431360136827
:109EA00053F002031360136853F48033136010BC43
:109EB0007047DFF86800017F0A00D2B2012A03D0A0
:109EC0000A00D2B2032A11D1DFF85420136833F408
:109ED00000731360136853F400631360136833F462
:109EE00000631360136853F4007313600A00D2B266
:109EF000022A03D00A00D2B2032A0CD1084A1368FE
:109F000053F480531360136833F480531360136861
:109F100053F480631360002202777047C40300206B
:109F200000200240142002407047000070B44FF03F
:109F3000004591EA030F7CF58BAD6B40841A71EB01
:109F4000030603D2001BB141121973414FF4001CE8
:109F50001CEB410F34BF7CEB430442E00C0DA4EB3F
:109F60001356352E4FDC45EAC323DB0A45EAC121EF
:109F7000C912B6F120050DDD63FA05F6EB4086EA5D
:109F80000305124218BF45F00105C01851F1000148
:109F90000CD213E062FA06F5F2405540F3415A4004
:109FA000B340F3405A408018594107D349085FEA4B
:109FB00030005FEA350528BF45F0010501F5801145
:109FC000420875F1004250F1000041EB04514E008F
:109FD00016F5001F70BC38BF70470020090D090539
:109FE00070471CEB410F10D252EA43060BD0BCEB7A
:109FF000410F05D80C0DAB43661E342EB6DD02E0D2
:10A00000AB438018594170BC704770BC704700006A
:10A0100090420CD141EA030C50EA4C0C07D0994213
:10A0200005D14FF4001C1CEB410F38BF894270472B
:10A0300010B5144600F002F8226010BDC1F30A53B7
:10A0400043B14A0012F5001F28D2A3F2FE32A1EB61
:10A050000251704750EA410C20D001F0004C31EA27
:10A060000C01B1FA81F204BFB0FA80F3D2180B3AB6
:10A07000B2F120032CBF00FA03F1914041EA0C0138
:10A080003EBFC2F1200C20FA0CF31943904052421B
:10A0900040F2FD33D21A01EB0351704700227047A2
:10A0A0004FF4001C1CEB410F94BF1CEB430F09E065
:10A0B00041EA030C50EA4C0C52EA0C0C03D29942D0
:10A0C00008BF9042704714BF8B4282427047000025
:10A0D0004FF4001C1CEB410F94BF1CEB430F09E035
:10A0E00041EA030C50EA4C0C52EA0C0C03D28B42AE
:10A0F00008BF8242704714BF9942904270470000E7
:10A10000F8B52DED0A8B41EC1A0B48004015109D57
:10A11000401C43EC182B23D051EC1A0B31F00041BA
:10A1200008BF00281CD051EC180B48004015401CFB
:10A1300016D051EC180B31F0004108BF00280FD0A9
:10A1400051EC1A0B0022DFF84833FFF7A9FF80F02B
:10A15000A38055EC184B9FED800B05F00042ACE05E
:10A1600051EC1A0B48004015401C02D1090340F085
:10A17000898151EC180B48004015401C01D109039E
:10A1800053D151EC180B31F0004308BF002A08D11D
:10A1900051EC1A0B48004015401C46D1090344D12C
:10A1A0000DE048004015401C12D1090310D151ECBC
:10A1B0001A0B48004015401C37D1090335D1AFF3C5
:10A1C0000080BDEC0A8B4FF0FF306FF00041F4BD12
:10A1D00051EC1A0B31F0004108BF002828D151EC96
:10A1E000180B4800400D05EB000234D151EC180B60
:10A1F00031F0004108BF002806D02A4651EC180B68
:10A2000000F0CAF941EC180B51EC180B20F00002D9
:10A2100031F0004308BF002A05D048004015401C1B
:10A2200003D1090301D1AFF3008051EC180B2BE1EE
:10A2300051EC1A0B48004015401C26D1090324D1CB
:10A2400053EC1A2B51EC180BBDEC0A8B01B0BDE896
:10A25000F040FCF723BB002AC8DD40F2FF708242C9
:10A2600009DB9FED9F0B53EC102B01F000410B43DA
:10A2700043EC182BC8E76FF31E5141EA025155EC2D
:10A28000184B0D4645EC184BBEE755EC184B9FEDAF
:10A29000320B05F0004210E001227E4BFFF718FF61
:10A2A00011D89FED8F0B51EC100B55EC184BAFF301
:10A2B000008005F0004040EA010251EC100BBDECBB
:10A2C0000A8B1146F4BD53EC1A2B73487349FCF703
:10A2D000E5FA41EC100B53EC102B9FED719B03F052
:10A2E000004251EC190B0C46144353EC192B51EC62
:10A2F000100B2346FCF7A4FBFCF760FC0446F9F7BF
:10A3000013FF41EC1B0B53EC1B2B4FF078406649BD
:10A31000FCF7C4FA02460B4651EC1A0BFFF706FE97
:10A3200006460F4653EC1B2B60486149FCF7B6FA12
:10A3300002460B4630463946FFF7F8FD41EC1A0B52
:10A3400021F0004100225B4BFFF7AAFE08D2B0EEDD
:10A3500048AAF0EE68AA55E00000000000000000E6
:10A3600053EC1A2B51EC1A0BFCF798FA41EC1B0B2F
:10A3700053EC1B2B50485149FCF790FA504A514B73
:10A38000FCF75EFB53EC1B2BFCF788FA41EC1C0B33
:10A3900053EC1B2B4C484D49FCF780FA4C4A4D4B73
:10A3A000FCF74EFB53EC1B2BFCF778FA53EC192B04
:10A3B000FCF746FB53EC1A2BFCF770FA41EC190B37
:10A3C00053EC1C2BFCF73CFB9FED43AB53EC1A2BDF
:10A3D000FCF736FB06460F4651EC1C0B53EC192BD1
:10A3E000FFF7A4FD53EC1A2BFCF72AFB02460B46A1
:10A3F00030463946F9F7BAFE53EC182BFCF74EFA03
:10A4000041EC1A0B51EC1A0B2A194800400D02EBD3
:10A41000000319D0002B17DD40F2FF70834209DBE7
:10A420009FED2F0B53EC102B01F000410B4343EC3D
:10A430001A2B16E06FF31E5141EA035155EC1A4BEB
:10A440000D4645EC1A4B0CE051EC1A0B31F0004173
:10A4500008BF002805D051EC1A0B00F09DF841EC24
:10A460001A0B51EC1A0B20F0000231F0004308BF28
:10A47000002A05D048004015401C03D1090301D132
:10A48000AFF3008051EC1A0BBDEC0A8BF4BD000059
:10A4900000C89CC000C89C40FE822B654715F73F52
:10A4A000000000000000E03F422EE63FF2E4D5BC91
:10A4B000E7E84B3E0000903C112E5781A03F503FF3
:10A4C0005843128C8F71BC3F4BE8A541B752013FF6
:10A4D0000BBDF3DAE8708C3F000000000000F03F95
:10A4E000000000000000F07FC9B202788A421AB171
:10A4F0001CBF10F8012FF9E718BF002070470000BB
:10A5000080B500B906A005490B681BB122220021C5
:10A51000984701E001F078F8222002BDB026002023
:10A52000636F6E73747261696E742068616E646CBF
:10A5300065723A20626164206D65737361676500BE
:10A54000C9B2830706D0521E22D310F8013B9942AC
:10A55000F7D11FE0083A13D302F1040241EA0121C6
:10A5600041EA014150F8043B121F21BF4B40A3F1C7
:10A57000013C2CEA030C1CF0803FF3D0C9B2001F51
:10A58000083210F8013B521E28BF91EA030FF8D899
:10A5900018BF0120401E7047124254D440F2FF7C85
:10A5A0001CEA11530FD0634531D09B1863453CBF63
:10A5B00001EB0251704701F0004141EA0C510020CB
:10A5C000AFF30080704750EA410320D001F0004C07
:10A5D00091EA0C011CD0B1FA81F30B3B9A420DD9E0
:10A5E000D21A994051EA0C01C3F1200C20FA0CFC5C
:10A5F00061449840531C40F2FF7CD7E7914041EA08
:10A600000C01C2F1200C20FA0CF319439040704762
:10A61000B0FA80F31533202BE0D3202AEED3203A72
:10A62000203B9A4209D9D21A00FA03F141EA0C01FF
:10A630000020531C40F2FF7CB8E700FA02F141EA27
:10A640000C0100207047524240F2FF7C1CEA11537B
:10A650000DD06345DBD0B2EB030C3CBFA1EB025144
:10A6600070470CF1010221EA035141F4801150EAD4
:10A67000410CCCD001F0004C352A27DC30B481EA03
:10A680000C01B2F1200309DAC2F12003044601FAF9
:10A6900003F5D0402843D1409C400CE0C3F1200298
:10A6A000450020FA03F418BF44F0010421FA03F036
:10A6B00091400C43002174F1004550F1000051EB32
:10A6C0000C01244230BC7FF47BAF70476146002010
:10A6D00076E70000400D491840EA81200CD2490D70
:10A6E000A1F58061491C40F0004005DBD1F11F015C
:10A6F00054BFC840C01770470020704700487047DB
:10A70000300A002080B52C482C4901604FF482713A
:10A710004160002181604FF4E061C160002101616E
:10A72000002141614FF4007181610021C16100216C
:10A73000016200214162002181620721C162002182
:10A74000016308214163FDF7B1FD002801D000F04D
:10A750009CF801BD10B586B004001422002101A8A8
:10A7600000F095F820681549884222D11448016804
:10A7700051F480410160006810F48040009000981E
:10A780001048016851F002010160006810F00200F9
:10A79000009000984FF42040019002200290002089
:10A7A0000390032004900520059001A90648F6F7C0
:10A7B0005FFD06B010BD0000AC2200200038004054
:10A7C000581002404C1002400004004880B500F0D0
:10A7D0001FFF00F011F800F02DFF01F013F8FEF755
:10A7E000C9F801F03FF8FFF78DFFFEF7DFF8FEF73D
:10A7F000FBF800F04FFBFEE710B596B044210022B5
:10A8000005AC2000FAF74EF9142100226C46200016
:10A81000FAF748F94FF4007000F0B2FE002801D0BA
:10A8200000F033F81820059001200A9001200B90C9
:10A8300000200C9060200D9002200F9001201090BD
:10A8400001201190282012900720139002201490CC
:10A850000220159005A8FEF73BFD002801D000F06E
:10A8600014F80F2000900320019000200290002097
:10A8700003900020049004216846FFF76DF800283B
:10A8800001D000F002F816B010BD72B6FEE710B5A8
:10A89000044610460A4601462046FAF703F92046C8
:10A8A00010BD00002DE9F84F05005FF000080027FB
:10A8B0002868000527D5686C00280DD0B0F5000F7A
:10A8C00003D0B0F5400F0DD00DE0DFF82403016890
:10A8D00051F48031016008E00021281D00F092F958
:10A8E000804602E001E0012080464046C0B20028D8
:10A8F00008D1DFF80C130A6832F44002686C024396
:10A900000A6000E04746286880037AD55FF00009B6
:10A91000DFF8E0A2DAF80000C0000DD4DAF8000099
:10A9200050F08050CAF80000DAF8000010F08050B3
:10A930000090009801208146DFF8BCB2DBF80000EF
:10A9400050F48070CBF80000F9F70AFE0600DBF83F
:10A950000000C00506D4F9F703FE801B0328F6D3D8
:10A96000032080464046C0B200283FD1DFF88CB2B9
:10A97000DBF8000010F440700400002C15D0E86DE6
:10A98000844212D0DBF8000030F440700400DBF8A1
:10A99000000050F48030CBF80000DBF8000030F409
:10A9A0008030CBF80000CBF80040E0070FD5F9F776
:10A9B000D7FD0600DBF80000800708D4F9F7D0FDCA
:10A9C000801B41F289318842F4D3032080464046FF
:10A9D000C0B2002808D1DBF8001031F44071E86DF6
:10A9E0000143CBF8001002E0474600E047464846E6
:10A9F000C0B2012805D1DAF8000030F08050CAF862
:10AA000000002878C00707D5DFF8F4110A6892081B
:10AA10009200286A02430A602878800707D5DFF889
:10AA2000E0110A6832F00C02686A02430A60287872
:10AA3000400707D5DFF8C8110A6832F03002A86A6B
:10AA400002430A602878800607D5DFF8B4110A6847
:10AA500032F44062E86A02430A602868800507D53C
:10AA6000DFF89C110A6832F44022E86B02430A6066
:10AA70002868400507D5DFF888110A6832F44012CB
:10AA8000286C02430A602878400607D5DFF8701169
:10AA90000A6832F44052286B02430A6028780006A4
:10AAA00007D5DFF85C110A6832F44042686B024354
:10AAB0000A602868C00507D5DFF844110A6832F437
:10AAC0004032A86B02430A602868800420D5DFF872
:10AAD00030110A6832F04062A86C02430A60A86C28
:10AAE000B0F1006F06D1DFF80801016851F4801160
:10AAF00001600DE0A86CB0F1806F09D10121281D23
:10AB000000F080F880464046C0B2002800D047469A
:10AB10002868000320D5DFF8E8100A6832F04062A8
:10AB2000E86C02430A60E86CB0F1006F06D1DFF810
:10AB3000C000016851F4801101600DE0E86CB0F1D3
:10AB4000806F09D10121281D00F05CF88046404645
:10AB5000C0B2002800D047462868400320D5DFF85F
:10AB6000A0100A6832F04062286D02430A60286D26
:10AB7000B0F1006F06D1DFF87800016851F4801160
:10AB800001600DE0286DB0F1806F09D10121281D11
:10AB900000F038F880464046C0B2002800D0474652
:10ABA0002868400415D5DFF858100A6832F0405282
:10ABB000686D02430A60686DB0F1805F09D10221BF
:10ABC000281D00F01FF880464046C0B2002800D083
:10ABD00047462868000407D5DFF824100A6832F0D9
:10ABE0008042A86D02430A603800C0B2BDE8F28F0F
:10ABF0000C100240581002400070004090100240BB
:10AC0000881002402DE9F04105000C000027594949
:10AC1000086810F0030F12D0086810F003002A68CB
:10AC2000904209D12868002806D00868C0F30210B5
:10AC3000401C6968884232D0012007002FE0286854
:10AC4000012804D01BD303280FD007D317E04A48AC
:10AC50000068800701D40120070012E04648006820
:10AC6000400501D4012007000BE04348026892032D
:10AC700004D40068400301D40120070001E0012052
:10AC800007003800C0B2002809D10A6832F0730208
:10AC9000286802436868401E52EA00120A603800C1
:10ACA000C0B2002861D1DFF8D080D8F8000030F0C1
:10ACB0008060C8F80000F9F753FC0600D8F80000DF
:10ACC000000106D5F9F74CFC801B0328F6D30320BE
:10ACD00007003800C0B2002847D1002C0BD127490B
:10ACE0000A6827480240A86852EA0022E86852EA47
:10ACF000C0620A601CE0012C0DD120490A6821487D
:10AD00000240A86852EA002228694008401E52EA20
:10AD100040520A600CE019490A681B480240A868C2
:10AD200052EA002268694008401E52EA40620A6006
:10AD3000D8F8000050F08060C8F80000F9F710FC67
:10AD40000600D8F80000000106D4F9F709FC801BC2
:10AD50000328F6D3032007003800C0B2002804D12E
:10AD600006490A68A86902430A603800C0B2BDE813
:10AD7000F08100000C100240001002401010024050
:10AD8000FF80FF07FF809FFFFF80FFF910B50400E1
:10AD900000F0F3FE012010BD38B50400DFF8781490
:10ADA000087800280ED101200870DFF87004808830
:10ADB000DFF86C1408802100C9B2DFF86804F9F7E5
:10ADC0002CFD22E0DFF85804DFF85054AA880388ED
:10ADD0009A4212D100200870AA8829680220F6F74A
:10ADE0006DFC9AA10220F6F77FFC0121280000F0FB
:10ADF00069FF2800F6F744FC07E0A98801802100DC
:10AE0000C9B2DFF82004F9F708FD012032BD10B502
:10AE10000400FEF7E8F9012010BD10B50400DFF8CA
:10AE200008140320F6F76EFC0421DFF8F803F9F7A5
:10AE3000F4FC012010BD0100012070470100012039
:10AE4000704701000120704780B500F0B3FD01F0AC
:10AE500027F801BD1CB500F04AF801F09DF8F8F79D
:10AE6000E1F9F6F7D3FCF8F7DDF9DFF8C04300208D
:10AE700000900FF2451300225FF0FF31200000F038
:10AE8000A3FDDFF8AC13200000F05AFE200000F014
:10AE9000C1FD13BDF8B50024FFF7D6FFFFF7DAFFB9
:10AEA000DFF890130320F6F71FFCDFF88C13032064
:10AEB000F6F71AFCDFF884130320F6F715FC00F010
:10AEC00095F8012803D14FF4FA60FAF78FFA0025BC
:10AED00000F01DF806002E4301F069F80700374323
:10AEE000F8F7C4F938430400F6F7D6FCEFE780B56D
:10AEF00000F098F800F09AF80FF2B100DFF8401374
:10AF000008600FF2D100DFF83C13086001BD70B596
:10AF10000020002400252800C0B207283ADAC14EDC
:10AF20002800C0B2000130444078012830D1280008
:10AF3000C0B2042801D0012004002800C0B20001E2
:10AF40003044406800280ED0F9F70AFB2900C9B246
:10AF5000090131444968401A2900C9B20901314444
:10AF60008968884214D300202900C9B209013144FC
:10AF70004870F9F7F5FA2900C9B20901314448606F
:10AF80002800C0B22900C9B209013144C968884704
:10AF90006D1CC0E7A34A92F84100002803D10421A8
:10AFA0001000F9F73AFC2000C0B270BD80B5002156
:10AFB0009C48F9F723FC01BD10B50400A249032009
:10AFC000F6F792FB05219748F9F718FC00F001F815
:10AFD00010BD704738B504000D004FF47A732A0095
:10AFE00092B221009948FAF78CFA31BD38B50025A4
:10AFF0000024FEF7FDFD0100880110D4C8000ED426
:10B0000088000CD448000AD4002908D4480102D58D
:10B010000120040003E0080101D501200400200004
:10B02000C0B232BD80B5FDF7A5FC01BD80B50122DF
:10B0300087498648FAF7CBFA002201214620FDF71E
:10B040005EFC4620FDF770FC01BD00000D0A00000B
:10B0500070472DE9F0410400002500217D4A168843
:10B060007D4FF869002823D16C48828812FA84F257
:10B07000B2F5966F01D3002282805FF0000841464E
:10B08000220089B292B291420ED2016882881144A4
:10B09000424692B2714BC4461FFA8CFC13F80C3036
:10B0A0008B5418F10108EAE781886118818077E004
:10B0B0003000230080B29BB2984229D2A01B050029
:10B0C0005648838813FA85F3B3F5966F01D30023AE
:10B0D00083805FF0000841462B0089B29BB2994201
:10B0E00012D201688388194443469BB2DFF86CC1D1
:10B0F000C6461FFA8EFE1EFA86FE1CF80EC001F828
:10B1000003C018F10108E6E781886918818046E0EC
:10B11000D6F164000500414B988810FA84F010FACB
:10B1200085F0B0F5966F01D30020988000200100D3
:10B13000AC4689B21FFA8CFC614513D21968B3F88A
:10B1400004C0614484461FFA8CFCDFF810E180469D
:10B150001FFA88F818FA86F81EF808E001F80CE0E3
:10B16000401CE4E75FF000084046210080B289B24D
:10B17000884210D2186899880844414689B2DFF89D
:10B18000DCC0C6461FFA8EFE1CF80EC000F801C0D7
:10B1900018F10108E8E79988281941189980148066
:10B1A000F86900280AD164222C492848FEF756F88D
:10B1B0003868006830F004003968086001211948D7
:10B1C000F9F71CFBBDE8F081010025480160002073
:10B1D000704780B52348016851F4804101600168DF
:10B1E00031F4804101601948FDF72EFD002002BDB9
:10B1F00038B504000D00134A1068002804D0290057
:10B2000089B22000126890470020154909688847D4
:10B21000002032BD00000000C52600206004002090
:10B22000B8260020E803002038E10008202600208E
:10B2300080A9030054E00008C8E00008E4E000082A
:10B240009C260020AC26002000E10008941E00206F
:10B25000C4260020B6260020D4230020102300207E
:10B26000902600204010024080B50122174918485E
:10B27000FAF7ADF9002201212520FDF740FB25203A
:10B28000FDF752FB01BD704738B504000D480F496A
:10B290000A78036885885A558288521C8280828881
:10B2A00040F2FF139A4201D3002282800122084813
:10B2B000FAF78DF901200449087002210548F9F7D1
:10B2C000ACFA31BD200A0020CF260020CE26002077
:10B2D0001C1F0020280500202DE9F84785B0050037
:10B2E0000E0014001F000020ADF802005FF0000AFD
:10B2F000DFF80C22107AA84202D27FF0040055E059
:10B30000D0683040B04202D07FF005004EE0506877
:10B31000002806D0002C04D00DF1020101A85268CB
:10B3200090470DF1380843463A004FF40071DFF8BA
:10B33000DC0100F048FF814600F0CFF86946BDF817
:10B34000020010EB090080B200F076F810F1010F56
:10B3500028D05FF0000A5046BDF8021080B2884243
:10B3600010D201A8514689B2405CDFF89811BDF8AF
:10B3700000208854BDF80000401CADF800001AF110
:10B38000010AE8E743463A004FF40071DFF8740120
:10B39000BDF800C0604400F016FF00F0A3F800F014
:10B3A00008F803E000F09EF87FF0020006B0BDE868
:10B3B000F08770B50024002500F099F8002837D1F7
:10B3C00000F08BF84E4E308A718A88422ED0B078C9
:10B3D00001280ED13188308A091AB1820220B0705A
:10B3E00000203080B08A002803D10020B0700020F7
:10B3F0003082B07800280CD1308A718A884204D219
:10B40000718A308A091AB18203E0308AD0F58060EF
:10B41000B0823C48318A0844050000F079F8B18ACE
:10B420002800394A92689047040001E000F05AF879
:10B43000200040B270BD000070B402005FF0FF3029
:10B440002F4B5C8A1D8AAC4216D15C8AD4F580648D
:10B4500015002600ADB2B6B2B5422BD315001E8A38
:10B46000ADB2B54226D201259D705D8A1D801D8A30
:10B470002C0000255D821DE01C8A5D8AAC4216D23C
:10B480005C8AD4F5806415002600ADB2B6B2B54230
:10B4900010D315001E8AADB2B5420BD201259D70A6
:10B4A0005D8A1D801D8A2C0000255D8202E01D8AB8
:10B4B0005C8A2C1B15002600ADB2B6B2B54209D28B
:10B4C0005D8A0D805D8A15FA82F5AD05AD0D5D8250
:10B4D0000023180000B270BC70470948C18A491C9B
:10B4E000C18270470648C18A491EC182704704481C
:10B4F000C08A002801D1002000E001207047000030
:10B5000008260020201300200CE50008201700204A
:10B510007047000038B5040000251349087800285A
:10B520001DD04FF47A700978B0FBF1F00F4909682B
:10B53000B1FBF0F0FDF706FA00280DD1102C08D26F
:10B54000002221005FF0FF30FDF7D9F908480460C0
:10B5500007E00120050004E00120050001E00120D2
:10B5600005002800C0B232BD6B0A0020E4030020B1
:10B57000C0030020DFF88000006810F4C06070474E
:10B580000200B2F5007F26D1DFF86C00036813F4E7
:10B59000C063B3F5007F2CD0036833F4C06353F469
:10B5A00000730360DFF85400036832204343DFF880
:10B5B0005000B3FBF0F0401C0100DFF848000368C6
:10B5C0005B0503D5002901D0491EF6E70068400558
:10B5D0000FD503200EE0DFF82000036813F4C063EA
:10B5E000B3F5806F05D0036833F4C06353F4806310
:10B5F000036000207047000000700040E40300205A
:10B6000040420F0014700040012000F0CDBE000049
:10B6100010B500240320FDF76CF90F20FFF77AFF27
:10B62000002802D00120040001E000F0C7FE200045
:10B63000C0B210BD70B586B0142200216846FFF775
:10B6400026F96B48016851F004010160016811F0AE
:10B65000040105910599016851F0800101600168BC
:10B6600011F0800105910599016851F00101016017
:10B67000016811F0010105910599016851F002017D
:10B680000160016811F0020105910599016851F00E
:10B6900008010160006810F0080005900598554CFD
:10B6A000002243F2C1312000F5F781FF00224FF460
:10B6B000F8515FF09040F5F77AFF4F4D00220421DA
:10B6C0002800F5F774FF4D4E002238213000F5F7C1
:10B6D0006EFF42F2C13000900120019000200290E4
:10B6E0000020039069462000F5F7C2FD4CF21E00D1
:10B6F0000090032001900020029069462000F5F799
:10B70000B7FD0B20009003200190002002906946B5
:10B710003B48F5F7ADFD48F2FF0000900320019093
:10B720000020029069465FF09040F5F7A1FD2020CF
:10B730000090002001900120029069462000F5F75A
:10B7400097FD07200090002001900120029069469B
:10B750003000F5F78DFD4FF4A640009003200190D6
:10B760000020029069463000F5F782FD4FF4F85052
:10B770000090012001900020029000200390694673
:10B780005FF09040F5F774FD4FF480500090012079
:10B790000190002002900320039069462000F5F7F5
:10B7A00067FD0420009001200190002002900020FD
:10B7B000039069462800F5F75BFD182000900120F2
:10B7C0000190002002900020039069463000F5F7B8
:10B7D0004FFD2020009001200190002002900320C6
:10B7E000039069463000F5F743FD06B070BD00BF19
:10B7F0004C10024000080048000C004800040048BB
:10B80000001C004880B51648016851F00201016033
:10B81000016811F0020100910099016851F00101E5
:10B820000160006810F001000090009800220021E3
:10B830000D20FDF764F80D20FDF776F800220021B9
:10B840000F20FDF75CF80F20FDF76EF800220021B5
:10B850004520FDF754F84520FDF766F801BD00BF0F
:10B860004810024018B591B01422002101A8FFF73A
:10B870000EF8042200216846FFF709F82C22002167
:10B8800006A8FFF704F8484C484820600020606094
:10B890007F20A060FF20E060002020610020606128
:10B8A0000020A0610020E061200000F0A3FD00283E
:10B8B00001D0FEF7EAFF00208DF8040000208DF88B
:10B8C000050000208DF8060000200490002005905F
:10B8D000012201A9200000F0F2FD002801D0FEF7AE
:10B8E000D4FF01208DF8000001208DF80100012017
:10B8F0008DF8020000208DF8030001226946200027
:10B9000000F08BFE002801D0FEF7BFFF00208DF86D
:10B91000180000208DF8190000208DF81A00002072
:10B9200007900020099000200A9000200B90002032
:10B930000D9000200E9001208DF83C004FF4807097
:10B940001090012206A9200000F0F6FE002801D088
:10B95000FEF79BFF12B010BD10B598B00400602236
:10B9600000216846FEF793FF20681049884219D1EC
:10B970005FF4003000904FF4007017906846FEF7B7
:10B9800091FF002801D0FEF780FF0948016851F4BB
:10B9900000410160002200212920FCF7B0FF29208E
:10B9A000FCF7C2FF18B010BDB025002000280040F1
:10B9B0009010024080B50020DFF800130860DFF827
:10B9C00000030068804702BD2DE9F04104000D002E
:10B9D00016001F00DDF81880002C18D03800002851
:10B9E00015D0002020602800DFF8D412496A88476B
:10B9F000606000202072002060720020A072E7606A
:10BA0000C4F81080E67200206061002000E0012090
:10BA1000BDE8F0812DE9F04704005FF00008002C3C
:10BA20003BD0200000F002F9002836D1607A0028CF
:10BA300033D160680700DFF88892D9F8200080478A
:10BA40000600B74200D23700276000202072012094
:10BA500060720020A072DFF864A2DAF8000000280B
:10BA600006D1D9F810008047200000F019F916E03F
:10BA7000D9F8180080470500206828182060206841
:10BA8000DAF800100968884203D2200000F008F9B3
:10BA900005E0200000F0EDF801E00120804640467E
:10BAA000C0B2BDE8F0872DE9F04105000026002D69
:10BAB00040D0DFF80882D8F80070D8F800400120A4
:10BAC000A872D8F80000002836D000206872D8F894
:10BAD0000000A8421AD10020D8F800100872D8F847
:10BAE00000004069002809D0D8F800004069C8F873
:10BAF0000000D8F8000000F0A6F818E0DFF8C00158
:10BB0000C06880470020C8F8000010E0002C0ED06C
:10BB1000AC4209D16069002802D064697C6102E00E
:10BB2000002004007C6102E027006469EEE7002049
:10BB3000060001E0012006003000C0B2BDE8F0813F
:10BB400070B504000D000026002C02D10120060073
:10BB500010E028005A49496A88476060200000F0D8
:10BB600065F8002806D02000FFF79DFF2000FFF7B2
:10BB700051FF06003000C0B270BD2DE9F843504DB2
:10BB8000686980470600286980470700B7EB060808
:10BB9000DFF82891D9F8000000280FD0D9F800006C
:10BBA00004002068804504D22068B0EB08002060C3
:10BBB00001E0002020606469002CF2D1D9F8000077
:10BBC000002824D0D9F800000068002806D0A86911
:10BBD0008047D9F800100968814218D2D9F80000CE
:10BBE0000400D9F800004069C9F800000020207264
:10BBF000002060722069E1688847E07A0128DDD181
:10BC0000A07A0028DAD12000FFF704FFD6E7D9F8A0
:10BC10000000002808D0D9F80000007A002803D1DD
:10BC2000D9F8000000F00FF8BDE8F18302002348C6
:10BC30000168002905D0914201D1012002E0496943
:10BC4000F7E70020704770B504001D4D286A804753
:10BC5000060001202072A8698047216830188142BF
:10BC600003D2A8698047301820602068A9688847F7
:10BC700070BD10B411490A6809684B6951690029FF
:10BC800009D019680468A14202D21A005B69F5E77D
:10BC90005061436102E050610021416110BC704776
:10BCA00038B5050005480468002C01D00021217238
:10BCB0006C6105600068FFF7C6FF31BDA02600205B
:10BCC0006CDF00082DE9FC4704000D005FF0FF3633
:10BCD00000226E4BD3E90001CDE900015FF00009BD
:10BCE0004846A18880B2884224D22068494689B259
:10BCF000405C3D2805D02068494689B2405C3F2819
:10BD000000D117E02068494689B2405C41280EDB2B
:10BD10002068494689B2405C5B2808DA20684946B9
:10BD200089B2405C203021684A4692B2885419F1A9
:10BD30000109D5E700273800C0B2412880F2A2806F
:10BD4000DFF84C8121003800C0B2000140440830C7
:10BD500000F017FF0600002E00F192803800C0B2FC
:10BD6000000140444068002800F08A803800C0B2DA
:10BD7000000140444068002808D14FF47A73A2883B
:10BD800021004448F9F7BDFB01207CE0DFF808A161
:10BD90005046F5F775FC0020010089B2A288921B7D
:10BDA000914223DA21683144020092B2895C3F2932
:10BDB0000AD021683144020092B2895C3D2903D047
:10BDC000BAF80410802900DB10E021683144020039
:10BDD00092B2895CDAF80020BAF80430D154BAF88B
:10BDE0000410491CAAF80410401CD5E73900C9B258
:10BDF00009014144898916FA81F6B1464846A1886D
:10BE000080B2884226D22068494689B2405C0D281B
:10BE10000CD1484680B2A188491E884206DA2068C3
:10BE2000494689B2084440780A2813D0BDF8040076
:10BE300080280CD22068494689B2405C0099BDF840
:10BE400004208854BDF80400401CADF8040019F12A
:10BE50000109D3E7114805702800C0B2401E01282F
:10BE600002D9801E09D009E0002168463A00D2B20A
:10BE7000120142445268904700E0FFE7012002E0CF
:10BE80007F1C58E70020BDE8F68700BF40E70008A8
:10BE900008060020941E002000060020CB2600206B
:10BEA00010B586B0DFF84840002201A9200000F05C
:10BEB00081FB00226946200000F015FCDFF8340009
:10BEC0009DF8061081709DF8051041709DF80410D2
:10BED00001709DF80010C1709DF8021001719DF86D
:10BEE000011041719DF80310817106B010BD000072
:10BEF000B02500206026002010B50400012210218A
:10BF00004C48F5F754FB012010BD70B504004A4DB4
:10BF10004A4E30786978884207D04948697850F8A5
:10BF2000210000F01AF8687830702100C9B2454845
:10BF3000F8F773FC012070BD10B504004248C078CA
:10BF4000012802D14148F7F7E1FE4048F5F798FB98
:10BF5000012010BD01000120704710B504003C48CD
:10BF60003C4901604460002181600021C1600021E2
:10BF700001610C214161002181610021C161002129
:10BF8000016200214162F9F77FFA002801D0FEF733
:10BF90007CFCFFF769F910BD80B5F7F79FFE2848D4
:10BFA0002549497850F82100FFF7D7FF01BD70B54A
:10BFB0000020002400252800C0B2042836DA214ED3
:10BFC0002800C0B200013044407801282CD1012063
:10BFD00004002800C0B200013044406800280ED0A0
:10BFE000F8F7BEFA2900C9B2090131444968401A7C
:10BFF0002900C9B2090131448968884214D300205C
:10C000002900C9B2090131444870F8F7A9FA29009A
:10C01000C9B20901314448602800C0B22900C9B240
:10C0200009013144C96888476D1CC4E72000C0B2CB
:10C0300070BD000000040048680A0020C6260020E9
:10C04000F40400202805002098260020200A002063
:10C050001C1F0020003801400200002011680978F0
:10C0600030290CDB116809783A2908DA11684B1C71
:10C0700013600A23097803FB00103038EEE770479D
:10C080002DE9F04F91B00400DDF868801B9D1C9EE7
:10C09000DFF808030768700603D5DFF804030068BB
:10C0A0000700022B01DB252B01DB002088E0F007D5
:10C0B00002D55FF0300C01E05FF0200C5FF0000E65
:10C0C000B00706D5002A04D52D2086465242B8F185
:10C0D00001085FF00009002A06D13020EA460AF87C
:10C0E000090019F1010910E0002A0ED010009A464B
:10C0F000B0FBFAFB0AFB1B00385CEA460AF80900B1
:10C1000019F10109B2FBF3F2EEE74D4500DA4D46B5
:10C11000B8EB0508F0070DD44046B0F1010801283E
:10C1200008DB20202070641C491E002901D120005A
:10C1300046E0F1E77046C0B2002807D084F800E07E
:10C14000641C491E002901D1200039E04046B0F1AD
:10C150000108012808DB84F800C0641C491E00297E
:10C1600001D120002CE0F1E72800451E814508DAC6
:10C1700030202070641C491E002901D120001FE0DE
:10C18000F2E74846B0F1010901280ADB684610F8D9
:10C1900009002070641C491E002901D120000FE015
:10C1A000EFE74046B0F10108012808DB20202070AD
:10C1B000641C491E002901D1200001E0F1E72000A4
:10C1C00011B0BDE8F08F2DE9F74F88B005001E00D3
:10C1D0000998012801DA0020DDE0AA460A980078D3
:10C1E000002806D1BAEB05000999491E8842C0F221
:10C1F000CC80BAEB05000999491E884280F2C580BF
:10C200000A980078252806D00A9800788AF8000055
:10C210001AF1010AB5E0002080460A98401C0A90F5
:10C220000A980078302801D158F001085FF0FF3BF0
:10C23000D9460A980078302807DB0A9800783A280F
:10C2400003DA0AA8FFF708FF8146CDF81CB0CDF845
:10C2500018B00A2005900A980078582843D063281F
:10C260000AD0642844D0692842D0732816D0752893
:10C2700040D0782839D03EE0B9F10109B9F1010F79
:10C2800005DB20208AF800001AF1010AF4E7306883
:10C29000361D8AF800001AF1010A72E03068361D76
:10C2A0000400002C01D13F4804002000F7F704FFF0
:10C2B00004904846B0F101090499814205DA202032
:10C2C0008AF800001AF1010AF3E700200700049839
:10C2D000874207DA20788AF80000641C1AF1010A04
:10C2E0007F1CF4E74DE058F040081020059026E050
:10C2F00058F0020823E00A980078252804D0252069
:10C300008AF800001AF1010ABAEB05000999491EE2
:10C31000884214DA0A980078002806D00A98007833
:10C320008AF800001AF1010A02E00A98401E0A90F9
:10C33000BAEB05000999491E884200DA21E0069807
:10C340006C2803D13068361D039009E05FEA8870DD
:10C3500003D53068361D039002E03068361D039027
:10C36000CDF8088007980190CDF80090059B039ABE
:10C370000999491EBAEB0500091A5046FFF780FEDD
:10C3800082460A98401C0A9028E700208AF800009C
:10C39000BAEB050528000BB0BDE8F08F280A002095
:10C3A0002C0A002048E7000880B5AFF30080024A5D
:10C3B00011001820ABBEFBE72600020081B00B483D
:10C3C000016851F001010160006810F00100009067
:10C3D00000980748016851F080510160006810F032
:10C3E00080500090009801B0704700BF601002407C
:10C3F0005810024070B504000125002C5CD094F860
:10C400002100002805D1002084F820002000FFF73B
:10C41000A3FA022084F821002068C068C00642D434
:10C42000CA2021684862532021684862200000F039
:10C430002AFB06003000C0B200281AD120688168AB
:10C44000DFF8E80601402068816020688168626842
:10C4500020690243A0690243114320688160E068BB
:10C460002168086120680069A16850EA01402168DC
:10C470000861200000F02DFB05002800C0B2002854
:10C480000DD12068C06C800880002168C8642068D5
:10C49000C16CE2696069024311432068C164FF20F6
:10C4A0002168486201E0002005002800C0B2002891
:10C4B00002D1012084F821002800C0B270BD2DE90E
:10C4C000F04705000E00140095F82000012801D166
:10C4D00002206DE0012085F82000022085F821006F
:10C4E000CA2029684862532029684862280000F061
:10C4F000CAFA80464046C0B200284AD1002C20D15A
:10C5000028688068400601D40020F070307800F080
:10C510001FFB8246707800F01BFB8146B07800F06C
:10C5200017FB5FFA8AFA5FFA89F95FEA092959EA83
:10C530000A49C0B250EA0909F07859EA80594F46D1
:10C5400010E028688068400601D40020F070307840
:10C550007178090251EA0041B0780143F07851EA5C
:10C5600080510F00DFF8C805384029680860286846
:10C57000806830F480202968886028688168F268C3
:10C5800030690243114328688160280000F0A1FA55
:10C590008046FF20296848624046C0B2002802D188
:10C5A000012085F82100002085F820004046C0B217
:10C5B000BDE8F087F8B505000E0014002868806A11
:10C5C0007060286800694004400CB0602868076803
:10C5D000DFF85C0507403800000C10F03F003070B9
:10C5E0003800000A10F07F00707017F07F00B07004
:10C5F0003800800D10F00100F070002C0BD1307865
:10C6000000F0B4FA3070707800F0B0FA7070B07862
:10C6100000F0ACFAB0700020F2BD2DE9F041050049
:10C620000E00140095F82000012801D1022058E0E6
:10C63000012085F82000022085F82100002C07D178
:10C640007078C00604D5707810F0EF000A30707072
:10C65000002C16D1F07800F07BFA8046707800F05C
:10C6600077FA0700B07800F073FA5FFA88F8FFB243
:10C670003F0257EA0847C0B20743307857EA4037CD
:10C6800009E0F07877783F0257EA0047B07807432F
:10C69000307857EA4037CA20296848625320296811
:10C6A0004862280000F0EFF980464046C0B20028FA
:10C6B00008D1DFF88004384029684860280000F07D
:10C6C00008FA8046FF20296848624046C0B2002828
:10C6D00002D1012085F82100002085F82000404685
:10C6E000C0B2BDE8F081F8B505000E00140028685E
:10C6F0004768DFF8400407403800000CF07038004D
:10C70000000A10F01F00707017F03F00B070380082
:10C71000400B10F007003070002C0BD1F07800F0C7
:10C7200025FAF070707800F021FA7070B07800F09F
:10C730001DFAB0700020F2BD2DE9F84305000E008F
:10C74000140095F82000012801D10220E5E0012025
:10C7500085F82000022085F82100002C2DD12868C2
:10C760008068400601D40020F070306A0028FFD0B5
:10C77000307800F0EDF98046707800F0E9F90700B4
:10C78000B07800F0E5F9814696F8240000F0E0F971
:10C790005FFA88F8FFB23F0257EA08475FFA89F963
:10C7A00059EA0707F17857EA8157C0B257EA00679C
:10C7B000306A07437069074317E0286880684006BD
:10C7C00001D40020F070307877783F0257EA0047B4
:10C7D000B0780743F07857EA805796F8240057EA74
:10C7E0000067306A074370690743D6F80480F06930
:10C7F00050EA0808CA20296848625320296848621C
:10C80000B06AB0F5807F39D12868806830F48070D4
:10C81000296888602868C06810F0800070F4C070D3
:10C820002968C860F7F79CFE81462868C068C00781
:10C8300012D4F7F795FEB0EB090040F2E9318842D7
:10C84000F3D3FF2029684862032085F821000020E7
:10C8500085F82000032060E02868C7612868C0F8D8
:10C8600044802868806850F480702968886028684F
:10C87000806850F480502968886038E028688068B3
:10C8800030F40070296888602868C06810F0800063
:10C8900070F420702968C860F7F762FE8146286846
:10C8A000C068800712D4F7F75BFEB0EB090040F2D6
:10C8B000E9318842F3D3FF2029684862032085F8D4
:10C8C0002100002085F82000032026E02868076268
:10C8D0002868C0F848802868806850F4007029688B
:10C8E00088602868806850F4005029688860DFF804
:10C8F0004802016851F480210160DFF840020168BC
:10C9000051F480210160FF2029684862012085F8E8
:10C910002100002085F820000020BDE8F28370B5DA
:10C9200004000D0094F82000012801D1022062E0EB
:10C93000012084F82000022084F82100CA20216808
:10C940004862532021684862B5F5807F24D1206871
:10C95000806830F48070216888602068806830F4D6
:10C96000805021688860F7F7FBFD06002068C068EA
:10C97000C00736D4F7F7F4FD801B40F2E931884256
:10C98000F4D3FF2021684862032084F821000020AE
:10C9900084F8200003202EE02068806830F40070C6
:10C9A000216888602068806830F4005021688860C1
:10C9B000F7F7D6FD06002068C068800711D4F7F7A6
:10C9C000CFFD801B40F2E9318842F4D3FF2021687B
:10C9D0004862032084F82100002084F8200003200E
:10C9E00009E0FF2021684862012084F8210000202E
:10C9F00084F82000002070BD10B504005FF4802092
:10CA00004F49086020688068C0040ED52068C0685F
:10CA1000C0050AD52068C06810F0800070F4C070AE
:10CA20002168C860200000F027FA20688068800430
:10CA30000ED52068C06880050AD52068C06810F04F
:10CA4000800070F420702168C860200000F060FB56
:10CA5000012084F8210010BD38B504003948216850
:10CA6000C860F7F77DFD05002068C068800608D41F
:10CA7000F7F776FD401B40F2E9318842F4D30320FA
:10CA800000E0002032BD70B5040000262068C068B8
:10CA900040061BD45FF0FF302168C860F7F760FDE7
:10CAA00005002068C068400610D43000C0B20328DA
:10CAB0000CD0F7F755FD401B40F2E9318842F0D326
:10CAC00003200600032084F82100EAE73000C0B20A
:10CAD00070BD70B5040000251B48016831F080016D
:10CAE00001601A4E306880060AD42000FFF7B4FFB8
:10CAF000002817D0032084F821000320050011E04E
:10CB0000306830F0200030602000FFF7A5FF0028DB
:10CB100004D0032084F8210003200500306850F081
:10CB2000200030602800C0B270BD0000BFFF8FFF42
:10CB30007F7F7F003FFFFF000004014008040140A9
:10CB4000140401405FFF03000C2800400828004047
:10CB50000100002208000300DBB20A2B02D3521CA2
:10CB60000A38F8E750EA0210C0B270470100C9B2B3
:10CB700009090A2211FB02F110F00F004018C0B29F
:10CB800070472DE9FE4F04000D000020002600270D
:10CB90000021ADF804105FF001085FF000095FF0BC
:10CBA000000A21680978212901D101218A465FF014
:10CBB000000B584600B2A988884272DA20685146B4
:10CBC000C9B2405C29685A4612B2895C884265D174
:10CBD000012080465046C0B2401C0600002081461D
:10CBE0000020ADF80400300000B2A18888424ADA83
:10CBF0002068310009B2405C7C281ED1BDF90400D8
:10CC0000002804D10120814616EB0B00070001A883
:10CC100000903B001BB22A002100701C00B200F003
:10CC200059F880464046C0B2012806D15146C9B2E3
:10CC3000584600B200F03DF839E04846C0B200283E
:10CC40000FD12068310009B2405C29685A4612B2FF
:10CC50001144320012B2895C884202D00020804622
:10CC600011E04846C0B2002801D1761CBBE7300075
:10CC7000BDF9041000B2884203DABDF904000600D1
:10CC8000B1E7761CAFE74046C0B2012806D1514655
:10CC9000C9B2584600B200F00CF808E01BF1010BD5
:10CCA00087E75146C9B25FF0FF3000F002F8BDE8F7
:10CCB000FE8F02000800C0B2002802D1100000B2AE
:10CCC00007E0100000B2002802D45FF0FF3000E05F
:10CCD00000207047F0B50400059D012000263700B4
:10CCE0003FB207FA84F7B1F804C067453ADA0F6833
:10CCF000A4460FFA8CFC6744B4460FFA8CFC17F874
:10CD00000C707C2F03D137192F8000B22BE097884D
:10CD1000B4460FFA8CFC0CFA83FC674506DAB2F9CC
:10CD200004707F1C2F805FF0FF3738000F68A44627
:10CD30000FFA8CFC6744B4460FFA8CFC17F80C70A1
:10CD4000D2F800C09E460FFA8EFEF444B6460FFAA3
:10CD50008EFE1CF80EC0674502D05FF0FF3738002A
:10CD6000761CBCE700B2F0BD80B5DFF87003DFF8D9
:10CD700070130160002141601F21816040F2FF318A
:10CD8000C160002101610021416100218161002118
:10CD9000C161FFF72FFB002801D0FDF776FD01BD33
:10CDA00038B5DFF84043207800280FD1FFF7DCFFCB
:10CDB000DFF828534FF480712800FFF7B0FD2800FA
:10CDC00000F0A8F900F01CF801202070002032BD0E
:10CDD00010B50400200000F055F8002010BD80B50B
:10CDE000DFF8F8020168C96811F0800171F4C071C0
:10CDF0000268D1604FF48071FFF791FD002002BD01
:10CE000010B5DFF8E442211D14F1180000F01DF9FF
:10CE10002060206810BDDFF8D0020068704780B540
:10CE200086B001A9684600F010F9AF490968401AB8
:10CE300007B000BD10B586B00024AA4800780128CC
:10CE400004D101A9684600F000F90400200006B0F2
:10CE500010BD0320704700B58021A1FB00017D2299
:10CE60000023F9F703FC00BD7D21A1FB0001C009EF
:10CE700040EA4160C909704710B504009B4800684A
:10CE8000804710BD2DE9F04F99B0040040210022E9
:10CE900009AD2800F7F706FE5FF000085FF0000A12
:10CEA000002600275FF0000B8F4D04A8291D1422D7
:10CEB000F9F798FBA8690390FFF791FF40F2FF3064
:10CEC000059D451B20008005800D4519A40A9DF88D
:10CED0000E908748844204D38648041919F1010949
:10CEE000F7E79DF81080B4F5616F04D3B4F5616481
:10CEF00018F10108F7E79DF811703C2C02D33C3C77
:10CF00007F1CFAE79DF81200210051FA80F62800F4
:10CF100080B2B0F5806F03DBB5F58065761CF6E76F
:10CF2000300080B23C2802D33C3E7F1CF8E738003A
:10CF300080B23C2803D33C3F18F10108F7E7404694
:10CF400080B2182804D3B8F1180819F10109F6E7DE
:10CF50009DF80F00042190FBF1F201FB1200002864
:10CF600017D165499DF80D00084410F8010C4A4698
:10CF700080B292B2904223D21FFA89F948469DF8B6
:10CF80000D20114411F8011C90FBF1F901FB190966
:10CF900016E05A499DF80D00084410F8010C4A4665
:10CFA00080B292B290420BD21FFA89F948469DF89E
:10CFB0000D20114411F8011C90FBF1F901FB190936
:10CFC000DFF83CA140F2FF31280080B2091ACAF80C
:10CFD00004105FF02060CAF81C008AF802608AF82A
:10CFE00001708AF800808AF824909DF813008AF86E
:10CFF00003000020CAF820005FF00040CAF81400C7
:10D000004FF48070CAF828000020CAF80C000020F5
:10D01000CAF81000002251463048FFF78DFB002867
:10D0200010D0DAF8040002909AF8020001909AF801
:10D03000010000909AF800309AF82420314909A89C
:10D04000F7F71EFA19B0BDE8F08FF8B504000D002F
:10D050000026224F002221003800FFF744FB002267
:10D0600029003800FFF7A6FAE17840F2B5504143B5
:10D07000C91C8908E078042290FBF2F302FB13003C
:10D08000002801D1204A00E0204A63783D20434334
:10D090003C3B022093FBF0F041186078401EC0B288
:10D0A00040001300C34013F00303C91AA078401EC8
:10D0B00041180F484143AB786E783C204643F31843
:10D0C0002E784FF4616000FB06335918890201F293
:10D0D000FF316868091A0800F2BD0000B025002081
:10D0E00000280040D0260020D42500209C260020C7
:10D0F0008051010080AEFEFF80E6000874E6000863
:10D100003425002074E0000850554400A0AA99007E
:10D1100070470000010091F82000012801D1022091
:10D120001BE0012081F82000022081F82100CA20A4
:10D130000A68506253200A6850620868806850F09C
:10D1400020000A689060FF200A685062012081F880
:10D150002100002081F8200000207047000000001E
:10D16000000000000000F0BF000000000000008090
:10D17000000000000000008000000000000000002F
:10D18000000000C05294EEBF00000048204E51BE87
:10D19000000000F86467BCBC000000000000000054
:10D1A000000000208133EDBF00000080B3DB14BE1F
:10D1B000000000506706A3BC000000000000000053
:10D1C000000000D0E9DCEBBF00000008C39259BEAC
:10D1D00000000080B0D3B8BC0000000000000000D8
:10D1E00000000070F98FEABF000000C0A51028BE43
:10D1F000000000E8BFC0B0BC00000000000000005C
:10D2000000000070284CE9BF00000060134B42BED4
:10D21000000000C03D20B8BC00000000000000007D
:10D2200000000050FA10E8BF000000C05FF62BBEFF
:10D23000000000905C71A7BC00000000000000002E
:10D2400000000020FCDDE6BF000000C0F8F154BE85
:10D2500000000018E9F6B9BC000000000000000062
:10D26000000000D0C3B2E5BF00000070E43254BE3D
:10D2700000000050DB06B4BC00000000000000000D
:10D2800000000010EF8EE4BF00000020F36252BEE9
:10D29000000000C02A879ABC0000000000000000C7
:10D2A000000000B02272E3BF000000F0E8E056BECC
:10D2B00000000028352DBDBC00000000000000006B
:10D2C000000000000A5CE2BF000000B0FA8E41BE20
:10D2D00000000040AE6FBDBC000000000000000078
:10D2E00000000000564CE1BF000000F015CD5FBE0D
:10D2F00000000000141C90BC0000000000000000B2
:10D3000000000040BD42E0BF00000030F93457BECD
:10D31000000000E06C1E93BC000000000000000054
:10D32000000000E0F57DDEBF000000B08A535EBE65
:10D3300000000080DA77AABC0000000000000000B6
:10D34000000000C09D81DCBF00000000FFA226BEDF
:10D350000000006057E2B0BC0000000000000000C8
:10D3600000000060F98FDABF000000580A8151BE4A
:10D37000000000F05F60B8BC00000000000000008A
:10D380000000000098A8D8BF000000607A7F45BE6A
:10D39000000000D05433A3BC0000000000000000D7
:10D3A000000000600FCBD6BF000000D091CB40BE84
:10D3B000000000406D1BA0BC000000000000000049
:10D3C000000000A0FBF6D4BF00000098C5CE52BEFE
:10D3D000000000003A397EBC0000000000000000A0
:10D3E000000000E0FE2BD3BF0000004073872BBE7F
:10D3F00000000000926879BC0000000000000000FE
:10D4000000000040C069D1BF00000058F16353BE66
:10D4100000000080438D7CBC000000000000000084
:10D4200000000080D85FCFBF000000181F8354BEEB
:10D43000000000B03F42A2BC00000000000000005D
:10D440000000008067FCCBBF00000060FAFF53BE05
:10D4500000000050E00DB8BC00000000000000001B
:10D460000000000098A8C8BF000000607A7F35BEA9
:10D47000000000C0543393BC000000000000000016
:10D4800000000000DC63C5BF00000058D6FF54BE9A
:10D4900000000000396490BC0000000000000000A3
:10D4A000000000C0AD2DC2BF00000080A45915BE11
:10D4B000000000E0484BABBC000000000000000092
:10D4C000000000801A0BBEBF00000050BF3C5ABED7
:10D4D000000000A0B364B6BC000000000000000023
:10D4E0000000008004D6B7BF00000040BBCF36BEAE
:10D4F0000000008076CEA8BC000000000000000004
:10D500000000008032BBB1BF000000402A0043BED3
:10D5100000000028C60CBDBC000000000000000098
:10D52000000000009473A7BF000000182B3B59BEF9
:10D53000000000C0E55DA5BC000000000000000088
:10D5400000000000EE4397BF000000A0E6C340BE0D
:10D5500000000020958DB5BC000000000000000018
:10D5600000000000000000800000000000000080BB
:10D57000000000000000008000000000000000002B
:10D58000000000000000000000000000000000009B
:10D59000000000000000000000000000000000008B
:10D5A000000000000000000000000000000000007B
:10D5B000000000000000000000000000000000006B
:10D5C000000000000000000000000000000000005B
:10D5D000000000000000000000000000000000004B
:10D5E000000000000000000000000000000000003B
:10D5F000000000000000000000000000000000002B
:10D60000000000000000000000000000000000001A
:10D610000000000000C0F0FCFFFEF8C000000000A9
:10D6200000000000000000000000000000000000FA
:10D6300000000000000000000000000000000000EA
:10D6400000000000000000000000000000000000DA
:10D6500000000000000000000000000000000000CA
:10D6600000000000000000000000000000000000BA
:10D6700000000000000000000000000000000000AA
:10D68000000000000000000000000000000000009A
:10D6900000C0F0FCFFFFFFFFFFFFFFFFFFFCF0C03B
:10D6A00000000000000000000000000080C0C0C0BA
:10D6B000C0E0F0F0F0F070383C3C3C3C3F3F0F03E2
:10D6C000000000000000000000000000000000005A
:10D6D000000000000000000000000000000000004A
:10D6E000000000000000000000000000000000003A
:10D6F000000000000000000000000000000000002A
:10D7000000000000000000000000000000C0F0FC6D
:10D71000FFFFFFFFFF3F0F0F03070F3FFFFFFFFF5D
:10D72000FFFC30383C3C1C0E8FCFC7C3C3C3E37330
:10D7300071303030383C0C0000000070F8CCCC0C5C
:10D740000C0000C0F03C0CFCFC000000C0F01C0C05
:10D750000C8CFCF00000000000000CFCFC0000C081
:10D760003C0C00C0FCFC0C0000FCFCCCCCCCCC0C79
:10D77000000C8CFCFC1C0C0C0C00000000000000D9
:10D78000000000000000000000C0F0FCFFFF7F3F31
:10D790000F07C3C040303018CCCCC7C303333010A0
:10D7A0000C8CCCC4C3C3E3F33130303038380C00B8
:10D7B000000000000000000000000C0C0C0C0F0327
:10D7C000030C0F030303030F0F000000030F0C0CE7
:10D7D0000C0F0301000000000000000F0F0C0300FD
:10D7E00000000C0F0F0000000F0F0F0C0C0C0000BE
:10D7F00000000F0F0000000000000000000000000B
:10D800000000000000C0F0FC3F3F0F0703000C00C9
:10D81000C3C13030CCCC03333300000C0C00030305
:10D820000300000001030F0F3C78C000000000005F
:10D8300000000000000000000000000000000000E8
:10D8400000000000000000000000000000000000D8
:10D8500000000000000000000000000000000000C8
:10D8600000000000000000000000000000000000B8
:10D8700000000000000000000000000000000000A8
:10D880000000C0300F030300000000000000000093
:10D890000000000300000000000000000000000085
:10D8A0000000000000000000000000030C30C00079
:10D8B0000000000000000000000000000000000068
:10D8C0000000000000000000000000000000000058
:10D8D0000000000000000000000000000000000048
:10D8E0000000000000000000000000000000000038
:10D8F0000000000000000000000000000000000028
:10D900000000000000000000000000000000000017
:10D910000000000000000000000000000000000007
:10D9200000000000000000000000000000000000F7
:10D9300000000000000000000000000000000000E7
:10D9400000000000000000000000000000000000D7
:10D9500000000000000000000000000000000000C7
:10D9600000000000000000000000000000000000B7
:10D9700000000000000000000000000000000000A7
:10D980000600000000000000000F00000F00000F64
:10D9900000000F0000000000000000000000000078
:10D9A0000000000000000000000000000000070070
:10D9B000001E00E01F00FF1FF8FF03FF1F00FF0114
:10D9C000000F000000000000000000000000000048
:10D9D0000000000000000000000000000E00000039
:10D9E000C07F00F8FF01FCFF07FCFF073E800F0E21
:10D9F000000E0E000E0E000E1E800FFCFF07FCFF37
:10DA000007F8FF01C07F000000000E00000070005A
:10DA10000E38000E38000E1C000E0E000EFEFF0F1A
:10DA2000FEFF0FFEFF0FFEFF0F00000E00000E00B6
:10DA3000000E00000E0000000E00000060000F78D5
:10DA4000800F7CC00F7CE00F1EF00F0EF80E0E7CD6
:10DA50000E0E3E0E1E1F0EFE0F0EFC070EF8030EDE
:10DA6000F0010E0000000E0000003080013880033D
:10DA70003C80073C800F1E000F0E0E0E0E0E0E0E89
:10DA80000E0E1E1F0FFEFF0FFCFB07FCF903F0E05C
:10DA9000010000000F00000000F00000F80000FE90
:10DAA0000080EF00C0E700F0E1007CE0003EE00015
:10DAB000FEFF0FFEFF0FFEFF0FFEFF0F00E0000056
:10DAC000E0000E000000008001F88703FE8707FEDB
:10DAD000870FFE070F0E030E8E030E8E030E8E07AA
:10DAE0000F8EFF070EFF070EFE0300FC0000000074
:10DAF0000E000000C07F00F0FF01F8FF07FCFF07E9
:10DB00003E0E0F0E070E0E070E0E070E1E0F0F3ED7
:10DB1000FF0F3CFE0738FE0330F8010000000E0046
:10DB200000000E00000E00000E00000E000F0EE0C0
:10DB30000F0EF80F0EFE0F8EFF00CE0F00FE03003B
:10DB4000FE00003E00001E00000000000E0000006D
:10DB5000F0E001F8FB03FCFB07FEFF0F1E1F0F0E9A
:10DB60000E0E0E0E0E0E0E0E1E1F0FFEFF0FFCFBF6
:10DB700007FCFB03F0E0010000000E000000F08352
:10DB800001F88703FC8F07FE9F0F1E1E0F0E1C0E51
:10DB90000E1C0E0E1C0E1E8E0FFCFF07FCFF03F862
:10DBA000FF01C07F00000000000000000000005FD7
:10DBB00000000007000700147F147F14242A7F2A26
:10DBC00012231308646236495522500005030000F1
:10DBD000001C2241000041221C00082A1C2A0808BF
:10DBE000083E0808005030000008080808080060D7
:10DBF00060000020100804023E5149453E00427F6B
:10DC0000400042615149462141454B311814127F71
:10DC10001027454545393C4A4949300171090503FA
:10DC20003649494936064949291E00363600000062
:10DC30005636000000081422411414141414412212
:10DC40001408000201510906324979413E7E111142
:10DC5000117E7F494949363E414141227F4141225F
:10DC60001C7F494949417F090901013E4141513227
:10DC70007F0808087F00417F41002040413F017F2D
:10DC8000081422417F404040407F0204027F7F040D
:10DC900008107F3E4141413E7F090909063E41513E
:10DCA000215E7F09192946464949493101017F0111
:10DCB000013F4040403F1F2040201F7F2018207F11
:10DCC0006314081463030478040361514945430055
:10DCD000007F4141020408102041417F00000402FE
:10DCE000010204404040404000010204002054541E
:10DCF00054787F48444438384444442038444448A5
:10DD00007F3854545418087E090102081454543CB6
:10DD10007F0804047800447D40002040443D00001A
:10DD20007F10284400417F40007C041804787C0860
:10DD300004047838444444387C1414140808141437
:10DD4000187C7C080404084854545420043F444080
:10DD5000203C4040207C1C2040201C3C4030403C6B
:10DD600044281028440C5050503C4464544C440007
:10DD70000836410000007F00000041360800080816
:10DD80002A1C08081C2A08086070787C7E1C362A29
:10DD9000361C303E3F3E3007087F09077C44444430
:10DDA000387C7C4444387C7C7C44387C7C7C7C386B
:10DDB0001E3276321E00000205020000FEE7FEE77A
:10DDC000FEE7FEE7FEE770477047704780B500F05A
:10DDD00039F814480168491C016001BD80B512483A
:10DDE000FBF715F901BD80B51048FBF710F901BD2F
:10DDF00080B50F48F7F71AFC01BD80B50D48F7F75D
:10DE000015FC01BD80B50C48FEF7F6FD01BD80B5DF
:10DE10000A48FBF7FCF801BD80B50948F7F706FC96
:10DE200001BD0000A4260020642400201C24002042
:10DE30001C1F0020A41F0020B0250020D423002098
:10DE4000941E002003480168034A12788918016073
:10DE5000704700BF8C2600206B0A0020F0B40246F9
:10DE6000106895681318506803EB5004C0071CD560
:10DE70004D441AE013F8017B05F8017B491EF9D1E6
:10DE800098B113F8011BC6F38106032E08BF13F8DF
:10DE9000016B01EB06214942801C294405D011F891
:10DEA000016B05F8016B401EF9D1A3420ED013F8A7
:10DEB000016B16F0030104BF13F8011BC91C3009E4
:10DEC0000F28DBD113F8010B0F30D7E7F0BC02F1BC
:10DED0000C007047494420536C6176653A2000007D
:10DEE0000000000000000000000000000000000032
:10DEF0000000000000000000000000000000000022
:10DF00000000000000000000425220536C61766562
:10DF10003A200000000000000000000000000000A7
:10DF200000000000000000000000000000000000F1
:10DF3000000000000000000000000000A0860100BA
:10DF4000400D0300801A060000350C0040420F000F
:10DF500080841E0000093D0000127A000024F400B5
:10DF600000366E010048E801006CDC02A1CD00081B
:10DF700000000000D1CD0008DFCD000801CE000870
:10DF800017CE00081FCE000835CE000853CE00087B
:10DF900057CE000869CE0008303132333435363779
:10DFA00038396162636465666768696A6B6C6D6E57
:10DFB0006F707172737475767778797A00000000EB
:10DFC00030313233343536373839414243444546AF
:10DFD0004748494A4B4C4D4E4F5051525354555659
:10DFE0005758595A0000000010B5074979441831B4
:10DFF000064C7C44163404E00A68081D1144884726
:10E000000146A142F8D110BD2C00000048000000DC
:10E010004EF68851CEF20001086840F470000860A6
:10E02000BFF34F8FBFF36F8F4FF00070E1EE100A18
:10E0300070470000BB60FFFF641C0000700A0020F6
:10E040000000000019FEFFFF080800003E09000064
:10E05000000000200D0A3D3D3D3D3D3D3D3D3D3D27
:10E060003D3D3D3D3D3D3D3D3D3D3D3D3D3D3D0D10
:10E070000A000000616C61726D206661696C3A2073
:10E0800025642D25643A25643A25643A25640D0AF1
:10E090000000000000F00DF8002801D0FFF7A4FFF9
:10E0A000AFF300800020AFF30080FCF78FFB00F09F
:10E0B00002F80120704700F001B80000074638461A
:10E0C000FEF772F9FBE700003D3D3D3D204D414923
:10E0D0004E2050524F4752414D494E47203D3D3D05
:10E0E0003D0D0A003D3D3D3D3D3D3D3D3D3D3D3D00
:10E0F0003D3D3D3D3D3D3D3D3D3D3D3D3D0D0A00F0
:10E10000755F6170705F636F6D6D3A207478207415
:10E11000696D65722063620D0A000000755F6170B1
:10E12000705F636F6D3A207561727420256420659D
:10E1300072726F72210D0A00755F6170705F636F9C
:10E140006D6D3A2073657420727463210D0A0000AE
:10E150004C4556454C5F554C5452415F53414F56C8
:10E160004945540073616F7669657467726F7570A5
:10E170002E636F6D2E766E00535654485F53564D86
:10E180005F444C535F56315F325F320061742B72D3
:10E19000646C617374666F726C6F673D00000000A1
:10E1A00061742B72646C617374666F726F706572E8
:10E1B000613D000061742B72646C617374666F72F0
:10E1C0006576656E743D000061742B72646C6173DA
:10E1D00074666F726770733D0000000061742B728B
:10E1E0006573746F7265736C6176653F0000000043
:10E1F000456E7465722050617373776F72640000AE
:10E20000312E4D6F6462757320525455000000002A
:10E21000322E43616C6962726174696F6E00000036
:10E22000342E496E666F726D6174696F6E00000006
:10E23000534554204D4F44425553205254550000ED
:10E24000312E49442020202020203A2000000000C8
:10E25000322E42617564726174653A2000000000DC
:10E2600043414C49422053454E534F520000000059
:10E27000454320202020202020202041443A200017
:10E28000312E45432020202020203A20000000008D
:10E29000322E54445320202020203A200000000039
:10E2A000332E53616C696E6974793A200000000066
:10E2B000342E54656D70202020203A20000000008C
:10E2C0005375636365737366756C6C792100000028
:10E2D0000000000000000000010203040607080916
:10E2E000526573746F7265204F4B210D0A00000058
:10E2F00061742B6D7174746D61696E3D0000000076
:10E3000061742B6D7174746D61696E3F0000000063
:10E3100061742B6D7174746261636B75703D000084
:10E3200061742B6D7174746261636B75703F000072
:10E3300061742B726573657470756C73653F000052
:10E3400061742B666C6F777468726573683D00004A
:10E3500061742B666C6F777468726573683F000038
:10E3600061742B7175616E7468726573683D00002D
:10E3700061742B7175616E7468726573683F00001B
:10E3800061742B6261747468726573683D0000008B
:10E3900061742B6261747468726573683F00000079
:10E3A00061742B65726173656D656D3F00000000DF
:10E3B00061742B667776657273696F6E3F0000003B
:10E3C00061742B6C6F67696E6465783F00000000B4
:10E3D00061742B72646C6173746C6F673F00000032
:10E3E00061742B6C6576656C63616C69623D0000DD
:10E3F00061742B6C6576656C63616C69623F0000CB
:10E4000061742B6C6576656C7468726573683D0029
:10E4100061742B6C6576656C7468726573683F0017
:10E4200061742B65786261747468726573683D000D
:10E4300061742B65786261747468726573683F00FB
:10E4400061742B776D6368616E6E656C3D000000D2
:10E4500061742B776D6368616E6E656C3F000000C0
:10E4600061742B6D6F64696E666F723D0000000011
:10E4700061742B6D6F64696E666F723F00000000FF
:10E4800061742B7072657373696E666F723D000004
:10E4900061742B7072657373696E666F723F0000F2
:10E4A00061742B7265736574736C6176653F0000EF
:10E4B0000148804701480047C1E400088DE6000894
:10E4C0000248016851F470010160704788ED00E076
:10E4D000332E4F666673657400000000312E436F63
:10E4E0006E73743A20000000322E43616C69623A08
:10E4F000200000002A56657273696F6E00000000EC
:10E50000576562736974653A00000000C9B100087C
:10E51000D3B10008F1B100085265736574204F4B08
:10E52000210D0A0061742B736572693D00000000C3
:10E5300061742B736572693F0000000061742B7376
:10E54000696D736572693F0061742B7377736572CF
:10E550007665720061742B647574793D000000006B
:10E5600061742B647574793F0000000061742B6640
:10E570007265716D696E3D0061742B667265716DB7
:10E58000696E3F0061742B73617665626F783F003E
:10E5900061742B6E756D77616B653D0061742B72D4
:10E5A0006561646C6F673D0061742B70756C736599
:10E5B0003D00000061742B70756C73653F000000B6
:10E5C00061742B64656275673D00000061742B64A3
:10E5D000656275673F00000061742B6D726573653D
:10E5E000743F000061742B7573657275726C3D0029
:10E5F00061742B757365726674703D0061742B7461
:10E600006573746C6F673F0061742B726561646C35
:10E610006F673F0061742B736C6176653D0000008D
:10E6200061742B736C6176653F00000061742B6F21
:10E630006E74656D683F000061742B6F666674656B
:10E640006D683F0061742B6964736C6176653F008F
:10E6500061742B6964736C6176653D0061742B6233
:10E6600072736C6176653F0061742B6272736C61CA
:10E6700076653D001F1C1F1E1F1E1F1F1E1F1E1F15
:10E680001F1D1F1E1F1E1F1F1E1F1E1FAFF30080FA
:10E69000FFF7BEFCFFF7FEFC53656E736F722E0032
:10E6A00075532F636D00000053616C74203A200095
:10E6B00054656D70203A200020208943000000003E
:10E6C0004C6F6767696E000053455454494E4700CC
:10E6D0004F46465345540000496E666F722E000047
:10E6E0002A4D6F64656C0000000000000102030405
:10E6F0002C200020000000002C2100200000000041
:10E700004552524F5200000000000000000000007F
:10E71000000000000C000000000000000C000000E1
:10E7200061742B7274633D0061742B7274633F00DB
:10E7300061742B6770733F0061742B656E64000019
:10E74000AC210020000000003C4E554C4C3E000027
:10E75000252E2A6600000000686A6C747A4C00005E
:10E7600020202500FFF7FEBFFFF7FEBFFFF7FEBF2B
:10E77000FFF7FEBFFFF7FEBFFFF7FEBFFFF7FEBFCD
:10E78000FFF7FEBFFFF7FEBFFFF7FEBFFFF7FEBFBD
:10E79000FFF7FEBFFFF7FEBFFFF7FEBFFFF7FEBFAD
:10E7A000FFF7FEBFFFF7FEBFFFF7FEBFFFF7FEBF9D
:10E7B000FFF7FEBFFFF7FEBFFFF7FEBFFFF7FEBF8D
:10E7C000FFF7FEBFFFF7FEBFFFF7FEBFFFF7FEBF7D
:10E7D000FFF7FEBFFFF7FEBFFFF7FEBFFFF7FEBF6D
:10E7E000FFF7FEBFFFF7FEBFFFF7FEBFFFF7FEBF5D
:10E7F000FFF7FEBFFFF7FEBFFFF7FEBFFFF7FEBF4D
:10E80000FFF7FEBFFFF7FEBFFFF7FEBFFFF7FEBF3C
:10E81000FFF7FEBFFFF7FEBFFFF7FEBFFFF7FEBF2C
:10E82000FFF7FEBFFFF7FEBFFFF7FEBFFFF7FEBF1C
:10E83000FFF7FEBFFFF7FEBFFFF7FEBFFFF7FEBF0C
:10E84000FFF7FEBFFFF7FEBFFFF7FEBFFFF7FEBFFC
:10E85000D0033132333400014008F40100001719AD
:10E86000000801011A1003D00700006910520229A4
:10E870001264085003111A000803101003881300D3
:10E88000008D10520410212850030B1B00080510A6
:10E89000120A08124510120608520504125D1010E3
:10E8A0000250E100083B13003001B220011130207A
:10E8B0000D6E74657220746F20536574757000005E
:10E8C00020100557616974696E670B4110200320A1
:10E8D000446F6E650952001030034572726F721FEB
:10E8E0003101200298E600080B9207E192010C2109
:10E8F0008843A0E6B821B452A830400405FE0000C9
:10E9000060E7B021E492B01812B80C21502134F223
:10E9100001C060220154C3F0E11890030218000105
:10E92000067861182002033000010CF201C8483259
:10E930000211D2E2481002120002090CD210181281
:10E9400003182564C3D0E418120418120B0CD2204B
:10E9500030120518120C0CD23018110113030D0CD3
:10E9600052401861011003020400030E11525018A6
:10E9700065E8120318120F0CF20160481304100C22
:10E980005270186928100302050004110CC3DCE45E
:10E9900018115D11ABD0010000E8181204182920ED
:10E9A000F601D0201305140C8780E2982101100392
:10E9B000020E0005150BD2901811601305160BD22C
:10E9C000A01811601305170BD2B0181205181218F1
:10E9D0000BF201D8781306190CD6F4688004021CD7
:10E9E00000061A0001759810020400061B0CD2E004
:10E9F00048120430F2021C30120530F2031D481098
:10EA0000021800071E0CE6C0F8F0030118020810F7
:10EA10000001E20114B3093D1260028DAD0008242B
:10EA200025488F99ADDC0321108F0FAEDC03210147
:10EA3000121B1052043112E8198F37AEDC0321018A
:10EA4000A8023DAE0008E01243105E78DC03E0024D
:10EA5000700A00208F8004B1390008B13984210880
:10EA600012B71043E5398852010440045D3A0008AA
:10EA70008B3A8C52020443F93A3C29846DB8034323
:10EA8000533B14219452061452AD14211052081411
:10EA900043073C1412B0391E6049031AC0751B802D
:10EAA00025F012381D124B0C1D6804130096181225
:10EAB000DA0812E1045003C20100AC20C08E01BC90
:10EAC000044FF9BE1C056110430BBFB8210C254053
:10EAD0004339BFB42110100360EA000055106140B3
:10EAE00021288F2D235C0512DC158333234021045C
:10EAF00083B523402D8C0543F523F021102D6C05A3
:10EB000013AB24EC51501003983A0000BF1052068A
:10EB1000102DAC0512D3109207A012E710656D21DD
:10EB2000204004392500089426D8C72C22A013249D
:10EB3000E52C8A00445230106920123C108F0B00E3
:10EB4000A4031AF0948F0C0014044300E310520540
:10EB500010121010470E0098210152201069C45263
:10EB60004850520810525470520910526010520A04
:10EB700010526C30520B10527810520C1052306000
:10EB8000520D10528420520E10529010520F1052FB
:10EB90009C106D48035240405211105250105212B6
:10EBA0001052601052131052701052141012801034
:10EBB000217C621570511052161012A87021DC527F
:10EBC000171052B4105218104F20E7600652191057
:10EBD0005228106D600452C030521B1052CC106D80
:10EBE000500412D810252C6D480456A090521E10C7
:10EBF00052B090521F1056E400690552F010622185
:10EC000070514052221052FC205223104308E6104B
:10EC100052241052D0605225101E8C0804255C52DC
:10EC2000261012A010254C52271052B41052281052
:10EC300056E05052291052F010532A00011D7C0555
:10EC400025BC522B10521010522C10563030522D21
:10EC50001052C880522E104714E630522F10522006
:10EC60001062301051506231505110523210472C06
:10EC7000E6605233105638006D45094740E40052B3
:10EC800035105250105236104760E450523710522F
:10EC900070105238104380E4F052391052901052E4
:10ECA0003A1052A010523B1052DCE0523C10524439
:10ECB000906DF205525010523E10525C10523F10AF
:10ECC0005268105241105E38F8084B201913432047
:10ECD0001B08100398DF0008C004F309B243045274
:0FECE000FF01E36A41141D50040002032D0103DC
:040000050800E68D7C
:00000001FF
