:020000040800F2
:10000000882A002055EC0008F5E50008F7E500080F
:10001000F9E50008FBE50008FDE500080000000028
:10002000000000000000000000000000FFE50008E4
:1000300001E600080000000003E6000805E60008ED
:1000400051EF000855EF000859EF00085DEF000878
:1000500061EF000865EF000869EF00086DEF000828
:1000600071EF000875EF000879EF00087DEF0008D8
:1000700081EF000815E6000885EF00081FE600087C
:1000800089EF00088DEF000891EF000895EF000858
:1000900099EF00089DEF0008A1EF0008A5EF000808
:1000A000A9EF0008ADEF0008B1EF0008B5EF0008B8
:1000B000B9EF00080000000000000000BDEF0008DC
:1000C000C1EF0008C5EF0008C9EF0008CDEF000838
:1000D000D1EF000829E60008D5EF000833E6000854
:1000E000D9EF00083DE60008000000000000000015
:1000F0000000000000000000000000000000000000
:1001000000000000DDEF000800000000E1EF000843
:100110000000000000000000E5EF0008E9EF000823
:10012000EDEF0008F1EF0008F5EF0008F9EF000827
:10013000FDEF0008000000000000000000000000CB
:1001400001F0000805F0000809F000080DF00008B3
:1001500011F0000847E6000851E6000815F0000815
:1001600019F000081DF0000821F000080000000050
:1001700025F0000829F000082DF00008000000001C
:1001800031F0000835F0000839F0000880B5DFF8DC
:10019000700A0078012806D0022807D0042808D069
:1001A000082809D00BE000F088F808E000F034FDE2
:1001B00005E000F0A5FE02E001F004F8FFE701BD54
:1001C0002DE9F0410024DFF8385A287A002871D14F
:1001D000DFF8306A0421300001F086FC002801D1EC
:1001E000012700E000270221300001F07DFC0028FB
:1001F00002D15FF0010801E05FF00008012130004A
:1002000001F072FC002801D1012600E00026202127
:10021000DFF8F40901F068FC002801D1012000E0BA
:10022000002057EA480757EA86073C0054EAC00412
:100230002000C0B2012805D0022803D0042801D034
:1002400008282DD16868401C68606868502826D34B
:100250002C7001202872DFF8B40921000278C9B29D
:10026000914215D1DFF8A8190A68521C0A600A6881
:10027000322A04D350226A6032220A600EE00968F2
:10028000322902D34E21696008E00021696005E04F
:10029000002169600021DFF878291160047009E00D
:1002A0000020DFF868190870282068600020DFF857
:1002B000601908602878BDE8F0817FB5DFF85449FF
:1002C000A078002814D0012837D0022867D003284E
:1002D00000F0C680042800F04981052800F07682ED
:1002E000062800F09E83082800F0208400F087BCD8
:1002F000DFF80C590020E860DFF8F46B0A220021D7
:10030000300001F077FC30203070302070703020E9
:10031000B0703020F070E8680001801CC0B203901B
:100320000296032001900220009003230022012165
:10033000A01C02F052F900F062BCDFF8C408C168EA
:10034000491CC160C16804291EDBDFF8A40B02F060
:100350005FF9012815D1A51C0622290014F1080017
:1003600001F096FCF12003900020029008200190FB
:1003700005200090052300220221280002F02DF91B
:100380000BE00020A07008E0C0680001801C0200A3
:10039000D2B20021A01C02F0FDF800F030BC2079A0
:1003A000052806D05BD307282FD018D3082841D0C2
:1003B00055E0A51C0622290014F1080001F068FC94
:1003C000F1200390002002900B2001900A20009061
:1003D0000A2300220321280002F0FFF83FE0A51CB9
:1003E0000622290014F1080001F052FCF1200390CC
:1003F00000200290102001900D2000900D2300227B
:100400000421280002F0E9F829E0A51C06222900B1
:1004100014F1080001F03CFCF12003900020029050
:100420001820019017200090172300220621280091
:1004300002F0D3F8A51C0622290014F1080001F0EF
:1004400027FC00200390002002901A2001901A201F
:1004500000901A2300220721280002F0BEF8CEE304
:1004600020790A2802D00B2840D07EE0E0780028CE
:1004700002D001281FD038E0A61C0622310014F15A
:10048000080001F005FCDFF87857F220039015F121
:100490000C0002900B2001900A2000900A23E278C1
:1004A000521CD2B20321300002F097F8DFF8440A60
:1004B0004078E86019E0A51C0622290014F1080024
:1004C00001F0E6FBF0200390002002901D20019037
:1004D0001D2000901D2300220821280002F07DF835
:1004E0000120DFF8101A0870FFE73EE0E0780028EE
:1004F00002D001281FD038E0A61C0622310014F1DA
:10050000080001F0C5FBDFF8F856F220039015F162
:100510000C0002900B2001900B2000900B23E2783E
:10052000521CD2B20321300002F057F8DFF8C409A0
:100530004068E86019E0A51C0622290014F10800B3
:1005400001F0A6FBF0200390002002901D200190F6
:100550001D2000901D2300220821280002F03DF8F4
:100560000120DFF890190870FFE748E320790D2893
:1005700009D0C0F02A810F2800F096804ED31028B1
:1005800000F0DD8021E1E078002802D001281FD0B2
:1005900043E0A61C0622310014F1080001F078FBAC
:1005A000DFF85C56F220039015F10C000290102049
:1005B00001900D2000900D23E278521CD2B204214C
:1005C000300002F00AF8DFF82C09006AE86024E045
:1005D000A51C0622290014F1080001F059FBF020A7
:1005E0000390002002901D2001901D2000901D23EB
:1005F00000220821280001F0F0FFDFF8FC48FF216D
:10060000DFF8FC05C06802F09DFB84ED000A0422BF
:100610002100032003F0E0F8FFE7D6E0E0780028AF
:1006200002D001281FD03EE0A61C0622310014F1A2
:10063000080001F02DFBDFF8C855F220039015F1FA
:100640000C000290102001900D2000900E23E27803
:10065000521CD2B20421300001F0BFFFDFF8500B72
:10066000006AE8601FE0A51C0622290014F10800BA
:1006700001F00EFBF0200390002002901D2001905D
:100680001D2000901D2300220821280001F0A5FF55
:10069000DFF86818DFF86805C068086004220420E5
:1006A00003F09AF8FFE790E0E078002802D00128F4
:1006B0001FD043E0A61C0622310014F1080001F00F
:1006C000E7FADFF83C55F220039015F10C00029098
:1006D000102001900D2000900F23E278521CD2B21E
:1006E0000421300001F079FFDFF80808406AE86073
:1006F00024E0A51C0622290014F1080001F0C8FA24
:10070000F0200390002002901D2001901D200090F9
:100710001D2300220821280001F05FFFDFF8D847E1
:10072000FF21DFF8DC04C06802F00CFB84ED000A56
:1007300004222100052003F04FF8FFE745E0E078B0
:10074000002802D001281FD03EE0A61C062231005E
:1007500014F1080001F09CFADFF8A454F220039091
:1007600015F10C000290102001900D200090102334
:10077000E278521CD2B20421300001F02EFFDFF8E3
:10078000300A806AE8601FE0A51C0622290014F1E7
:10079000080001F07DFAF0200390002002901D2057
:1007A00001901D2000901D2300220821280001F047
:1007B00014FFDFF84817DFF84804C0680860042217
:1007C000062003F009F8FFE7FFE718E22079122876
:1007D00009D0C0F02581142800F095804ED315284B
:1007E00000F0DA801CE1E078002802D001281FD058
:1007F00043E0A61C0622310014F1080001F048FA7B
:10080000DFF8FC53F220039015F10C000290152044
:100810000190122000901223E278521CD2B20521DE
:10082000300001F0DAFEDFF8CC06806AE86024E0F0
:10083000A51C0622290014F1080001F029FAF02075
:100840000390002002901D2001901D2000901D2388
:1008500000220821280001F0C0FEDFF89C46FF219D
:10086000DFF89C03C06802F06DFA84ED000A0422F0
:100870002100072002F0B0FFFFE7D1E0E078002878
:1008800002D001281FD03DE0A61C0622310014F141
:10089000080001F0FDF9DFF86853F220039015F12C
:1008A0000C00029015200190122000901323E27892
:1008B000521CD2B20521300001F08FFEDFF8F008A3
:1008C000006BE8601EE0A51C0622290014F1080058
:1008D00001F0DEF9F0200390002002901D2001902D
:1008E0001D2000901D2300220821280001F075FE24
:1008F000DFF80816C248C06808600422082002F029
:100900006BFFFFE78CE0E078002802D001281ED0C2
:1009100041E0A61C0622310014F1080001F0B8F9EC
:10092000B74DF220039015F10C00029015200190B4
:10093000122000901423E278521CD2B2052130001C
:1009400001F04BFEDFF8AC05C06AE86023E0A51CAF
:100950000622290014F1080001F09AF9F020039012
:10096000002002901D2001901D2000901D230022D8
:100970000821280001F031FEDFF87C45FF21A04866
:10098000C06802F0DFF984ED000A0422210009208A
:1009900002F022FFFFE743E0E078002802D00128C0
:1009A0001ED03CE0A61C0622310014F1080001F024
:1009B0006FF9934DF220039015F10C000290152071
:1009C0000190122000901523E278521CD2B205212A
:1009D000300001F002FEDFF8D807806BE8601EE00F
:1009E000A51C0622290014F1080001F051F9F0209D
:1009F0000390002002901D2001901D2000901D23D7
:100A000000220821280001F0E8FDDFF8F0147C48FE
:100A1000C068086004220A2002F0DEFEFFE7FFE75C
:100A2000EDE02079172802D018283FD07DE0E0784B
:100A3000002802D001281ED037E0A61C0622310073
:100A400014F1080001F024F96D4DF220039015F126
:100A50000C00029018200190172000901723E278D4
:100A6000521CD2B20621300001F0B7FDDFF8840439
:100A70008069E86019E0A51C0622290014F108002D
:100A800001F006F9F0200390002002901D20019053
:100A90001D2000901D2300220821280001F09DFD4B
:100AA0000120DFF850140870FFE73EE0E0780028EE
:100AB00002D001281ED037E0A61C0622310014F116
:100AC000080001F0E5F84E4DF220039015F10C00FE
:100AD000029018200190172000901823E278521CF1
:100AE000D2B20621300001F078FDDFF80804C069B9
:100AF000E86019E0A51C0622290014F1080001F0A5
:100B0000C7F8F0200390002002901D2001901D20C6
:100B100000901D2300220821280001F05EFD012025
:100B2000DFF8D0130870FFE7FFE768E0207A0328BA
:100B300006D063D305285ED05DD3062830D05DE0B3
:100B40000320DFF8B0130870A07A0A2802D00B281F
:100B500009D024E0DFF85C0641782948C068C0B2BB
:100B600003F0F2FA1BE000200100C9B20B290FDAF2
:100B7000DFF844160200D2B251F82210204AD2689F
:100B8000914203D1DFF82C16487001E0401CEBE7DE
:100B9000DFF820064178007803F0D6FAFFE72DE071
:100BA0000320DFF850130870A07A172802D0182805
:100BB00010D01FE0DFF8F805D0ED060A1048C06835
:100BC000642190FBF1F000EE100AB8EEC00A02F0CA
:100BD00090FE0FE00A48C068642190FBF1F000EE3F
:100BE000100AF8EEC00ADFF8C80590ED050A02F019
:100BF00080FEFFE702E002F0DFFDFFE7FFE77FBDD9
:100C000094250020000400480008004878260020B1
:100C100020260020EC2500201FB5DFF8A045A07895
:100C200000280BD002281BD009D3042873D024D36A
:100C3000062800F02981C0F0C38058E157E1DFF8B1
:100C4000B002DFF87C15CA68825C521CCB68C254C3
:100C5000CA68825C3A2A02DB3022C968425446E103
:100C600060792179884202D22079401E2071F122D8
:100C70000021A01C01F08EFC39E1E07800280CD1A5
:100C800060792179884202D22079401E2071F122B8
:100C90000021A01C01F07EFC3CE020790A2802D053
:100CA0000B2812D036E0E078002802D0012801D0CD
:100CB0000AE009E0DFF80805C168B1F5807F02DAD3
:100CC000C168491CC160FFE724E0E078002802D039
:100CD000012801D01EE01DE000210800C0B20B2851
:100CE00017DADFF8D424DFF8D8040B00DBB252F8AF
:100CF0002330C468A3420AD10B00DBB20A2B06DA08
:100D00000B00DBB202EB83025268C26001E0491CB7
:100D1000E3E7FFE7EBE0E07800280CD16079217988
:100D2000884202D22079401E2071F1220021A01CAD
:100D300001F030FC43E020790D2806D03FD30F2886
:100D400020D010D310282BD039E0E078002802D032
:100D5000012801D006E005E0DFF86404C168491C01
:100D6000C160FFE72BE0E078002802D0012801D025
:100D700007E006E0DFF83804C06BDFF84414C86011
:100D8000FFE71CE0E078002802D0012801D006E04F
:100D900005E0DFF82C04C168491CC160FFE70EE0E4
:100DA000E078002802D0012801D007E006E0DFF853
:100DB0000004C06BDFF80814C860FFE7FFE796E0A7
:100DC000E07800281BD160792179884208D2207907
:100DD000401E2071F1220021A01C01F0DBFB52E03B
:100DE000F120039000200290102001900D2000902F
:100DF000102300220421A01C01F0EFFB43E0207926
:100E0000122806D03FD3142820D010D315282BD079
:100E100039E0E078002802D0012801D006E005E0A2
:100E2000DFF89C03C168491CC160FFE72BE0E07854
:100E3000002802D0012801D007E006E0DFF87003A7
:100E4000C06BDFF87C13C860FFE71CE0E078002887
:100E500002D0012801D006E005E0DFF86403C16894
:100E6000491CC160FFE70EE0E078002802D00128AD
:100E700001D007E006E0DFF83803C06BDFF840136D
:100E8000C860FFE7FFE732E0E07800280CD1607926
:100E90002179884202D22079401E2071F12200215E
:100EA000A01C01F077FB21E02079172802D0182838
:100EB0000ED01BE0E078002802D0012801D006E027
:100EC00005E0DFF8FC02C168491CC160FFE70DE0E6
:100ED000E078002802D0012801D006E005E0DFF824
:100EE000E002C168491CC160FFE7FFE7FFE71FBDE3
:100EF00000000020A824002024260020282600200E
:100F000010B5DFF8B832987800280BD002281BD033
:100F100009D3042870D024D3062800F01781C0F02C
:100F2000C08044E143E1DFF85C08DFF89412CA684E
:100F3000825C521ECB68C254CA68825C302A02DAD4
:100F40003922C968425432E118799979884202D22B
:100F50001879401C1871F1220021981C01F01AFB2D
:100F600025E1D87800280CD118799979884202D2E5
:100F70001879401C1871F1220021981C01F00AFB1D
:100F800039E018790A2802D00B2810D033E0D8783D
:100F9000002802D0012801D008E007E08848C16895
:100FA000012902DBC168491EC160FFE723E0D87850
:100FB000002802D0012801D01DE01CE00A22100008
:100FC000C0B2002816D07C4B7D491000C0B253F847
:100FD0002000CC68A0420BD11000C0B2002807D07E
:100FE0001000C0B203EB800050F8040CC86001E0B0
:100FF000521EE4E7FFE7DAE0D87800280CD1187930
:101000009979884202D21879401C1871F122002186
:10101000981C01F0BFFA43E018790D2806D03FD3A1
:101020000F2820D012D310282DD039E0D8780028EE
:1010300002D0012801D008E007E06148C168012919
:1010400002DBC168491EC160FFE729E0D8780028AB
:1010500002D0012801D005E004E05548C06B584992
:10106000C860FFE71CE0D878002802D0012801D032
:1010700008E007E05248C168012902DBC168491E47
:10108000C160FFE70CE0D878002802D0012801D029
:1010900005E004E04648C06B4949C860FFE7FFE748
:1010A00085E0D87800280CD118799979884202D245
:1010B0001879401C1871F1220021981C01F06AFA7D
:1010C00043E01879122806D03FD3142820D012D339
:1010D00015282DD039E0D878002802D0012801D079
:1010E00008E007E03648C168012902DBC168491EF3
:1010F000C160FFE729E0D878002802D0012801D09C
:1011000005E004E02A48C06B2D49C860FFE71CE0F9
:10111000D878002802D0012801D008E007E028484C
:10112000C168012902DBC168491EC160FFE70CE00C
:10113000D878002802D0012801D005E004E01C483E
:10114000C06B1F49C860FFE7FFE730E0D878002890
:101150000CD118799979884202D21879401C1871FB
:10116000F1220021981C01F015FA1FE018791728C8
:1011700002D018280DD019E0D878002802D0012814
:1011800001D005E004E00E48C168491EC160FFE7D8
:101190000CE0D878002802D0012801D005E004E056
:1011A0000748C168491EC160FFE7FFE7FFE710BDC0
:1011B00068240020240A0020BC040020EC25002024
:1011C0009425002038B584B0DFF8BC45A07800280D
:1011D00011D0022813D00FD3042800F0868011D339
:1011E000062800F04782C0F06481082800F0BA8227
:1011F000C0F0B182C3E2C2E20020A070BFE20020D2
:10120000A070BCE220790A2802D00B2836D06BE00F
:10121000E078002802D0012816D02EE0A51CF1208D
:1012200003900020029008200190052000900523E3
:1012300000220221280001F0D0F90622290014F131
:10124000080000F025FD18E0A51C0622290014F175
:10125000080000F01DFDF1200390DFF8300502903A
:101260000B2001900A2000900A23E078421ED2B29F
:101270000321280001F0B1F9FFE735E0E07800280C
:1012800002D0012816D02EE0A51CF12003900020EA
:1012900002900820019005200090052300220221E1
:1012A000280001F09AF90622290014F1080000F044
:1012B000EFFC18E0A51C0622290014F1080000F03C
:1012C000E7FCF1200390DFF8C80402900B200190A6
:1012D0000A2000900B23E078421ED2B2032128009E
:1012E00001F07BF9FFE7FFE749E220790D2808D0FC
:1012F000C0F0DE800F2870D039D3102800F0A38012
:10130000D6E0E078002802D0012816D02EE0A51CF7
:10131000F120039000200290082001900520009009
:10132000062300220221280001F057F90622290095
:1013300014F1080000F0ACFC18E0A51C06222900FE
:1013400014F1080000F0A4FCF1200390DFF844043D
:101350000290102001900D2000900D23E078421E95
:10136000D2B20421280001F038F9FFE7A0E0E078CC
:10137000002802D0012816D02EE0A51CF1200390F1
:1013800000200290082001900520009006230022F2
:101390000221280001F021F90622290014F1080099
:1013A00000F076FC18E0A51C0622290014F10800C4
:1013B00000F06EFCF1200390DFF8DC0302901020B7
:1013C00001900D2000900E23E078421ED2B204213D
:1013D000280001F002F9FFE76AE0E078002802D077
:1013E000012816D02EE0A51CF120039000200290C9
:1013F00008200190052000900623002202212800E9
:1014000001F0EBF80622290014F1080000F040FC7E
:1014100018E0A51C0622290014F1080000F038FC91
:10142000F1200390DFF874030290102001900D204A
:1014300000900F23E078421ED2B20421280001F070
:10144000CCF8FFE734E0E078002802D0012816D07D
:101450002DE0A51CF12003900020029008200190AF
:1014600005200090062300220221280001F0B5F893
:101470000622290014F1080000F00AFC17E0A51C60
:101480000622290014F1080000F002FCF12003906C
:10149000C3480290102001900D2000901023E078A6
:1014A000421ED2B20421280001F097F8FFE7FFE7BF
:1014B00065E12079122808D0C0F0DB8014286ED0B6
:1014C00038D3152800F0A080D3E0E078002802D0BF
:1014D000012816D02DE0A51CF120039000200290D9
:1014E00008200190052000900623002202212800F8
:1014F00001F073F80622290014F1080000F0C8FB7F
:1015000017E0A51C0622290014F1080000F0C0FB1A
:10151000F1200390A3480290152001901220009022
:101520001223E078421ED2B20521280001F055F8BE
:10153000FFE79EE0E078002802D0012816D02DE0D9
:10154000A51CF120039000200290082001900520A6
:101550000090062300220221280001F03EF8062216
:10156000290014F1080000F093FB17E0A51C0622E7
:10157000290014F1080000F08BFBF12003908A4849
:10158000029015200190122000901323E078421E53
:10159000D2B20521280001F020F8FFE769E0E078E9
:1015A000002802D0012816D02DE0A51CF1200390C0
:1015B00000200290082001900520009006230022C0
:1015C0000221280001F009F80622290014F1080080
:1015D00000F05EFB17E0A51C0622290014F10800AC
:1015E00000F056FBF1200390704802901520019006
:1015F000122000901423E078421ED2B20521280068
:1016000000F0EBFFFFE734E0E078002802D001288B
:1016100016D02DE0A51CF120039000200290082098
:10162000019005200090062300220221280000F0EE
:10163000D4FF0622290014F1080000F029FB17E06E
:10164000A51C0622290014F1080000F021FBF1205E
:101650000390574802901520019012200090152306
:10166000E078421ED2B20521280000F0B6FFFFE765
:10167000FFE784E02079172802D0182835D069E0E8
:10168000E078002802D0012816D02DE0A51CF1201A
:10169000039000200290082001900520009005236F
:1016A00000220221280000F098FF0622290014F1F0
:1016B000080000F0EDFA17E0A51C0622290014F13D
:1016C000080000F0E5FAF12003903A480290182053
:1016D0000190172000901723E078421ED2B2062115
:1016E000280000F07AFFFFE734E0E078002802D01D
:1016F000012816D02DE0A51CF120039000200290B7
:1017000008200190052000900523002202212800D6
:1017100000F063FF0622290014F1080000F0B8FA77
:1017200017E0A51C0622290014F1080000F0B0FA09
:10173000F12003902048029018200190172000907B
:101740001823E078421ED2B20621280000F045FF9F
:10175000FFE7FFE713E0062214F10801A01C00F0E8
:1017600097FA0CE0154D2878022807D0062214F1CC
:101770000801A01C00F08CFA00202870FFE705B0DB
:1017800030BD000000000020EC250020A92400202E
:10179000AC240020C824002088240020CC24002071
:1017A00090240020D024002098240020D42400205D
:1017B000A0240020C0240020C4240020A82400204D
:1017C000F8B4030000250868E840002800F0D7803E
:1017D00001260F6816FA05F007403A00002A00F0CB
:1017E000CC80087910F00300012804D0087910F0AB
:1017F000030002281DD19F685FF0030C2800C0B2CF
:1018000040001CFA00FC37EA0C07D1F80CC0280095
:10181000C0B240001CFA00FC5CEA07079F605868F1
:10182000AE40B0434E68C6F30016AE4030430400ED
:101830005C60087910F0030003280ED0DE680327EF
:101840002800C0B240008740BE438F682800C0B265
:10185000400087403E433400DC60087910F003000C
:10186000022818D12800C00803EB8000066A0F2761
:1018700015F00700C0B280008740BE430F6915F025
:101880000700C0B2800087403E4334002800C008F3
:1018900003EB800004621E6803272800C0B24000EA
:1018A0008740BE430F7917F003072800C0B24000FD
:1018B00087403E4334001C60486810F4403F5CD0D1
:1018C0009548066856F001060660006810F00100B1
:1018D00000900098914F2800800857F820605FF032
:1018E0000F0C15F00300C0B280001CFA00FC36EAB1
:1018F0000C06B3F1904F01D1002414E088488342D4
:1019000001D101240FE08748834201D102240AE07B
:101910008548834201D1032405E08448834201D1F4
:10192000042400E0072415F00300C0B280008440C6
:1019300026432800800847F820607D4C20689043AB
:101940004F68FF0200D5104320607A4E34689443FC
:101950004F68BF0200D514433460774E306890431F
:101960004F68BF0300D510433060744E3468944311
:101970004F68FF0300D5144334606D1C23E7F1BCAE
:1019800070472DE9F041030000250800E8400028D9
:1019900000F0A880012616FA05F008400200002A8F
:1019A00000F09E80DFF874C1280080085CF82000F9
:1019B0000F2715F0030E5FFA8EFE5FEA8E0E17FA00
:1019C0000EFE1EEA00000400B3F1904F02D15FF05A
:1019D000000E19E05248834202D15FF0010E13E07D
:1019E0005048834202D15FF0020E0DE04E48834220
:1019F00002D15FF0030E07E04C48834202D15FF052
:101A0000040E01E05FF0070E15F00300C0B2800085
:101A10001EFA00FE74452CD14848D0F800E03EEA9A
:101A2000020EC0F800E04448D0F800E03EEA020EA2
:101A3000C0F800E03F48D0F800E03EEA020EC0F8EF
:101A400000E03B48D0F800E03EEA020EC0F800E0BB
:101A500015F00300C0B2800017FA00F0040028005F
:101A600080085CF82000A043AE465FEA9E0E4CF86A
:101A70002E005FF0030C1868AE465FFA8EFE5FEA38
:101A80004E0E1CFA0EFE5EEA000018602800C00828
:101A900003EB800E2800C00803EB8000D0F8208004
:101AA00015F00700C0B28000874038EA0707CEF87B
:101AB000207098682F00FFB27F001CFA07F7B84328
:101AC00098605868AE4030EA06065E60DE6828001E
:101AD000C0B240001CFA00FC36EA0C0CC3F80CC083
:101AE0006D1C52E7BDE8F081020010690B009BB24B
:101AF000184201D0012000E00020C0B2704713005E
:101B0000DBB2002B03D00B009BB2836102E00B0021
:101B10009BB28362704700006010024008000140E1
:101B20000004004800080048000C0048001000486D
:101B3000080401400C040140040401400004014079
:101B400038B504000D00DFF8FC010168200000F04A
:101B500006F8A84201D3012000E0002032BD8142F6
:101B600004D25FF0FF32101A081800E0081A70471C
:101B700038B52DED048B08EE100A0C001500DFEDD2
:101B8000438A2800C0B2FB2810DBB8EEC89A2800B0
:101B9000C0B24042C0B200F08BF829EE009A00219A
:101BA0002000B0EE490A00F0B1F80EE0B8EEC89A95
:101BB0002800C0B200F07CF889EE009A2900C9B272
:101BC0002000B0EE490A00F0A1F8BDEC048B31BD55
:101BD00010B400210A00838892B29A4206D20022F1
:101BE00003680C00A4B21A55491CF3E70022828056
:101BF00010BC704710B4040013005A1E9BB2002B97
:101C000002D02170641CF7E710BC704770B5040067
:101C10000D001600DFF8240100782100C9B28842C7
:101C200009D3DFF824211068002804D0310089B2DC
:101C300028001268904770BD38B504000D002800D8
:101C400002F092FC020092B229002000C0B2FFF71D
:101C5000DDFF31BD70B504000D00280002F084FCEA
:101C6000020092B229002000C0B2FFF7CFFFDFF8D8
:101C7000DC603068002807D0280002F075FC010005
:101C800089B228003268904770BD00000000000053
:101C900030B404000D0013005A1E9BB2002B04D078
:101CA0002B7823706D1C641CF5E730BC7047000076
:101CB00010B504002000C0B2FB2816DB2000C0B223
:101CC000D0F5807002F070FC41EC110B9FED200B01
:101CD00002F07FFC53EC102B0020194902F082FC2B
:101CE00002F0A4FD00EE100A0FE02000C0B202F0E6
:101CF000D1FD41EC110B9FED160B02F06AFC51EC8B
:101D0000100B02F093FD00EE100A10BD38B52DED5A
:101D1000028B82B0B0EE408A04000D0018EE100A6B
:101D200002F0C6FDCDE900012A000B49200002F0B7
:101D3000E3FD02B0BDEC028B31BD0000280A00209B
:101D40000000F03F5C260020642600206026002072
:101D5000000000000000244040EF000810B502F031
:101D6000EBFD02F091FE02F0FEFE00F003FDDFF855
:101D70008409DFF884194A1CC0F8F8200A1DC0F84D
:101D8000102111F11002826011F114020262DFF8D9
:101D90006C2912F13C03C0F8283111F12004C0F87D
:101DA000404112F12004C0F8584111F12404C0F858
:101DB000704112F12804C0F88841C0F8A03111F137
:101DC0002803C0F8B83112F13003C0F8D0312C31FB
:101DD000C0F8E81112F13801C0F80012DFF820193C
:101DE0000968C0F87812DFF81C190968C0F8A81251
:101DF00010BD38B5002000242000C0B2062835DA16
:101E0000DFF804592000C0B20001284440780128BE
:101E10002AD12000C0B200012844406800280ED01A
:101E200002F0FAFE2100C9B2090129444968401AAA
:101E30002100C9B2090129448968884214D30020CD
:101E40002100C9B209012944487002F0E5FE2100D1
:101E5000C9B20901294448602000C0B22100C9B2BA
:101E600009012944C9688847641CC5E7002032BDC0
:101E700038B50400DFF894586878002817D102F0CC
:101E80005BFD02F001FE02F06EFE00F073FC8920A3
:101E90000090202307220521DFF8740802F0C2FE1B
:101EA000012068700221DFF8600803F003F80120C8
:101EB00032BD7CB50400DFF85C582878002803D0D8
:101EC000022823D003D33DE003F01EF83AE002F0ED
:101ED000DBFD89200090202307220521DFF8300850
:101EE00002F0A0FEDFF8302801212C2002F0B4FF20
:101EF000DFF828280221082002F0AEFF02F033FEAE
:101F000041F28830DFF8001888611BE00120DFF81B
:101F1000FC17487089200090202307220521DFF854
:101F2000F00702F07FFEDFF8E0670221300002F0E8
:101F3000C1FF0321300002F0BDFF0421300002F098
:101F4000B9FFFFE72878401C28702100C9B2DFF8EC
:101F5000B80702F0BEFF012076BD70B5040000F0A6
:101F60009FF8DFF8A8576878012803D1A87800F017
:101F7000EAFA04E00021DFF8900702F09BFFDFF8A7
:101F8000A007A9780278914207D0A9780170DFF8FC
:101F900094070068DFF890170860A878092812D124
:101FA000DFF884674FF4FA613068FFF7C9FD012854
:101FB00009D1DFF8700700683060062215F10801CA
:101FC000A81CFFF765FE2100C9B2DFF83C0702F04C
:101FD00080FF012070BD10B50400DFF85017DFF856
:101FE00050070069FFF7ACFD012827D1DFF844074F
:101FF0000178012905D1002101700020DFF80C17BC
:102000008870DFF834070188491C018042F21071A2
:10201000DFF8F4262300DBB21B011A449268B1FBFF
:10202000F2F102888A420DD300210180DFF8DC162C
:102030008878002806D00020887003E00120DFF8AF
:10204000F41608702100C9B2DFF8BC0602F041FFA7
:10205000012010BD38B50400FEF7B2F8DFF8D05605
:10206000287A012808D10521DFF89C0602F022FF1A
:10207000DFF8B006006828612100C9B2DFF88806E1
:1020800002F027FF012032BD10B50400FEF77EF8F4
:10209000DFF89C060021017000210172012010BDB3
:1020A000DFF85406DFF894160A784270DFF89026BD
:1020B000497852F8211041609FED2A0ADFF83C165A
:1020C000D1ED010A60EE800AFDEEE00AC0ED020AE1
:1020D000D1ED020A60EE800AFDEEE00AC0ED030ACF
:1020E000D1ED030A60EE800AFDEEE00AC0ED040ABD
:1020F000D1ED040A60EE800AFDEEE00AC0ED050AAB
:10210000D1ED050A60EE800AFDEEE00AC0ED060A98
:10211000D1ED060A60EE800AFDEEE00AC0ED070A86
:10212000D1ED070A60EE800AFDEEE00AC0ED080A74
:10213000D1ED090A60EE800AFDEEE00AC0ED090A61
:10214000D1ED0B0A60EE800AFDEEE00AC0ED0A0A4E
:10215000D1ED0D0A20EE800ABDEEC00A80ED0B0A1B
:10216000704700000000C8422DE9F84F8AB0060011
:102170002021002202AC200002F0D0FE0024002525
:102180005FF0000A00208DF804001827DFF864854E
:102190003000C0B27843404490F815903000C0B28F
:1021A000784340444068002842D001213000C0B24A
:1021B00000F072F900280ED13000C0B278434044DC
:1021C00042683000C0B278434044017D4846C0B206
:1021D00002F042FE1EE05FF0000B3000C0B2784318
:1021E0004044406802F0C0F95946C9B2814207D262
:1021F000202002A95A46D2B288541BF1010BECE709
:1022000002AA3000C0B278434044017D4846C0B2C3
:1022100002F022FE3000C0B278434044406802F031
:10222000A3F9DFF820150979491C484310FA89F908
:102230003000C0B2784340448068002800F0038139
:102240003000C0B278434044007B00280BD0022805
:102250001ED012D3042830D024D3062844D036D33D
:1022600007283ED042E03000C0B278434044806846
:102270000078002104000D0038E03000C0B278433F
:102280004044806890F90000C11704000D002DE063
:102290003000C0B2784340448068008800210400C8
:1022A0000D0023E03000C0B2784340448068B0F9AC
:1022B0000000C11704000D0018E03000C0B27843E0
:1022C000404480680068002104000D000EE03000EA
:1022D000C0B27843404480680068C11704000D0014
:1022E00004E00120824601E0022082465046C0B24E
:1022F00000280CD13000C0B278434044407B4042BB
:102300000200D2B202A92000FFF732FC26E05046BC
:10231000C0B201281AD13000C0B27843404480686E
:1023200002F022F9202819D23000C0B2784340448C
:10233000806802F019F9020092B23000C0B278430E
:102340004044816802A8FFF7A3FC07E03000C0B258
:1023500078434044806800788DF8080002213000FE
:10236000C0B200F099F8012823D13000C0B2784300
:102370004044807DC0B200098DF804009DF804003F
:102380000F2805D0202002A99DF80420885410E0D1
:102390005FF0000B02A802F0E7F85946C9B281428B
:1023A00007D2202002A95A46D2B288541BF1010B51
:1023B000F0E73000C0B2002829D1392000902E2348
:1023C00015220F21DFF8800302F0DCFD02AA3000A5
:1023D000C0B278434044017D4846C0B202F07CFF61
:1023E0005A200090412311221121DFF8600302F0EE
:1023F000C9FDA6A20721642002F06EFF892000908B
:10240000202307220521C24802F00CFC11E089209C
:102410000090202307220521BD4802F003FC02AAF8
:102420003000C0B278434044017D4846C0B202F05B
:1024300013FD02A802F098F8C2490979491C4843E3
:1024400010FA89F081463000C0B2784340440069F8
:1024500000281ED03000C0B2784340448068002875
:1024600017D03000C0B2784340448068B8498842F1
:102470000FD03000C0B27843404402693000C0B28F
:1024800007FB00F708EB0700017D4846C0B202F0E9
:10249000E3FC0BB0BDE8F08FF8B504000D009549E2
:1024A0002200D2B21820424301EB0200817D2800B5
:1024B000C0B201402800C0B2814230D17C26A54F75
:1024C0004FF496712800C0B2704338442200D2B253
:1024D00050F82200FFF734FB01282BD12800C0B2AE
:1024E00006FB00F607EB06002100C9B28D4A126810
:1024F00040F8212098492A00D2B21F2042430A44C2
:102500002300DBB22E00F6B21F20464301EB06008B
:102510002100C9B2405CD0F10100D0540AE08E49DC
:102520002A00D2B21F20424301EB02002100C9B2AF
:10253000002242548849EDB21F20454301EB0500BB
:10254000E4B2005DF2BD70B50400002602F09CFA12
:102550002000C0B200F073F82000C0B200F098F87C
:102560000025280080B21F2811DA62492A0092B2A1
:102570001820424301EB0200C07D2100C9B288420D
:1025800003D12800C0B2FFF7EFFD6D1CE9E702F0B0
:10259000EAFA70BDF0B44271C47803792500EDB257
:1025A000AB420AD3F025534E2700FFB218235F43F6
:1025B00006EB07039D75641CEFE718234D4C8578E7
:1025C0005D4325444679AE75002904D0857803FB28
:1025D00005F323449960F0BC70472DE9F84F0700DC
:1025E000884691469A460A9E0B9DDDF830B00D9CB8
:1025F00087F8008087F8019087F802A0FE703D718F
:102600002200D2B259463800FFF7C4FFBDE8F18F6F
:1026100010B4010000221000C0B204280CD2100037
:10262000C0B2085C4D4B1400E4B21B5D984201D06F
:10263000002002E0521CEEE7012010BC704770B58C
:1026400004002000C0B200281ED12C4800780028C9
:102650000DD1284D25A63200297D782002F0FCFB03
:10266000320095F82C10782002F0F6FB0CE020A642
:10267000204D3200297D782002F0EEFB320095F8E3
:102680002C10782002F0E8FB70BD00004D00000027
:102690000100C9B2082924D117490978002906D0B8
:1026A00002290ED008D3042915D00FD318E02C49E5
:1026B000104AC2F8C01218E02A490E4AC2F8C012E5
:1026C00013E029490B4AC2F8C0120EE02749094A13
:1026D000C2F8C01209E02649064AC2F8C01204E056
:1026E00003E01F49034AC2F8C012704720000000EF
:1026F0004E000000C8000020A8240020682400200C
:10270000480400206C0000200C000020EC25002074
:10271000E0E100087926002028ED000868E90008BB
:102720007A2600205C26002038260020C0270900D9
:10273000942500207B2600206C260020240A0020FF
:10274000BC040020FC250020B8DF000818D60008D3
:10275000260A0020DC1C002030230020740000200A
:10276000780000208800002098000020A8000020A9
:10277000B800002080B5A02002F0A2F9AE2002F03F
:102780009FF9C02002F09CF9A12002F099F9A22043
:1027900002F096F92F2002F093F9212002F090F92F
:1027A000282002F0A7F9AF2002F08AF901BD30B469
:1027B000002513E050F8042BD30744BFA9F101030F
:1027C0009A18091F042942F8045BFAD213468C07B1
:1027D00044BF15809B1CC90748BF1D7050F8041BDF
:1027E0000029E7D130BC704701000800C0B20028C2
:1027F00001D1012021E00800C0B2FF2801D10A2048
:102800001BE00800C0B2FE2801D1642015E00800DA
:10281000C0B2FD2802D14FF47A700EE00800C0B2B9
:10282000FC2802D142F2107007E00800C0B2FB2879
:1028300002D1DFF8C00600E0012070472DE9F24F19
:1028400082469346002000210A260027B046B9465A
:10285000009A1588BBF1000F08D5DBF100042D208C
:102860002A0092B20AF802006D1C00E05C462000CB
:10287000002142464B4602F04DFD002901D10028BF
:1028800008D0A6FB080106FB091107FB08118046CA
:102890008946ECE7404649460A22002302F03AFD09
:1028A00006000F00002F01D1002E28D020000021AB
:1028B00032003B0002F02EFD3030290089B20AF8C8
:1028C00001006D1CA0465FF00009200000213200CD
:1028D0003B0002F01FFDA6FB002306FB013307FBB4
:1028E0000033B8EB020079EB03010400300039003B
:1028F0000A22002302F00EFD06000F00D2E7009826
:1029000005802800C0B2BDE8F28F2DE9FE4F060019
:102910000F0090460020ADF80000002000240021A8
:102920005FF0000BB7F80090B8F1000F02D5D8F1B6
:10293000000500E04546424639003000FFF77EFFC3
:10294000B7F800A0002D4FD09DF80800FFF74CFF0E
:1029500001008D4205D20A2045431BF1010B002DD9
:10296000F7D15846C0B2002821D050460200D2B25A
:10297000324412F8012C2D2A06D00200D2B24B4666
:1029800092B29BB29A4208D130220300DBB2F254D9
:102990001AF1010ABBF1010BE3E70200D2B23244A3
:1029A00012F8012C0300DBB2F254401EDEE70A20CD
:1029B000B1FBF0F450468346002C15D00A20B4FB3E
:1029C000F0F45846C0B2304410F8010C5946C9B270
:1029D0007054BBF1010B002CEED12E205946C9B228
:1029E00070541AF1010AE7E7A7F800A05046C0B2F8
:1029F000BDE8FE8FF0B4049C00252E00B6B2A642BE
:102A00000BD20E88771C0F802F00BFB217FA83F706
:102A1000D75DB6B287556D1CEFE7F0BC704700007C
:102A20002DE9F34F81B02DED028B9FED658A0024D7
:102A300001250026F7EE008A00273800C0B22028C2
:102A400064DA0398F84010F0010004003800C0B2C6
:102A5000172829DA18EE900A01F02AFF82468B46E1
:102A60002000C0B201F016FF804689463800C0B28F
:102A7000D0F117005FF0FF31484301F095FD41ECC4
:102A8000110B9FED500B01F0A4FD51EC100B4246D1
:102A90004B4602F057FD52465B4602F025FE01F020
:102AA000C5FE08EE900A2FE03800C0B21F2824DAD5
:102AB0003000C0B201F0EEFE82468B462000C0B26C
:102AC00001F0E8FE804689463800C0B2173801F0B0
:102AD0006BFD41EC110B9FED3B0B01F07AFD51ECCE
:102AE000100B42464B4602F02DFD52465B4602F06B
:102AF000FBFD02F0B7FE060006E02000C0B2012890
:102B000002D15FF0FF3005007F1C96E7280040B23D
:102B100001F04AFD804689463000C0B27F3801F09E
:102B200043FD41EC110B9FED270B01F052FD51ECE1
:102B3000100B42464B4602F005FD8046894618EED2
:102B4000900A01F0B5FE42464B4602F0FBFC01F054
:102B50006DFE00EE100A049880ED000ABDEC028BB9
:102B6000BDE8F78F70B40300002200240020002588
:102B70002A000E00D2B2F6B2B2421FD22A00D2B25E
:102B80009A5C302A0ADB2A00D2B29A5C3A2A05DA29
:102B90002A00D2B29A5C303A140001E000221400FC
:102BA0002A00D2B2002A03D12200D2B2100003E0E0
:102BB0000A22504350FA84F06D1CD9E770BC70476C
:102BC000000000000000000000000040F8B52DEDFE
:102BD000028B82B004000D000020009000269FEDC3
:102BE0004E8A0027DFED568A69462000FFF718FF5E
:102BF0002800C0B200280AD0FB2836D0FC282BD0F1
:102C0000FD2820D0FE2815D0FF2809D036E09FED02
:102C1000420AB0EE408A9FED4A0AF0EE408A2DE06B
:102C20000A2000EE100AB0EE408A9FED3C0AF0EE5A
:102C3000408A23E09FED3A0AB0EE408A9FED390AC0
:102C4000F0EE408A1AE09FED380AB0EE408A9FED20
:102C5000370AF0EE408A11E09FED350AB0EE408A67
:102C60009FED340AF0EE408A08E09FED330AB0EEA3
:102C7000408A9FED320AF0EE408AFFE79DED000AA0
:102C8000B5EE400AF1EE10FA1BDBB8EE480ADDEDB6
:102C9000000A20EE200AF2EE040A20EE200ABCEE22
:102CA000C00A10EE100A0A22B0FBF2F102FB110179
:102CB000052923D39DED000A30EE280A8DED000A88
:102CC0001CE0B8EE480ADDED000AF1EE600A20EEE5
:102CD000800AF2EE040A20EE200ABCEEC00A10EED2
:102CE000100A0A22B0FBF2F102FB1101052905D3FB
:102CF0009DED000A30EE680A8DED000AB8EE480A34
:102D0000DDED000A20EE200ABDEEC00A10EE100A2A
:102D100002B0BDEC028BF2BD01000000CDCCCC3D79
:102D2000640000000AD7233CE80300006F12833AD6
:102D30001027000017B7D138A0860100ACC527378F
:102D4000000000002DE9F0412DED028B07000E0080
:102D50009FED678A3000C0B200280BD0FB2800F03E
:102D60009E80FC2877D0FD2851D0FE282CD0FF284B
:102D700007D0B7E000EE107AB8EEC00AB0EE408A95
:102D8000B0E00A2097FBF0F000EE100AB8EEC00A9F
:102D90005FF00A0810EE100A01F08AFD04000D0031
:102DA00097FBF8F008FB1078404601F0FDFB524A13
:102DB000524B02F0C7FB22002B0002F095FC01F001
:102DC00035FD08EE100A8DE0642097FBF0F000EE70
:102DD000100AB8EEC00A5FF0640810EE100A01F0A5
:102DE00067FD04000D0097FBF8F008FB10784046E3
:102DF00001F0DAFB424A434B02F0A4FB22002B0015
:102E000002F072FC01F012FD08EE100A6AE04FF4C5
:102E10007A7097FBF0F000EE100AB8EEC00A4FF49B
:102E20007A7810EE100A01F043FD04000D0097FBC4
:102E3000F8F008FB1078404601F0B6FB324A334BFD
:102E400002F080FB22002B0002F04EFC01F0EEFCB1
:102E500008EE100A46E042F2107097FBF0F000EE28
:102E6000100AB8EEC00A42F2107810EE100A01F013
:102E70001FFD04000D0097FBF8F008FB107840469A
:102E800001F092FB224A234B02F05CFB22002B0054
:102E900002F02AFC01F0CAFC08EE100A22E01548F4
:102EA00097FBF0F000EE100AB8EEC00ADFF844809D
:102EB00010EE100A01F0FCFC04000D0097FBF8F086
:102EC00008FB1078404601F06FFB134A134B02F0E9
:102ED00039FB22002B0002F007FC01F0A7FC08EEF2
:102EE000100AFFE7B0EE480ABDEC028BBDE8F081A6
:102EF00000000000A08601009A9999999999B93F1C
:102F00007B14AE47E17A843FFCA9F1D24D62503F79
:102F10002D431CEBE2361A3FF168E388B5F8E43E36
:102F200010B42DED010A00206A460023042B07D2BD
:102F3000D45C1900C9B2C9008C4020435B1CF5E782
:102F400012BC704701000120704730B587B0040003
:102F50001421002202AD280001F0E0FFDFF8E40AAE
:102F6000D0E90023CDE9002302A80090DFF8D85A69
:102F70002978684600F055FA28786870BDF8041082
:102F8000009800F098FCDFF8C40A8078001F012840
:102F900009D82878022803DA2878401C287001E034
:102FA0000020287001E000202870DFF8445C022136
:102FB000280001F07FFF0321280001F08AFF210093
:102FC000C9B2280001F085FF012007B030BD10B55F
:102FD0000400DFF8201B8888002810D0DFF8180BC9
:102FE00002888B889A4208D1002101800221DFF8F3
:102FF000000C01F05FFF012008E0898801802100BA
:10300000C9B2DFF8EC0B01F064FF012010BD2DE91F
:10301000F041040000250026DFF8D87AB88803289C
:103020003DDB3868B988084410F8010C3968BA8863
:10303000114411F8021C51EA00210E00B988891EC2
:10304000386802F02CFC05002800310080B289B2FB
:1030500088421DD10321DFF8980B01F03AFF386850
:10306000007806280DD1DFF8E089012198F80100E9
:1030700000F0F0F998F80120D7E9000100F0DAF942
:1030800013E00021DFF8C009407800F0E3F90CE01C
:103090000021DFF8B409407800F0DCF905E00021F8
:1030A000DFF8A409407800F0D5F9DFF89C094078F2
:1030B00000F034F80221DFF8380B01F01CFF01208A
:1030C000BDE8F0810100DFF8180C0278032A01D076
:1030D000042202700120704710B504002100C9B21B
:1030E000DFF8000C01F0F5FE012010BD10B5040062
:1030F0002100C9B2DFF8EC0B01F0EBFE012010BD9E
:1031000010B50400DFF8EC0A02F0AAFD2100C9B2F4
:10311000DFF8D00B01F0DDFE012010BD38B52DED3C
:10312000028B04009FEDBB8A2000C0B200283ED174
:10313000DFF88C5C95ED010ABDEEC00A10EE100AB6
:1031400000F09EF885ED010A95ED010A00F002F904
:1031500085ED030A95ED020A00F062F985ED040A97
:1031600095ED040AD5ED060A30EE200A85ED040A35
:1031700095ED030AD5ED050A30EE200AB0EE408A3F
:103180009FEDA50AB4EE408AF1EE10FA02DB9FED46
:10319000A30A09E0B5EE408AF1EE10FA02D59FEDE0
:1031A0009D0A01E0B0EE480A85ED030AFFE7DFF86B
:1031B000105C2878002807D10020686095ED010A8E
:1031C00000F0C8F885ED030A2878002807D1002010
:1031D000A86095ED020A00F023F985ED030ABDEC25
:1031E000028B31BD2DE9F04100242500EDB20A2DFE
:1031F00043DA00252E00F6B2092E3CDA2E00F6B294
:1032000001EB860676682F00FFB251F82770BE42A8
:103210002FDA00262F00FFB251F82770AC465FFA74
:103220008CFC01EB8C0CDCF804C0AE465FFA8EFE21
:1032300041F82EC0AC465FFA8CFC01EB8C0CCCF84C
:103240000470AC465FFA8CFC50F82CC0AE465FFAB6
:103250008EFE00EB8E0EDEF804E0A8465FFA88F8DA
:1032600040F828E0AE465FFA8EFE00EB8E0ECEF8F8
:1032700004C06D1CBEE7641CB7E7BDE8F081000028
:1032800038B52DED028B04009FED628ADFF8581AE5
:10329000087800282AD10120087000210800C0B257
:1032A0000A2815DA0800C0B2DFF8A02B0B00DBB249
:1032B00042F82300DFF8342A0800C0B252F8200098
:1032C000002803D10800C0B242F82040491CE5E7BD
:1032D000DFF8185A092300222900DFF8700BFFF7E6
:1032E00081FF95ED050AB8EEC00A30E0002001002C
:1032F000C9B20A291EDADFF8541B0200D2B251F813
:103300002220092A0BD100220300DBB241F823203E
:10331000DFF8D8190200D2B241F8224008E00200DA
:10332000D2B251F82220521C0300DBB241F8232014
:10333000401CDCE7DFF8B459092300222900DFF83C
:103340000C0BFFF74FFF95ED050AB8EEC00ABDEC78
:10335000028B31BDF0EE400A9FEDAE1A9FEDAE3A02
:10336000DFED2C3AF5EE400AF1EE10FA40D0F0EE27
:10337000603A9FEDAA0ADFF8DC0A90ED004A34EECD
:10338000634AB4EE404AF1EE10FA08DA90ED004AD2
:1033900033EEC44AB4EE404AF1EE10FA03DB9FED7F
:1033A0001F0A21EE001ADFF8B00A90ED000AF0EED5
:1033B000401ADFF8A81A91ED000A30EE010AB0EECB
:1033C000402A32EE030A82EE000AF0EE402A33EE83
:1033D000E10AB0EE614A00EE224A80ED004AB7EE03
:1033E000000A30EE620A20EE020A81ED000A08E0CF
:1033F000DFF8680A5FF07E510160DFF85C0A0021A7
:103400000160DFF8540ADFF84C1A02680A6090ED98
:10341000000A70470000000001007A4400007A446E
:10342000704738B504000D002900C9B2200000F033
:103430001BF831BD70B504000D00160020000078A7
:10344000C0B2062805D13200D2B22000290000F017
:10345000E7F870BD38B504000D002900C9B220009E
:10346000C0B200F058F931BD3EB504000D0028008F
:10347000C0B2002812D0022822D018D304283CD091
:1034800027D3062861D04CD3082800F0868070D35B
:103490000A2800F0AA80C0F09480BAE004200090CE
:1034A000012303220621200002F017FAB1E00220D6
:1034B0000090132303220621200002F00EFAA8E058
:1034C00008200090242303220621200002F005FAA0
:1034D0009FE0DFF88C09818804290DD101680191F2
:1034E0008088022190FBF1F080B20090242310220A
:1034F0000621200002F03FFA8BE0DFF864098188A2
:1035000004290DD1016801918088022190FBF1F01E
:1035100080B20090262310220621200002F02BFA10
:1035200077E0DFF83C09818804290DD10168019119
:103530008088022190FBF1F080B2009028231022B5
:103540000621200002F017FA63E0DFF814098188F1
:1035500004290DD1016801918088022190FBF1F0CE
:1035600080B200902A2310220621200002F003FAE4
:103570004FE0DFF8EC08818804290DD10168019142
:103580008088022190FBF1F080B20090312310225C
:103590000621200002F0EFF93BE0DFF8C408818843
:1035A00004290DD1016801918088022190FBF1F07E
:1035B00080B20090332310220621200002F0DBF9B4
:1035C00027E0DFF89C08818804290DD1016801916A
:1035D0008088022190FBF1F080B200903523102208
:1035E0000621200002F0C7F913E0DFF87408818893
:1035F00004290DD1016801918088022190FBF1F02E
:1036000080B20090372310220621200002F0B3F987
:10361000FFE737BD95BFD63317B7D138CDCC4C3E79
:103620002DE9F84F04000D0016000020ADF8000051
:1036300000273000C0B2002807D0401E21D0401E15
:1036400030D0401E072861D963E00320ADF80000A8
:1036500004226946200000F0FBF88046DFF8049859
:1036600019F104014046FFF7DBF904226946200006
:1036700000F0EEF8070019F108013800FFF7D0F963
:1036800047E00320ADF8000004226946200000F066
:10369000DFF8070000213800FFF798FADFF8C417B9
:1036A000C86336E00320ADF800000422694620001C
:1036B00000F0CEF88046DFF8ACB71BF11C014046A5
:1036C000FFF7AEF904226946200000F0C1F88146F8
:1036D00000214846FFF77AFACBF820000422694619
:1036E000200000F0B5F882461BF124015046FFF798
:1036F00097F904226946200000F0AAF8070000218B
:103700003800FFF763FACBF8280002E000F049F830
:10371000FFE7BDE8F18F0200D2B2002A0A2A1BD8C7
:103720000A00D2B2012A0ED1DFF89426002353708A
:10373000012313700200D2B2002A0CD10122DFF85B
:103740002837DA7007E0DFF878265378032B02DA9F
:1037500053785B1C5370FFE7DFF864365A78002A11
:103760001ED05A78032A1BDB00221A7000225A60EE
:1037700000229A600022DA6100221A6200225A6254
:1037800000229A620022DA6200221A6300225A633F
:1037900000229A630022DA630022DFF8CC36DA7066
:1037A000704780B50320DFF8381508700421DFF872
:1037B000340501F0A0FB01BD80B5DFF8B00600784C
:1037C000A14908700220DFF8181508700421DFF8FD
:1037D000140501F07EFB01BD2DE9F04104000D0050
:1037E00016002F00DFF878864046FEF7F1F930002A
:1037F00080B2022802D004280BD01DE07878D8F8D7
:10380000001008703878D8F800104870A8F80460E4
:1038100015E07878D8F8001008703878D8F80010DB
:103820004870F878D8F800108870B878D8F8001088
:10383000C870A8F8046002E00020A8F80400DFF8CF
:103840002C0604700120DFF828160870BDE8F0810E
:10385000F0B4030000200C881500EDB2042D16D141
:103860002500ADB21D44AE782500ADB21D44ED7803
:1038700055EA06252600B6B29E5D2700BFB21F445A
:103880007F7857EA062757EA054738000DE015000C
:10389000EDB2022D09D12500ADB25D5D2600B6B2B4
:1038A0001E44767856EA052630000D8855FA82F5D2
:1038B0000D80F0BC704770B504000D00DFF8B465F2
:1038C00001224FF480513000FEF719F90A2002F06E
:1038D000CFF94FF47A732A0092B22100DFF89805ED
:1038E00002F017FA00224FF480513000FEF707F97A
:1038F00070BD2DE9F0412DED028B8EB0F0EE408AC7
:10390000B0EE608A322100226C46200001F006FBF6
:10391000002700240025DFF8A884C8ED058A88ED7B
:10392000068A98ED050AFFF7FBFA060098ED060AED
:10393000FFF7F6FA804668463100090E3A00D2B227
:1039400081547F1C3100090C3A00D2B281547F1C93
:103950003100090A3A00D2B281547F1C3900C9B241
:1039600046547F1C4146090E3A00D2B281547F1C56
:103970004146090C3A00D2B281547F1C4146090AE3
:103980003A00D2B281547F1C3900C9B200F80180DC
:103990007F1C3A00D2B292B26946DFF8E00403F02D
:1039A0002FFA0EB0BDEC028BBDE8F08170B500249B
:1039B0000025DFF8C8040078C0B2FF283AD0DFF84D
:1039C000C0040178C9B20906DFF8B8040078C0B2B3
:1039D00051EA0041DFF8B0040078C0B251EA00219A
:1039E000DFF8A8040078C0B201430C00DFF8A0049F
:1039F0000178C9B20906DFF89C040078C0B251EA28
:103A00000041DFF894040078C0B251EA0021DFF8E9
:103A10008C040078C0B201430D00DFF8486416F151
:103A200014012000FEF7FCFF16F118012800FEF734
:103A3000F7FF05E0DFF82C040021416100218161DE
:103A400070BD0000F8EE000874260020EC25002070
:103A500070B500240025DFF84C040078C0B2FF28C0
:103A60003DD0DFF83C64DFF8400400783070DFF8C8
:103A70003C040178C9B20906DFF834040078C0B20A
:103A800051EA0041DFF82C040078C0B251EA00216D
:103A9000DFF824040078C0B201430C00DFF81C04F6
:103AA0000178C9B20906DFF818040078C0B251EAFB
:103AB0000041DFF810040078C0B251EA0021DFF8BD
:103AC00008040078C0B201430D0016F1080120007F
:103AD000FEF7A6FF311D2800FEF7A2FF09E0DFF880
:103AE000C00300210170DFF8E4138160DFF8E01308
:103AF000416070BDD40900207226002078B591B0D5
:103B000004000D003C21002202AE300001F006FA54
:103B10000020ADF8040003211A2000F015FB0B2053
:103B200000900023DFF8AC2301A902A8FEF762FF92
:103B30004FF47A73BDF8042002A9CF4802F0E9F8E7
:103B400012B070BD78B591B004000D003C21002288
:103B500002AE300001F0E2F90020ADF80400C748E1
:103B600003F01EF9CF4803F01BF9CD480021017086
:103B7000DFF85C138160D54941600D20009000237F
:103B8000D54A01A902A8FEF735FF4FF47A73BDF8B4
:103B9000042002A9B84802F0BCF812B070BD38B5D4
:103BA00090B004000D0003A8CC49322203F06CF958
:103BB000CB48D0E90023CDE9012303A801900023DD
:103BC000C848027802A903A8FEF79FFE02200090D1
:103BD00000237CA202A903A8FEF70CFF4FF47A731E
:103BE000BDF808200199A44802F093F811B030BD47
:103BF000F0040020DC250020F8B504000D000026AC
:103C00002068007830283ADB206800783A2836DAD5
:103C1000002700200100C9B2A28889B291420FD2C8
:103C200021680200D2B2895C302905DB21680200DC
:103C3000D2B2895C3A2900DB02E07F1C401CE9E734
:103C40003900C9B22068FEF78DFF0600B6F5807F07
:103C50000DD2A44841783000C0B200F075FA4FF49C
:103C60007A7302227AA1844802F053F80EE04FF4EE
:103C70007A7305229C49804802F04BF806E04FF425
:103C80007A73052298497C4802F043F8F1BD38B5B3
:103C900090B004000D0003A89449322203F0F4F818
:103CA0009348D0E90023CDE9012303A80190002324
:103CB0008C48427802A903A8FEF727FE0220009054
:103CC000002340A202A903A8FEF794FE4FF47A73E2
:103CD000BDF808200199684802F01BF811B030BD0A
:103CE000A8240020300500207F2600202C2500205D
:103CF000F8B504000D00002620680078302839DB74
:103D0000206800783A2835DA002700200100C9B27F
:103D1000A28889B291420FD221680200D2B2895C96
:103D2000302905DB21680200D2B2895C3A2900DB28
:103D300002E07F1C401CE9E73900C9B22068FEF7A9
:103D400011FF06000C2E0DD23100C9B26548007873
:103D500000F0FAF94FF47A7302223DA1464801F0CF
:103D6000D8FF0EE04FF47A7305225F49424801F014
:103D7000D0FF06E04FF47A7305225B493E4801F01C
:103D8000C8FFF1BD80B5FFF711FEFFF761FE59488E
:103D90005949C0F8A4135949C0F8B4135849C0F898
:103DA000C4135849C0F8D4135749C0F8E41357490D
:103DB000C0F8F41303F0CBF803F0BAF801BD00002B
:103DC000682400200D0A000070B5002000240025A2
:103DD0002800C0B2082836DA4D4E2800C0B20001D3
:103DE0003044407801282CD1012004002800C0B2C2
:103DF00000013044406800280ED000F00DFF29007B
:103E0000C9B2090131444968401A2900C9B20901FF
:103E100031448968884214D300202900C9B20901BD
:103E20003144487000F0F8FE2900C9B2090131445C
:103E300048602800C0B22900C9B209013144C968EC
:103E400088476D1CC4E72000C0B270BD0425002067
:103E50004F4B0000502600204C260020B8050020C3
:103E6000B005002068240020482600207E2600207F
:103E7000A824002000080048601F00200008020855
:103E800002080208030802080408020805080208DC
:103E900006080208070802080808020809080208BC
:103EA0000826002000100208021002080310020871
:103EB0000410020805100208061002080710020884
:103EC00008100208091002080A10020800004842FF
:103ED0000000164440ED000884EA000860DB00089A
:103EE00000EF0008240A0020F0EE00080CE70008AC
:103EF00008EF0008C4050020FD3A0008453B000813
:103F00009F3B0008F93B00088F3C0008F13C00088B
:103F10003005002002000020704730B40200DFF8B6
:103F20001C06002304688588635583885B1C838096
:103F3000DFF80C361B7804688588635583885B1C22
:103F40008380012030BC7047F8B504000D000020CC
:103F500000212E0022683300DBB2D25C23683700D8
:103F6000FFB23B445F7857EA02273A0092B2B2F5BB
:103F7000807F23DA380080B200281FD0DFF8BC052C
:103F800021683200D2B2895C02688388D15481886A
:103F9000491C818021683200D2B2114449780268FC
:103FA0008388D1548188491C8180DFF89405417849
:103FB0003800C0B200F0C8F8012000E00020F2BDD7
:103FC00030B40200DFF87405002304688588635567
:103FD00083885B1C8380DFF868355B78046885889C
:103FE000635583885B1C8380012030BC7047F8B523
:103FF00004000D00002000212E0022683300DBB2F7
:10400000D25C23683700FFB23B445F7857EA02274F
:104010003A0092B20B2A1FDADFF82005216832003D
:10402000D2B2895C02688388D1548188491C81801E
:1040300021683200D2B21144497802688388D15491
:104040008188491C81803900C9B2DFF8F404007806
:1040500000F07AF8012000E00020F2BDF8B504007D
:104060000D000026DFF8DC0490ED010AFEF758FF92
:104070000100DFF8C8040A00120A03688788DA55CD
:104080008288521C828002688388D1548288521CA4
:1040900082800A00120E03688788DA558288521CD3
:1040A00082800A00120C03688788DA558288521CC5
:1040B00082800120F2BDF8B504000D000026DFF873
:1040C000840490ED020AFEF72BFF0100DFF86C0478
:1040D0000A00120A03688788DA558288521C828097
:1040E00002688388D1548288521C82800A00120E92
:1040F00003688788DA558288521C82800A00120C75
:1041000003688788DA558288521C82800120F2BDBC
:1041100070B504000D00DFF830640122202130006A
:10412000FDF7EDFC0A2001F0A3FD4FF47A732A009D
:1041300092B22100DFF8140401F0EBFD00222021EF
:104140003000FDF7DCFC70BD7CB504000D000821DB
:1041500000226E46300000F0E1FE0026DFF8E003AA
:1041600004704570694602783300DBB2CA54761C8D
:1041700040783200D2B28854761C3200D2B292B269
:104180006946DFF8CC0302F03BFE73BDDFF8C003E5
:104190000078C0B2FF280AD0DFF8A403DFF8B41318
:1041A00009780170DFF8B0130978417005E0DFF895
:1041B00090031A2101700321417070472DE9F04FDF
:1041C00087B0040000275FF000085FF000090025B9
:1041D000DFF88823D2E90001CDE902010026DFF8EB
:1041E0008023D2E90001CDE90401DFF850A3504655
:1041F000FDF7EEFCA0880828C0F29B812068A1880A
:10420000084410F8010C2168A288114411F8021C1E
:1042100051EA0021ADF81810A188891E206801F02C
:104220003EFBADF81A00BDF81A00BDF81810884220
:1042300040F07D8120680078C1490978884240F0CB
:104240007681206880782168CF7857EA0027206837
:104250004078032805D006286CD0102800F0C380D1
:1042600061E1206800792168497951EA00210D0057
:104270005FF001084046C0B2052836DA5FF0140945
:10428000DFF8E0B24046C0B209FB00F05844406895
:10429000390089B2884225D1280080B24146C9B28E
:1042A00009FB01F15944896888421BDB0021002089
:1042B0004246D2B209FB02F25A44D2689047012822
:1042C0000FD14046C0B209FB00F0584480682D1A57
:1042D0004046C0B209FB00F90BEB09008068C71922
:1042E00000E002E018F10108C4E7BAF80400002871
:1042F0001FD0BAF80400022190FBF1F201FB12007A
:10430000002816D1DAF800000190BAF80400022162
:1043100090FBF1F080B200903B009BB2032220683A
:10432000017804A801F09BFBBDF814100498FFF776
:10433000EFFEFAE004200100C9B2A288921E914269
:104340000EDA21680200D2B2895C029ABDF80C3004
:10435000D154BDF80C10491CADF80C10401CEAE714
:104360005FF001084046C0B2052817DA14227D4BE1
:104370004046C0B2504318444068390089B2884270
:1043800009D1002102A8C4465FFA8CFC02FB0CF2A2
:104390001A441269904718F10108E3E7BAF80400DB
:1043A00000281FD0BAF80400022190FBF1F201FBB3
:1043B0001200002816D1DAF800000190BAF80400C3
:1043C000022190FBF1F080B200903B009BB20622EC
:1043D0002068017804A801F093FBBDF8141004983C
:1043E000FFF796FEA1E00020060020680079216812
:1043F000497951EA00210D0007200100C9B2A288C5
:10440000921E91420EDA21680200D2B2895C029AB1
:10441000BDF80C30D154BDF80C10491CADF80C108F
:10442000401CEAE7280080B2400021688979884270
:104430004DD1BDF80C002168897989B2884246D1F6
:104440005FF001084046C0B2052840DA5FF0140969
:10445000DFF810B14046C0B209FB00F05844406894
:10446000390089B288422FD1280080B24146C9B2B2
:1044700009FB01F159448968884225DB310089B282
:1044800002A84246D2B209FB02F25A44126990478E
:10449000012818D14046C0B209FB00F0584480689A
:1044A000400010FA86F64046C0B209FB00F05844BE
:1044B00080682D1A4046C0B209FB00F90BEB0900D9
:1044C0008068C71900E002E018F10108BAE7BAF8FD
:1044D0000400002826D0BAF80400022190FBF1F273
:1044E00001FB120000281DD1206880782168C9785E
:1044F00051EA00210F00DAF800000190BAF8040038
:10450000022190FBF1F080B200903B009BB21022A0
:104510002068017804A801F0F3FABDF8141004989B
:10452000FFF7F6FD01E0002004E0012002E000209A
:1045300000E0002007B0BDE8F08F0000E804002094
:10454000240A00206824002000040048D81E00200F
:10455000000002080200020803000208E0EE000862
:10456000E8EE00085804002000F10103810704D0A0
:1045700010F8011B820781B1FAD10268A2F1013162
:10458000914311F0803104BF50F8042FF6E709BAC7
:10459000B1FA81F100EBD100401CC01A70470268EB
:1045A000531C036011707047C11768B14840401A2E
:1045B000B0FA80F29040D21CC907C2F5846241EA89
:1045C000025202EBD021400570472E0041EC100B47
:1045D00001BD80B553EC112B51EC100B02F0DAFC4D
:1045E000F4E70000F0B540F2FF7581EA030C0CF02F
:1045F000004C15EA11541DBF15EA1357AC42AF42E7
:10460000E5E0BC41C1F31301C3F31303801A9941E0
:1046100043F4801304D2641E40004941801859417C
:10462000C90241EA5051B1FBF3F603FB1611A2FB9C
:104630000675D7EBC020A94102D2761E80185941D9
:10464000C90241EA5051B1FBF3FE03FB1E11A2FB6C
:104650000E75D7EBC020A94103D2AEF1010E801830
:104660005941890241EA9051760546EA8E2EB1FB06
:10467000F3F603FB1611A2FB0675D7EB8020A941C8
:1046800002D2761E80185941C90241EA50514EEAC1
:10469000060EB1FBF3F603FB1611A2FB0675D7EB72
:1046A000C020A94102D2761E80185941C90241EAB0
:1046B0005051B1FBF3F703FB1711A2FB0735D3EB06
:1046C000C020A94167F100070CBF004247F0010775
:1046D00066F3D5274FEA1E31B80814F5806412DD61
:1046E000BD0775F1004250EB0E5051EB045111F52E
:1046F000801F5CBF41EA0C01F0BD4CF07F6141F0CE
:10470000E0410020F0BDBD076D0840EA0E5041F4C5
:104710008011D4F10104B4F120060ADAC4F12006B4
:104720000200E04001FA06F3E1401843B2401543AD
:104730000EE0342C13DCC6F1200445EA40056D0878
:1047400020FA06F2154321FA06F0A1400D4300219C
:1047500075F1004250F1000051EB0C01F0BD00205A
:104760005FEA0C01F0BDCFB992185B41B3FA83F751
:1047700004BFB2FA82F6BF190B3FB7F120062FBF74
:1047800002FA06F3BB40C7F1200622FA06F638BF4C
:104790003343BA401CB1E419641E33E77F4231F061
:1047A0000041B1FA81F404BFB0FA80F6A4190B3CC1
:1047B000B4F120062FBF00FA06F1A140C4F1200693
:1047C00020FA06F638BF3143A0403C1B1AE7AC4242
:1047D0001ABF05EA1357AF4212E050EA41061CBF68
:1047E00052EA4306BFE750EA4107304661461CBF24
:1047F00041EA0551F0BD52EA430C08BFC143F0BD88
:1048000000204FF4001616EB410F98BF16EB430F34
:1048100008BF16EB410F24BFC14305E016EB430F61
:104820000CBF61464CEA0551F0BD000001F00042AA
:104830008B1AA3F16051B1F5801F0ADBB1F17F6FD4
:104840001FD242EAC102C10071F1004142EB507037
:1048500070470B15C3F10903212B10D2890241EADD
:10486000905180020128494141F0004121FA03F0B2
:10487000C3F12003994071F100415041704710008D
:1048800070476FF0000013EB103F5CBF000E42EA70
:10489000C0507047014648B1B0FA80F18840C91C49
:1048A000C1F58461090501EBD02140057047000086
:1048B000C0F3C75181B1FF2906D0C110400721F0D4
:1048C000E04101F16051704741020CBF40F4E0014A
:1048D0006FF000410020704700F0004100020AD054
:1048E000B0FA80FC00FA0CF001F16051A1EB0C5120
:1048F00001EBD021400570470CB430B583B00A46B7
:1049000006A90291044600250194009502AB01A975
:10491000084878441E3002F0B3FE019A1570002852
:104920004EBF04460198041B204603B030BC5DF81E
:104930000CFB00BF6BFCFFFF80B5012240211F482C
:10494000FDF7DDF81E491F4800F0B0F800F01CF834
:10495000012000F003F800F045F901BD704711B5E2
:1049600081B0164C002240212000FDF7C8F84FF41A
:104970007A73012201A9144803F0E2FE01224021CA
:104980002000FDF7BCF813BD10B50C4C00224021EF
:104990002000FDF7B4F8002280212000FDF7AFF8D9
:1049A000012000F013F8012280212000FDF7A7F874
:1049B000012240212000FDF7A2F810BD00080048A8
:1049C0002C260020DC0E00206822002010B50400F8
:1049D000200001F04DF910BD70B40400E4B2802C49
:1049E00001DB7F2420001400E4B2802C01DB7F2453
:1049F00022000C00E4B2402C01DB3F2421001C000B
:104A0000E4B2402C01DB3F2423002B4C0500266838
:104A10003678EDB2B54201D2256828702568AD78A8
:104A20001600F6B2B54201D22568AA700D002668BC
:104A30007678EDB2B54201D2256869702568ED78C7
:104A40001E00F6B2B54201D22468E37070BC704714
:104A500019487F21026811700021026891703F217E
:104A60000268517000210068C1707047124800212F
:104A7000026811707F2102689170002102685170F4
:104A80003F210068C170704770B54FF48064002505
:104A90000A4806682A002100300000F03FFA3F2350
:104AA0007F2200210020FFF797FF70BD034A1060AE
:104AB000014A116070470000342600203026002093
:104AC00010B5040000224FF480714348FDF717F839
:104AD0002000C0B2FFF743FF10BD10B50400012253
:104AE0004FF480713C48FDF70AF82000C0B2FFF790
:104AF00036FF10BD10B504008120FFF7E1FF200054
:104B0000C0B2402803DB3F20FFF7DAFF03E02000BC
:104B1000C0B2FFF7D5FF10BD10B5040014F00F00B0
:104B200050F0B000C0B2FFF7CBFF10BD10B50400CD
:104B30002000C0B200F005F82000C0B200F00CF870
:104B400010BD10B504002000C0B2000950F01000E4
:104B5000C0B2FFF7B5FF10BD10B5040014F00F0090
:104B6000FFF7AEFF10BD70B500242000C0B21028C2
:104B70002EDA1A4D286840782100C9B2491CB0EBE2
:104B8000C10F23DA2868C0782100C9B2B0EBC10F89
:104B90001EDB2000C0B2FFF7BFFF28680078FFF7D8
:104BA000C5FF28680678286880783100C9B2884235
:104BB0000CD30B4801682200D2B28020424352FA43
:104BC00086F0085CFFF789FF761CECE7641CCCE7F5
:104BD000FFF73EFF70BD00000008004834260020AB
:104BE0003026002080B5A020FFF76AFFAE20FFF737
:104BF00067FFC820FFF764FFA220FFF761FF2F20A7
:104C0000FFF75EFF2220FFF75BFF3F20FFF772FFF9
:104C1000AF20FFF755FF01BD01480068704700BF96
:104C20003C26002070B4039CDFF880522860297174
:104C30006A71AB71EC7100262E7270BC70472DE961
:104C4000F84F04000D00160000275FF00008DFF8A1
:104C50005C9299F80500082880F2FC80300099F8F1
:104C60000610C0B2884205D399F807003100C9B2D6
:104C7000884201D22E200600402099F80510491CD8
:104C800090FBF1F02900C9B2814280F2E38099F8EB
:104C9000040050FA84F0802880F2DC8099F8053016
:104CA0005B1C99F8050003FB05035B1CDBB299F85C
:104CB00004201219D2B299F80500401C15FB00F12E
:104CC000C9B22000C0B2FFF787FE0021080099F8A2
:104CD0000420C0B2904280F0BD80002015FB00F09F
:104CE0000200D2B2082392FBF3F21700C0B20822EE
:104CF00090FBF2F302FB13008046FF226C4BD3F8CB
:104D000000C03800C0B250FA85FE802000FB0EFEC5
:104D10005EFA84FED3F800A03800C0B250FA85FBDA
:104D2000802000FB0BFB5BFA84F01AF800A0D8F19E
:104D3000080B100050FA0BF010EA0A0A0CF80EA04B
:104D4000D3F800C03800C0B250FA85FE802000FBC6
:104D50000EFE5EFA84F00090D3F800E03800C0B296
:104D600050FA85FA802000FB0AFA5AFA84F01EF8FD
:104D700000E0D9F800A0B3465FFA8BFB99F8060073
:104D8000BBEB000099F804B00BFB00FB0AEB0B0037
:104D90008A465FFA8AFA10F80A0010FA08F050EA18
:104DA0000E00DDF800E00CF80E00D3F800C038006B
:104DB000C0B250FA85FE802000FB0EFE5EFA84F041
:104DC0008444D3F800E03800C0B250FA85FA80205D
:104DD00000FB0AFA5AFA84F0704490F8800012FA44
:104DE00008F202408CF880201A683800C0B250FAED
:104DF00085FC802000FB0CFC5CFA84F002441B68FC
:104E00003800C0B250FA85FC802000FB0CFC5CFA34
:104E100084F0184490F88030D9F800C0B6465FFAA4
:104E20008EFE99F80600BEEB000E99F8040000FB18
:104E30000EFE0CEB0E008C465FFA8CFC10F80C009A
:104E4000D8F1080C50FA0CF0034382F88030641C4F
:104E5000491C3BE7BDE8F18FF8B507000C001600D0
:104E6000124D6879082820DA307800281DD0327871
:104E70002100C9B23800C0B2FFF7E1FE761C2879E4
:104E8000401CC719287950FA87F0401C812802DBA2
:104E900000200700641C40206979491C90FBF1F058
:104EA0002100C9B28142DFDBFFE7F1BDFC25002014
:104EB00030260020020001200B00DBB21B0113444E
:104EC000587000200B00DBB21B0113445860012016
:104ED000704738B504000D0001202900C9B209014E
:104EE00021444870FFF798FE2900C9B20901214406
:104EF0004860012032BD020000200B00DBB21B0124
:104F0000134458700120704780B5034803F098FEA1
:104F1000FFF729FE01BD0000F4E3000862F30F2251
:104F200062F31F42401810F0030308D0C91A1FD3C0
:104F3000DB0748BF00F8012D28BF20F8022D130021
:104F400030B414461546103928BF20E93C00FAD881
:104F5000490728BF20E90C0048BF40F8042D89000C
:104F600028BF20F8022D48BF00F8012D30BC704743
:104F7000C91818BF00F8012DCB0728BF00F8012D74
:104F80007047000070B4039CDFF8845328602971D7
:104F90006A71AB71EC7101262E7270BC70472DE9FD
:104FA000F74F04000D00DFF868639DF80800B17941
:104FB000884204D3F0799DF80810884202D22E204E
:104FC0008DF80800307A002845D100273800317963
:104FD000C0B288423DD231689DF80820B079121ADB
:104FE0003079424301EB02003900C9B210F8019058
:104FF000002080464046C0B2082828DA3800C0B2F7
:1050000050FA84F0802805DA4046C0B250FA85F0A4
:10501000402801DB00205DE1012010FA08F049463C
:10502000C9B2014208D0012218EB0501C9B23819F2
:10503000C0B203F09FFD07E0002218EB0501C9B2E2
:105040003819C0B203F096FD18F10108D2E77F1CB1
:10505000BCE730793EE1307A012840F08E807079EB
:10506000082190FBF1F201FB1200012806DB7079A8
:10507000082190FBF1FB1BF1010B03E07079082183
:1050800090FBF1FB31795846C0B24143491C8DF881
:10509000011031689DF80820B079121A9DF80100BE
:1050A000424301EB020001788DF80010401C019092
:1050B0005FF0000840469DF80010C0B2884259D207
:1050C0005FF0000948465946C0B2C9B288424ED284
:1050D00001994246D2B25846C0B2424301EB0200A7
:1050E0004946C9B210F801A0002007003800C0B23C
:1050F000082839DA4046C0B250FA84F0802808DA2D
:105100004846C0B2C00050FA85F050FA87F04028F7
:1051100001DB0020DEE04846C0B2C00050FA87F054
:10512000717988421EDA0121B9405046C0B2084266
:105130000CD001225FFA89F915EBC9017918C9B2BF
:1051400018EB0400C0B203F015FD0BE000225FFA7B
:1051500089F915EBC9017918C9B218EB0400C0B27E
:1051600003F008FD7F1CC1E719F10109AAE718F156
:1051700001089FE79DF80000ACE0307A022840F07B
:10518000A8807079082190FBF1F0401C8DF8000098
:1051900030799DF8001010FB01F08DF802003168A5
:1051A0009DF80820B079121A9DF80200424301EBE5
:1051B0000200019096F804B000208DF80100002153
:1051C0000020002210009DF80030C0B298420CD29E
:1051D0003079431E9DF801001B1A13FB02F0019B5E
:1051E000C0B2185C0100521CECE70800C0B20028F5
:1051F0000BD1BBF1010B5846C0B2002805D09DF879
:105200000100401C8DF80100D9E7002738009DF807
:105210000010C0B2884259D25FF00008404659469B
:10522000C0B2C9B288424FD201993A00D2B23079A5
:10523000424301EB02004146C9B210F801905FF011
:10524000000A5046C0B208283BDA4046C0B250FAC5
:1052500084F0802808DA3800C0B2C00050FA85F027
:1052600050FA8AF0402801DB002033E03800C0B259
:10527000C00050FA8AF0717988421FDA012111FAD0
:105280000AF14846C0B208420CD00122FFB215EB29
:10529000C7011AEB0101C9B218EB0400C0B203F058
:1052A00069FC0BE00022FFB215EBC7011AEB01010C
:1052B000C9B218EB0400C0B203F05CFC1AF1010A99
:1052C000BFE718F10108A9E77F1C9FE75846C0B265
:1052D00000E00020BDE8FE8FF8B504000F001500C7
:1052E0000B484079D0F13F003900C9B288420EDB4B
:1052F000287800280BD02A783900C9B22000C0B223
:10530000FFF74DFE0600701C04196D1CF0E7F1BD9F
:10531000FC250020BBBBE1B1B2F5803F80F07E8070
:10532000022A1ED98C46B1FBF2F102FB11C31B0409
:1053300043EA1043B3FBF2FC02FB1C3380B240EAA9
:105340000343B3FBF2F002FB103240EA0C400023AF
:105350007047022A05D98446B0FBF2F002FB10C266
:1053600070474AB105D100F0010249085FEA3000F8
:10537000704700220023704703F076BC0B00020048
:10538000002100207047904271EB030CF6D3B3F577
:10539000803F2FD2F0B5B3FA83F7B1FA81F4A7F1C9
:1053A0000F0E3D1B5340CEF1200602FA0EF2F341E0
:1053B0005340B5F10F0746D80F3C2C444140C4F18F
:1053C0002006A040F1414140B1FBF3F603FB16116A
:1053D000A2FB0645001BA94102D2761E8018594146
:1053E00080EA010221FA0EF362FA0EF200215A401D
:1053F0003046F0BD30B4B1FBF3FC03FB1C11A2FB43
:105400000C45001BA94103D2ACF1010C8018594195
:1054100030BC02460B46604600217047B2F1807FE7
:1054200065D3F0B5B2FA82F7B1FA81F4C7F10F068D
:105430003D1B22FA06F307F1110EF24120355A40C6
:10544000B5F10F07B8D94140C4F12006A040F141A1
:105450004140B1FBF3FC03FB1C11A2FB0C45001BFC
:10546000A94103D2BCF1010C801859410F2F12D36E
:105470000F3FC90341EA5041B1FBF3F603FB16119C
:10548000A2FB0645D4EBC030A94102D2761E80189B
:10549000594146EACC3C07B34140C7F12006B84029
:1054A000F1414140B1FBF3F603FB1611A2FB0645A7
:1054B000001BA94102D2761E8018594180EA0102E0
:1054C00021FA0EF3C7F1200462FA0EF20CFA07F08B
:1054D0005A402CFA04F13043F0BD80EA010221FA6F
:1054E0000EF3002162FA0EF260465A40F0BD8C467F
:1054F000B1FBF2F102FB11C31B0243EA1063B3FBE1
:10550000F2FC02FB1C331B024CEA002043EA10634E
:10551000B3FBF2FC02FB1C331B024CEA002043EA03
:105520001063B3FBF2FC02FB1C331B024CEA0020AD
:1055300043EA1063B3FBF2FC02FB1C324CEA00208E
:1055400000237047B0B581EA030C0CF0004C40F228
:10555000FF7515EA11541DBF15EA1357AC42AF424F
:1055600039E0E41923EA455343F48013C90241F0BA
:10557000004141EA505EC7021100A7FB0202002869
:105580004FF00000EEFB01204FF00001E3FB07218C
:1055900018BF42F00102401800214941E3FB0E010F
:1055A000A4F580640F0302D252004041494154F1F6
:1055B00001046CDD470872F1004250F1000051EB2C
:1055C0000451A1F580115CBF41EA0C01B0BD4CEA69
:1055D00005510020B0BD05EA1357AC4214BFAF42DD
:1055E00041E050EA410E1CBF52EA430E02E0614620
:1055F0000020B0BD24423C441BD15FEA070EF6D028
:10560000090302BF01460020AEF1140EB1FA81F782
:10561000AEEB070401FA07FE0C37C7F1200100FAD0
:1056200007F7C8404EEA000E23EA455343F48013BF
:10563000A2E733F00043B3FA83F704BFB2FA82FE65
:1056400077440B3FE41BB7F1200E2FBF02FA0EF395
:10565000BB40C7F1200E22FA0EFE38BF43EA0E030C
:10566000BA40641C82E750EA410E14BF52EA430E6E
:105670006FF000014FF4001717EB430F8ABF194674
:1056800017EB410FB5E74CEA05510020B0BDD4F14E
:105690000104B4F120070FDAC4F12007520828BF33
:1056A00042F0010210FA07F501FA07F7E1BF2A43B9
:1056B000E0403843E1400FE0352C98DCC7F120048E
:1056C00052EA400220FA07F218BF42F0010231FA12
:1056D00007F0A1400A43002172F1004250F100009E
:1056E00051EB0C01B0BD000070B44FF0004591EAE1
:1056F000030F43F1C3826B40841A71EB030604D29B
:105700006E40001BB141121973414FF4001C1CEB99
:10571000410F34BF7CEB430683E00C0DA4EB135622
:10572000362E00F37C80012E45EAC32341DC43EA98
:10573000525312BFD20292025B08240545EAC121EE
:1057400041EA5051D2EBC020994125D407D1B0FA9B
:1057500080F610FA06F162D00020203608E0B1FA97
:1057600081F6B140C6F1200220FA02F21143B040A6
:105770004FEAF474B4EB465434F001064FEA740473
:105780000AD8D6F50016760D04F00044F04061FA10
:1057900006F25040F1404840C00A40EA415021F032
:1057A000004128BF5FEA500550F1000044EBD121D1
:1057B00035E0DB0A45EAC121C90AB6F120050EDD54
:1057C00042EA0242120CC5F1200603FA06F6EB404B
:1057D00042EA06056D42984161F100010DE062FA6E
:1057E00006F5F240554063FA06FC82EA0C02F340EB
:1057F0005A406D42904161EB030111F4801F05D1C5
:10580000641E620502D06D004041494121F48011BF
:10581000430875F1004350F1000041EB045170BCA6
:1058200070471CEB410F15D223F0004352EA4306A8
:105830000BD04FEA4C0CBCEB410F04D80C0D661E8C
:10584000342EB7DDEBE7801A994150EA410608BFD4
:105850000021E4E708BF1CEB430F28BF6FF00001F5
:10586000DDE70000C1F30A5340F2FE329B1A14DD5B
:10587000D3F120034FEAE17208DDC90241EA505139
:1058800041F00040D84080185040704703F2E130AA
:1058900010B1D24382F0004070470020704730B40E
:1058A00003004FF6FF7000248C4213DA1A5D50405B
:1058B0000822002A0CD0C50706D580B2400880F423
:1058C000204090F0010001E080B24008521EF0E755
:1058D000641CE9E780B230BC70472DE9F84305004D
:1058E0000E0017009846089C5FF00009286849469A
:1058F00089B2465419F101092868494689B24754CA
:1059000019F10109404680B2000A29684A4692B25C
:10591000885419F101092868494689B200F80180C4
:1059200019F10109200080B2000A29684A4692B2A2
:10593000885419F101092868494689B2445419F17B
:105940000109494689B22868FFF7A9FF01002868C4
:105950004A4692B2815419F10109080080B2000A46
:105960002A684B469BB2D05419F10109A5F804905E
:105970000120BDE8F2832DE9F84F06000F009046A4
:1059800099460A9DDDF82CA00024002130682200F1
:1059900092B28754641C3068220092B200F80280F0
:1059A000641C484680B2000A326823009BB2D0547F
:1059B000641C3068220092B200F80290641C4046D9
:1059C000C0B2062802D0102807D01CE0280080B200
:1059D000012801D0002040E015E0280080B2000A34
:1059E000326823009BB2D054641C3068220092B20B
:1059F0008554641C2800C0B24000326823009BB26A
:105A0000D054641CFFE75FF0000B584680B22900B9
:105A100089B2B0EB410F0BDA584680B21AF8000099
:105A20003168220092B28854641C1BF1010BECE730
:105A3000210089B23068FFF732FF01003068220090
:105A400092B28154641C080080B2000A32682300BC
:105A50009BB2D054641CB4800120BDE8F28F2DE9C4
:105A6000F84F05000E00170098460A9CDDF82C90B0
:105A70005FF0000B002029685A4692B28E541BF149
:105A8000010B29685A4692B28F541BF1010B210079
:105A9000C9B249002A685B469BB2D1541BF1010B85
:105AA0005FF0000A504680B2210089B2B0EB410F8E
:105AB0000CDA504680B219F8000029685A4692B2B2
:105AC00088541BF1010B1AF1010AEBE7594689B220
:105AD0002868FFF7E4FE010028685A4692B2815414
:105AE0001BF1010B080080B2000A2A685B469BB2DA
:105AF000D0541BF1010BA5F804B00120BDE8F28FD2
:105B00002DE9F84F05000E00170098460A9CDDF8B5
:105B10002C905FF0000B5FF0000A2868594689B2AC
:105B200046541BF1010B2868594689B247541BF1B2
:105B3000010B404680B2000A29685A4692B2885446
:105B40001BF1010B2868594689B200F801801BF14E
:105B5000010B3800C0B2062802D010281DD02CE05E
:105B6000200080B2012801D000203EE000208246C3
:105B7000504680B2210089B2B0EB410F0CDA50469A
:105B800080B219F8000029685A4692B288541BF175
:105B9000010B1AF1010AEBE70FE0200080B2000AC6
:105BA00029685A4692B288541BF1010B286859465D
:105BB00089B244541BF1010BFFE7594689B22868AA
:105BC000FFF76DFE010028685A4692B281541BF11E
:105BD000010B080080B2000A2A685B469BB2D054D1
:105BE0001BF1010BA5F804B00120BDE8F28F38B518
:105BF0000400002C01D1012031E04CF6CC4021689A
:105C0000086045F255502168086060682168486066
:105C1000A06821688860FEF7FFFF05002068C06863
:105C200010F0070F0DD0FEF7F7FF401B41F6020101
:105C30008842F3D32068C06810F0070FEED003202D
:105C40000DE020680069E168884203D0E0682168BF
:105C5000086103E04AF6AA2021680860002032BDEE
:105C600001004AF6AA200A68106000207047000070
:105C700070B50400FEF7D0FF0500260016F1010FF5
:105C800002D0044800783618FEF7C6FF401BB04229
:105C9000FAD370BD270A002010B50400002C01D1F2
:105CA000012035E0A0690028FFD1E06F002805D170
:105CB000002084F87800200003F0A2F82420E06798
:105CC000206800684008400021680860606A002879
:105CD00002D0200000F038FC200000F0B9FA0128C2
:105CE00001D1012014E02068406830F49040216820
:105CF00048602068806830F02A0021688860206849
:105D0000006850F0010021680860200000F089FC64
:105D100010BD2DE9FC4706000D0017009846F06FF6
:105D2000202859D1002D03D0380080B2002801D19D
:105D3000012052E00020C6F884002120F067FEF721
:105D40006BFF8146A6F85070A6F85270B068B0F5A7
:105D5000805F05D13069002802D10024AA4602E004
:105D60002C005FF0000AB6F85200002822D0CDF8CF
:105D700000804B4600228021300000F0BBFC002850
:105D800003D02020F067032027E0002C08D1BAF8C8
:105D90000000C005C00D316808851AF1020A03E051
:105DA000207831680885641CB6F85200401EA6F8B9
:105DB0005200D8E7CDF800804B4600224021300049
:105DC00000F098FC002803D02020F067032004E0B6
:105DD0002020F067002000E00220BDE8F68770B5C3
:105DE00005000C001600D5F88000202824D1002CD6
:105DF00003D0300080B2002801D101201DE0002036
:105E000028662868DFF8441488420ED02868406865
:105E100000020AD5286850E8000F50F080600100A9
:105E20002A6842E800100028F4D1320092B2210022
:105E3000280000F0AEFC00E0022070BD70B5040048
:105E4000E56FD4F8806020688068000624D5212D95
:105E500022D12068083050E8000F30F080000100A7
:105E6000206810F1080242E800100028F1D1206FEC
:105E700000280ED0206F03F05FFA002809D0206FB1
:105E800003F02CFB202804D11020C4F88400032048
:105E90002CE0200000F053FD20688068400624D5E7
:105EA000222E22D12068083050E8000F30F0400048
:105EB0000100206810F1080242E800100028F1D12A
:105EC000606F00280ED0606F03F036FA002809D00A
:105ED000606F03F003FB202804D11020C4F8840075
:105EE000032003E0200000F038FD002070BD2DE904
:105EF000F04706003068C7693068D0F80080306825
:105F0000D0F8089040F60F043C40002C0BD1B806A6
:105F100009D55FEA886006D5B06E002802D030004F
:105F2000B16E88478FE1002C00F0AA805FEAC9704B
:105F300005D4DFF80C0618EA000F00F0A18017F076
:105F40000100C0B200280BD05FEAC85008D501207C
:105F500031680862D6F8840050F00100C6F8840069
:105F6000B8070DD519F00100C0B2002808D00220F2
:105F700031680862D6F8840050F00400C6F8840046
:105F800078070DD519F00100C0B2002808D0042010
:105F900031680862D6F8840050F00200C6F8840028
:105FA000380710D55FEA886004D419F00100C0B248
:105FB000002808D0082031680862D6F8840050F024
:105FC0000800C6F8840038050CD55FEA481009D5EA
:105FD0004FF4006031680862D6F8840050F0200069
:105FE000C6F88400D6F88400002848D0B80608D542
:105FF0005FEA886005D5B06E002802D03000B16E2F
:106000008847D6F88400050030688068400602D4CE
:1060100015F0280F2DD0300000F09FFC306880680C
:10602000400622D53068083050E8000F30F04000BC
:106030000100306810F1080242E800100028F1D198
:10604000706F00280DD0DFF8FC04716F8863706FEB
:1060500003F09CF9002812D0706F716F896B88472C
:106060000DE0300003F08EFA09E0300003F08AFA08
:1060700005E0300003F086FA0020C6F88400E2E074
:10608000306E012840F0BD80F80640F1BA805FEA2A
:10609000C86040F1B68010203168086230688068BE
:1060A00040066DD5706F0068D0F804A0504680B2ED
:1060B000002852D05046B6F8581080B288424CD2D0
:1060C000A6F85AA0706F00680068800639D430685E
:1060D00050E8000F30F480700100326842E8001090
:1060E0000028F4D13068083050E8000F4008400024
:1060F0000100306810F1080242E800100028F1D1D8
:106100003068083050E8000F30F04000010030687F
:1061100010F1080242E800100028F1D12020C6F852
:10612000800000203066306850E8000F30F010002A
:106130000100326842E800100028F4D1706F03F0CB
:10614000FBF802207066B6F85810B6F85A00091A23
:1061500089B2300003F0F8F911E05046B6F8581053
:1061600080B288420BD1706F00680068800606D547
:1061700002207066B6F85810300003F0E5F962E0CE
:10618000B6F85800B6F85AA0B0EB0A0AB6F85A00AA
:10619000002835D0504680B2002831D0306850E811
:1061A000000F30F490700100326842E800100028BF
:1061B000F4D13068083050E8000F4008400001007A
:1061C000306810F1080242E800100028F1D12020C8
:1061D000C6F88000002030660020B066306850E8C5
:1061E000000F30F010000100326842E80010002873
:1061F000F4D102207066514689B2300003F0A4F950
:1062000021E0F8020AD55FEA492007D55FF4801043
:1062100031680862300003F045FA14E0380609D509
:106220005FEA086006D5F06E002802D03000F16EFB
:10623000884708E0780606D55FEA486003D5300055
:1062400000F055FCFFE7BDE8F0870000008000404B
:106250002DE9F04704000026DFF8A81920688842DD
:10626000FFD0A2682069024360690243E0690243EB
:1062700020680368DFF89009034013432068036037
:106280002068436833F44053E06803432068436068
:10629000D4F818802068884202D0206A50EA0808A2
:1062A0002068806830F4306058EA0000226890600E
:1062B0002068DFF8482A904216D1DFF8440A0068C7
:1062C00010F00300002805D0022805D006D30328CB
:1062D00006D007E0012760E002275EE004275CE0CB
:1062E00008275AE0102758E02068DFF8182A904263
:1062F00017D1DFF80C0A006810F00C00002806D057
:10630000042808D0082804D00C2806D007E000276D
:1063100043E0022741E004273FE008273DE0102743
:106320003BE02068DFF8E029904217D1DFF8D00980
:10633000006810F03000002806D0102808D020286F
:1063400004D0302806D007E0002726E0022724E00A
:10635000042722E0082720E010271EE0206888425A
:106360001AD1DFF89C09006810F44060002809D0B9
:10637000B0F5806F0AD0B0F5006F05D0B0F5406F72
:1063800006D007E0002708E0022706E0042704E023
:10639000082702E0102700E010272068884246D135
:1063A0003800C0B2002806D0022808D0042809D03E
:1063B00008280BD00DE003F0E5FD81460DE0DFF885
:1063C0004C990AE003F071FD814606E04FF4004964
:1063D00003E05FF0000901200600B9F1000F00F0B2
:1063E000A580616803204143894505D361684FF466
:1063F00080504143494502D20120060096E04FF407
:106400008072606840080021E2FB09016268002395
:10641000FEF780FF0500B5F5407F05D3B5F5801F79
:1064200002D22068C56081E0012006007EE0E069BC
:10643000B0F5004F41D13800C0B2002808D0012883
:106440000AD002280CD004280DD008280FD011E063
:1064500003F098FD814611E003F0A1FD81460DE0B7
:10646000DFF8A8980AE003F020FD814606E04FF42B
:10647000004903E05FF0000901200600B9F1000FB8
:1064800054D06068400810EB49006168B0FBF1F03F
:106490000500102D0ED3B5F5803F0BD24FF6F071ED
:1064A0002940C5F3420001438A46504680B2216824
:1064B000C8603BE00120060038E03800C0B2002888
:1064C00008D001280AD002280CD004280DD00828B2
:1064D0000FD011E003F056FD814611E003F05FFD9F
:1064E00081460DE0DFF824980AE003F0DEFC8146E7
:1064F00006E04FF4004903E05FF0000901200600C8
:10650000B9F1000F12D0606819EB50006168B0FB60
:10651000F1F00500102D07D3B5F5803F04D2280017
:1065200080B22168C86001E0012006000020A0665A
:106530000020E0663000C0B2BDE8F0870000000037
:1065400020010004D56A000890F82410090707D537
:1065500001684A6832F40042416B0A4301684A60AC
:1065600090F82410C90707D501684A6832F4003250
:10657000816A0A4301684A6090F82410890707D5A8
:1065800001684A6832F48032C16A0A4301684A608D
:1065900090F82410490707D501684A6832F4802230
:1065A000016B0A4301684A6090F82410C90607D5B8
:1065B00001688A6832F48052816B0A4301688A60FC
:1065C00090F82410890607D501688A6832F40052D1
:1065D000C16B0A4301688A6090F82410490613D5FC
:1065E00001684A6832F48012016C0A4301684A600B
:1065F000016CB1F5801F07D101684A6832F4C0020E
:10660000416C0A4301684A6090F82410090607D5D6
:1066100001684A6832F40022816C0A4301684A60CA
:10662000704738B504000020C4F88400FEF7F4FA7F
:1066300005002068006800071DD57FF07E400090AF
:106640002B0000225FF40011200000F053F8002816
:1066500011D0206850E8000F30F08000010022685F
:1066600042E800100028F4D12020E067002084F8E0
:10667000780003203DE02068006840072CD57FF0BB
:106680007E4000902B0000225FF48001200000F08B
:1066900031F8002820D0206850E8000F30F49070C6
:1066A0000100226842E800100028F4D12068083078
:1066B00050E8000F400840000100206810F1080277
:1066C00042E800100028F1D12020C4F8800000200A
:1066D00084F8780003200CE02020E0672020C4F834
:1066E00080000020206600206066002084F878008A
:1066F000002032BD2DE9F04105000E0090461F003C
:10670000069C2868C0693040B04201D1012000E0F9
:1067100000204146C9B2884238D114F1010FF0D0AF
:10672000FEF77AFAC01B844201D3002C01D103206A
:106730002DE0286800684007E3D5802EE1D0402E88
:10674000DFD02868C06900070DD5082029680862D5
:10675000280000F002F90820C5F88400002085F820
:106760007800012013E02868C0690005C9D54FF4FE
:10677000006029680862280000F0EFF82020C5F8C2
:106780008400002085F87800032000E00020BDE8A8
:10679000F08130B403005965A3F85820A3F85A20BB
:1067A000002098669868B0F5805F0BD118690028C2
:1067B00004D140F2FF10A3F85C0023E0FF20A3F80F
:1067C0005C001FE0986800280AD11869002803D1EE
:1067D000FF20A3F85C0015E07F20A3F85C0011E027
:1067E0009868B0F1805F0AD11869002803D17F2032
:1067F000A3F85C0006E03F20A3F85C0002E0002064
:10680000A3F85C000020C3F884002220C3F88000B5
:106810001868083050E8000F50F0010004001868B4
:1068200010F1080545E800400028F1D19868B0F55E
:10683000805F06D11869002803D10FF2D130986625
:1068400002E00FF2D5209866186900280BD018686E
:1068500050E8000F50F4907004001D6845E80040B7
:106860000028F4D10AE0186850E8000F50F020002A
:1068700004001D6845E800400028F4D1002030BC29
:10688000704770B504000D0016006565A4F85860E7
:106890000020C4F884002220C4F88000606F002823
:1068A00021D00FF21510616FC8620FF2B110616F45
:1068B00008630FF2D110616F48630020616F886335
:1068C00033009BB2626D206810F12401606F02F00A
:1068D000E7FC002807D01020C4F884002020C4F86A
:1068E000800001202AE0206900280AD0206850E8B2
:1068F000000F50F480700100226842E80010002868
:10690000F4D12068083050E8000F50F00100010079
:10691000206810F1080242E800100028F1D1206838
:10692000083050E8000F50F040000100206810F1DE
:10693000080242E800100028F1D1002070BD016873
:1069400051E8001F31F0C0010A00036843E800214C
:106950000029F4D12021C1677047016851E8001F68
:1069600031F490710A00036843E800210029F4D152
:106970000168083151E8001F490849000A00016810
:1069800011F1080343E800210029F1D1016E01292A
:106990000AD1016851E8001F31F010010A000368B4
:1069A00043E800210029F4D12021C0F88010002103
:1069B000016600218166704738B50400A56A206829
:1069C000006880063AD40020A5F85A00286850E8EC
:1069D000000F30F4807001002A6842E8001000289F
:1069E000F4D12868083050E8000F4008400001004A
:1069F000286810F1080242E800100028F1D1286848
:106A0000083050E8000F30F040000100286810F115
:106A1000080242E800100028F1D12020C5F88000CB
:106A2000286E01280AD1286850E8000F30F01000C5
:106A300001002A6842E800100028F4D100206866AE
:106A4000286E012805D1B5F85810280002F07CFD09
:106A500002E0280002F05EFD31BD000038B5040000
:106A6000A56A01206866286E012807D1B5F858107C
:106A7000490889B2280002F067FD02E0280003F00F
:106A800011FB31BDF8B50400A56AEE6FD5F8807032
:106A900028688068000607D5212E05D10020A5F8BA
:106AA00052002800FFF74BFF28688068400607D592
:106AB000222F05D10020A5F85A002800FFF74DFF2E
:106AC000D5F8840050F01000C5F88400280002F0CA
:106AD00059FDF1BD38B50400A56A0020A5F85A009B
:106AE0000020A5F85200280002F04CFD31BD10B581
:106AF0000400206850E8000F30F0400001002268D8
:106B000042E800100028F4D12020E0670020E06671
:106B1000200003F0C8FA10BD70B50500B5F85C6040
:106B2000D5F88000222866D12868808C040016EAF7
:106B30000400696D0870686D401C6865B5F85A00FE
:106B4000401EA5F85A00B5F85A00002859D1286807
:106B500050E8000F30F4907001002A6842E80010FD
:106B60000028F4D12868083050E8000F40084000A1
:106B70000100286810F1080242E800100028F1D155
:106B80002020C5F880000020A866002068662868DC
:106B90001C4988420ED02868406800020AD528683F
:106BA00050E8000F30F0806001002A6842E80010D1
:106BB0000028F4D1286E012819D100202866286801
:106BC00050E8000F30F0100001002A6842E8001081
:106BD0000028F4D12868C069C00602D510202968B1
:106BE0000862B5F85810280002F0AEFC09E0280051
:106BF00002F090FC05E02868008B50F0080029683E
:106C0000088370BD00800040F369FFEFF8B5050010
:106C1000B5F85C70D5F88000222867D12868808C90
:106C20000400686D060017EA04003080686D801C5F
:106C30006865B5F85A00401EA5F85A00B5F85A0024
:106C4000002859D1286850E8000F30F490700100F6
:106C50002A6842E800100028F4D12868083050E87B
:106C6000000F400840000100286810F1080242E8C7
:106C700000100028F1D12020C5F880000020A8666F
:106C8000002068662868224988420ED0286840683B
:106C900000020AD5286850E8000F30F0806001003B
:106CA0002A6842E800100028F4D1286E012819D182
:106CB00000202866286850E8000F30F0100001001E
:106CC0002A6842E800100028F4D12868C069C0068C
:106CD00002D5102029680862B5F85810280002F083
:106CE00033FC09E0280002F015FC05E02868008B61
:106CF00050F0080029680883F1BD00000038014009
:106D00008810024000440040004800400024F40085
:106D1000008000402DE9F74F82B000265FF0000AA6
:106D20005FF0000B54465D46002000900127DDF81F
:106D30000C80DDF80890049810F0070F2BD1049810
:106D4000C008002182468B4603F006FA4FF47A70A1
:106D500003F01AFA00200600300080B200215945E5
:106D600017D801D3504514D2D8E9000104000D0012
:106D700022002B004946002003F096F90700380056
:106D8000C0B2012805D019F1080918F10808761CCD
:106D9000E2E703F0F2F93800C0B205B0BDE8F08FC9
:106DA00070B50400012503F0D7F906004FF47A709E
:106DB00003F0EAF93000C0B200280FD1C4F3CC20B0
:106DC000B0F5807F05D20121C4F3CC2003F048FA4E
:106DD00004E00121C4F3CC2003F042FA4FF47A70AE
:106DE00003F0D2F905000548016831F002010160A5
:106DF00003F0C3F92800C0B270BD000014200240A7
:106E00002DE9F041C0B004000D00160000274FF43A
:106E100080710022E8464046FEF780F82000FFF728
:106E2000BFFFA5208DF8000030008DF801005FF055
:106E300000084046310080B289B288420AD24046FA
:106E400080B2285C6946424692B21144887018F1BB
:106E50000108EEE7B61C300080B20821B6B2083651
:106E6000361A90FBF1F001FB0066320092B26946DF
:106E70002000FFF74FFF002801D0002000E0012094
:106E800040B0BDE8F081000062B38B0708D0521E0D
:106E900011F8013B00F8013B00F024808B07F6D18C
:106EA000830740F0208000BF103A07D330B4B1E828
:106EB0003810103AA0E83810F9D230BC530724BF7C
:106EC000B1E80810A0E8081044BF51F8043B40F8AE
:106ED000043BD20724BF31F8022B20F8022B44BF19
:106EE0000B7803707047121F17D35B0009D151F85C
:106EF000043B20F8023B1B0C121F20F8023BF6D289
:106F00000BE051F8043B00F8013B1B0A20F8023B60
:106F10001B0C121F00F8013BF3D238BF121D521E8A
:106F200024BF11F8013B00F8013BF8D8704700007E
:106F300080B5012215491648FEF751FF00220121B4
:106F4000272003F06CFA272003F07EFA01BD70477A
:106F500038B504000B480D490A78036885885A55EE
:106F60008288521C8280828840F2FF139A4201D3A9
:106F70000022828001220648FEF731FF01200249EB
:106F8000087031BDD409002082260020812600200F
:106F9000601F00202DE9F04D2DED0A8B41EC190BFF
:106FA00043EC182B51EC180B20F0000431F0004595
:106FB00008BF002C84B000F0088353EC192B00208C
:106FC000DFF88C1603F066FA00F0FF82DFF8141683
:106FD00003F060FA08D151EC180B48004015401C32
:106FE00002D1090300F0F18251EC190B4800401561
:106FF000401C00F00E8251EC190B31F0004108BF2B
:10700000002800F0068251EC180B48004015401C87
:1070100000F0FF8151EC180B4B0043EAD0734200A3
:10702000002B08BF002A04D1B0EE48AAF0EE68AAEF
:1070300019E040F23344A4EB5352352A04DB00F04C
:10704000000001F000410CE0202A03DD203AD1408D
:10705000914000E001D1002003E0002AC4BFD040ED
:10706000904041EC1A0B51EC190BC80F0BD053ECAC
:10707000182B51EC1A0B03F00DFA04D0AFF300807B
:107080009FED3F9BA3E253EC192B23F00041B1F598
:10709000801F22F000000DD20022002908BF002826
:1070A000009216D06A4651EC190B03F003FA41EC3A
:1070B000190B0EE0DFF8AC45DFF82C7504EB11502E
:1070C00000903B40DFF82405924643EA000B4BEC6E
:1070D00019AB51EC190BC80F36D021F0004053EC1E
:1070E000192B034643EC192B51EC1A0B4B0043EAC6
:1070F000D0734200002B08BF002A04D1B0EE4A0A28
:10710000F0EE6A0A19E040F23444A4EB5352352AF7
:1071100004DB00F0000001F000410CE0202A03DD58
:10712000203AD140914000E001D1002003E0002A44
:10713000C4BFD040904041EC100B53EC1A2B51ECE3
:10714000100B03F0A7F901D1002600E001260098FA
:1071500001281DD151EC190BDFF89424DFF8943489
:1071600003F0E0F914D253EC192B00204FF08041CA
:10717000FEF7E8F900279FED04BB41EC190B27E06F
:10718000FFFFFFFFFFFFFF7F000000000000F03F58
:1071900053EC192B0020DFF86014FEF7D3F99FEDB4
:1071A00078AB53EC1A2BFEF79FFAFEF75BFBA0F1CE
:1071B00020042046FDF7F8F90022DFF84034FEF7FE
:1071C000C1F953EC1A2BFEF78FFA41EC1B0B670148
:1071D00051EC190B53EC1B2B01F048FD41EC1A0B41
:1071E00053EC192B51EC1B0BFEF77EFA02460B46B3
:1071F00051EC1A0BFDF7F6F941EC190B53EC192B76
:10720000FEF7A0F941EC1C0B53EC1C2BDFF8F0034C
:10721000DFF8F013FEF796F9DFF8EC23DFF8EC3334
:10722000FEF762FA53EC1C2BFEF78CF9DFF8E02333
:10723000DFF8E033FEF758FA53EC1C2BFEF782F927
:10724000DFF8D423DFF8D433FEF74EFA53EC1C2BCF
:10725000FEF778F9DFF8C823DFF8C833FEF744FA01
:1072600053EC1C2BFEF76EF9DFF8BC23DFF8BC33C0
:10727000FEF73AFA53EC1C2BFEF764F9DFF8B02363
:10728000DFF8B033FEF730FA53EC1C2BFEF75AF957
:1072900053EC1A2B01F0EAFC04460D460020DFF8FF
:1072A000B01353EC1B2B01F0E1FC00224FF08043A4
:1072B000FEF748F922462B46FEF716FA53EC192B37
:1072C000FEF740F941EC100BDFF86C03784400F551
:1072D0005A70074453EC1A2B51EC100BFEF704FACA
:1072E00041EC190B0098FDF75FF9D7E90023FEF791
:1072F000FBF941EC1A0B53EC192BDFF84003DFF8D4
:107300004013FEF71FF953EC1A2BFEF7EDF953EC7F
:10731000182BFEF717F90022DFF8283303F002F9E3
:1073200041EC1B0B69D30122C74B03F013F961D960
:10733000C80F53EC1B2B1ABF0020C449AB49FEF702
:10734000D3F9FEF78FFA0022C14BCDE90123804625
:10735000CDF8008053EC192B51EC180BFEF7F2F826
:1073600004460D46D7E90201D7E90423FEF7BCF92C
:1073700053EC182BFEF7E6F89FEDB6BB04E000BF18
:10738000000000000000E03F53EC1B2BFEF7DAF892
:1073900022462B46FEF7A8F907468B4653EC1A2BDC
:1073A00051EC180BFEF7CEF804460D464046FDF7AB
:1073B000FBF802460B462046294601F057FC53ECE9
:1073C0001B2BFEF7BFF83A465B46FEF78DF9DDE969
:1073D000012303F0D7F841EC190B31F0004108BF4D
:1073E00000280AD051EC190B48004015401C06D16A
:1073F000090304D19FEDA09B01E09FED9B9B002E14
:1074000000F0E58051EC190B81F0004141EC190BC3
:10741000DDE051EC190B48004015401C02D1090376
:1074200040F0D58051EC180B48004015401C06D1A7
:10743000090304D0B0EE489AF0EE689AC7E051EC28
:10744000180B480001244015401C61D051EC180B6A
:107450004B0043EAD0734200002B08BF002A04D13E
:10746000B0EE48AAF0EE68AA19E040F23345A5EB69
:107470005352352A04DB00F0000001F000410CE01B
:10748000202A03DD203AD140914000E001D10020C4
:1074900003E0002AC4BFD040904041EC1A0B53ECEB
:1074A000182B51EC1A0B02F0F5FF18BF00244B000B
:1074B00043EAD0734200002B08BF002A04D1B0EE8B
:1074C0004A0AF0EE6A0A19E040F23445A5EB53523D
:1074D000352A04DB00F0000001F000410CE0202A16
:1074E00003DD203AD140914000E001D1002003E0CB
:1074F000002AC4BFD040904041EC100B44B153EC83
:107500001A2B51EC100B02F0C5FF0CBF0024012414
:1075100051EC190B48004015401C0AD1090308D151
:1075200051EC190BC80F21D153EC182BDA0F49D0AD
:1075300040E051EC180B48004015401C1ED10903D7
:107540001CD153EC192B23F00041B1F5801F22F020
:10755000000021D20022002908BF002800921FD07D
:107560006A4651EC190B02F0A5FF19E051EC180B1B
:10757000C80F01D1002C21E0E4B10AE0002C1ABFB1
:1075800051EC190BC80F002053EC182BDA0F14D153
:1075900080B19FED329B1AE0324C04EB1150009009
:1075A00051EC180BC80F009802D100280ADC01E04A
:1075B000002807DD9FED2C9B09E0002818BF9FEDF8
:1075C0002C9B04D19FED2C9B01E09FED049B04B00C
:1075D00051EC190BBDEC0A8BBDE8F08D00000000EA
:1075E0000000F03F0000F0BFFFFF0F800000E03F11
:1075F000CD3B7F669EA0E63F000050400000903FDC
:10760000F7DE29BFD8F8C23FF4B3FECC1A99C33FC6
:1076100062CB68D96F46C73FC6C912DAC471CC3F86
:107620004AE98A942449D23FF75F97999999D93FBB
:10763000BC5555555555E53F60650000FE822B65EC
:107640004715F73F0000E0C00000E0400000E0BF49
:107650000000F03FEF39FAFE422EE63F0000000046
:107660000000008002FCFFFF00000000000000009E
:10767000000000000000F0FF000000000000F07FAC
:107680002DE9F14FB0B0924604910DF142013A9AC2
:107690002B9199464A7000200AE01AF8011B0498C1
:1076A000309A90470028049000F0B6860D98401C50
:1076B0000D909AF8000050B12528EED1002100224B
:1076C0000791089209910A920B910C9204E00D988F
:1076D00000F0A4BE41F001011AF8010F2028F9D0F2
:1076E00023280CD02B2804D02D2805D0302809D0F1
:1076F0000BE041F00201EFE741F00401ECE741F05B
:107700000801E9E741F01001E6E72A280FD1D9F88E
:10771000002052F8040BC9F8002000280F9003D570
:1077200040420F9041F004010AF1010A14E00F9267
:10773000DFF828380AE00F98984205DA00EB800459
:1077400002EB4402303A0F920AF1010A9AF8002043
:10775000A2F130000A28EED39AF800002E2803D0B8
:107760004FF0FF320E9229E01AF8010F2A2809D1B2
:10777000D9F8000050F8042BC9F800000E920AF165
:10778000010A1BE02D280CBF0AF1010A002000228B
:107790000E92DFF8C8470BE040B90E9AA24205DA14
:1077A00002EB820503EB4503303B0E930AF1010A1D
:1077B0009AF80030A3F130020A2AEDD3ADF8401058
:1077C000DFF89C07784400F5F3609AF8001003F0A6
:1077D000CDF808B11AF8010B8DF842009DF842006F
:1077E000682805D19AF8000068280CD1622106E0CB
:1077F0006C2804BF9AF800006C2804D171218DF820
:1078000042100AF1010A12A806901AF801BBBBF156
:1078100025012CD01C3900F0D081091F022940F22B
:10782000CC81133900F02385093900F0C681891E07
:1078300000F0B885491E00F06585491E022940F216
:10784000BC81091F00F05E85491F00F02881491E98
:1078500000F00D85491E00F0D080C91E0DD0891E94
:1078600000F00585C91E00F0028500F0A6BD2523A5
:107870008DF84830012100F0ABBDD9F8000050F878
:10788000044BC9F80000002C059440F0A3802B990C
:107890004878002800F099804FF0FF340FF68430CC
:1078A00003F070F8201A40F0B78500F092BD6D1E0D
:1078B00040F0A9853096079D12AF75B1309E17F83C
:1078C000012B02A9304600F073FE002801D46D1E82
:1078D000F5D10028309640F09F850A9D3020002D7C
:1078E0008DF804000CDD309E012301AA02A9304668
:1078F00000F06EFE002840F08F856D1EF4D13096AA
:10790000059F089D75B1309E17F8012B02A93046DE
:1079100000F04EFE002801D46D1EF5D100283096EF
:1079200040F07A850B9D3020002D8DF804000CDD91
:10793000309E012301AA02A9304600F049FE00282A
:1079400040F06A856D1EF4D1309605980899099D1E
:10795000471875B1309E17F8012B02A9304600F088
:1079600027FE002801D46D1EF5D10028309640F086
:1079700053850C9D3020002D8DF804000CDD309EC9
:10798000012301AA02A9304600F022FE002840F09F
:1079900043856D1EF4D130969DF8400041077FF578
:1079A00088AE2020002C8DF804007FF782AE309D39
:1079B000012301AA02A9284600F00AFE002840F08F
:1079C0002B85641EF4D1309573E60FF66440059064
:1079D00000F0FFBC0E9D002D04D52046FCF7C4FD31
:1079E000044607E02A46204602F0ECFF002814BFB8
:1079F000041B2C46089400F0ECBCD9F8001051F898
:107A0000040BC9F8001020F00004002121F0FF351C
:107A100012ABCDE902450593DDE9022306993C242A
:107A200013B90AB90E9898B102F00F053035641EEB
:107A3000EEB23A2EA8BF2735120942EA03721B099B
:107A40000D5508BF002A03D005980D19A842EBD3A5
:107A500008190590C4F13C020E98089282420ADA95
:107A6000BDF84010821A4FF6EF7001400A92ADF84F
:107A7000401000F0AEBC002840F1AB849DF84000FF
:107A800000F01400102840F0A4840F9B07990A9876
:107A90005B1A1B1A9A1A002A40F39B84E5E32B9980
:107AA000487820B14FF0FF340FF65430F8E69DF8D7
:107AB0004200622861D0682817D06A283FD06C281D
:107AC00006D0712847D074282CD07A281DD064E0C5
:107AD000D9F8001051F8040BC9F80010002868D13B
:107AE0004FF0FF340FF63030DAE6D9F8001051F8D5
:107AF000040BC9F8001020B94FF0FF340FF618300E
:107B0000CEE60D99018000F064BCD9F8001051F860
:107B1000040BC9F8001000284BD14FF0FF340FF6CA
:107B2000F820BDE6D9F8001051F8040BC9F8001090
:107B300000283ED14FF0FF340FF6DC20B0E6D9F834
:107B4000001051F8040BC9F8001080B94FF0FF3451
:107B50000FF6C420A4E6D9F8001051F8040BC9F8B8
:107B6000001020B94FF0FF340FF6AC2098E60D9AC4
:107B7000D317C0E9002300F02CBCD9F8001051F84D
:107B8000040BC9F8001020B94FF0FF340FF688201D
:107B900086E60D99017000F01CBCD9F8001051F870
:107BA000040BC9F8001020B94FF0FF340FF668201D
:107BB00076E60D99016000F00CBCD9F80020D21DCA
:107BC00022F00702C9F80020D2E900010832C9F802
:107BD0000020CDE90201C80F02D007982D210AE04C
:107BE000BDF84000810702D507982B2103E0C007AC
:107BF00005D50798202112AA1154401C0790DDE9F1
:107C00000223079912A8CDE92C2308444BF0200148
:107C10006129059021AC0BD00E99002902D50621CF
:107C20000E9105E001BF4BF02001672901220E9261
:107C3000DDE9022359004915491C0DD11A030BD067
:107C4000ABF1610503211A2D089102D20FF6E41160
:107C500010E00FF6E4110DE059004915491C0DD153
:107C60001A030BD1ABF1610503211A2D089119D329
:107C70000FF6CC110322FFF707F9AAE3DDE90201B1
:107C8000CDE92E01DDE92E2323F00047B7F5801F53
:107C900022F000060DD20022002F08BF002E009215
:107CA00003D116E00FF69411E4E76A4602F002FCF5
:107CB0000FE0DFF8DC08DFF8DC1800EB175000906D
:107CC000DDE92E234FF0FF301940DFF8CC7810406B
:107CD0003943CDE902014BF0200061280DD1059810
:107CE00030210170821CBBF1610F05920CBF78211D
:107CF000582141700798801C0790DDE9020120F0AF
:107D0000000231F0004308BF002A02D100260025FE
:107D100068E14BF02008B8F1610F40F0B4800E9894
:107D2000002847BF21210191401C0190019FDDE9FE
:107D30002C017F1C00220023DDE9024502F0F2FB4A
:107D400000998DF8842038BF85F00045091F002F69
:107D500000910DF1850653DD2046294600220023BF
:107D600002F0F8FB4CD24800400D00F11C0212D08A
:107D7000002A10DD40F2FF739A4206DBDFF81C1880
:107D800005F000400143002011E06FF31E5141EA6D
:107D9000025120460BE024F0000035F0004108BFFE
:107DA00000280FBF29461C22294602F037FE044650
:107DB0000D46FDF757FDFF1F002F804609DDFCF73C
:107DC000F3FB02460B462046294600F04FFF0446CF
:107DD0000D46F01D0721B8F1000F0CDD491E5EBFF6
:107DE00008F00F0200F8012D4FEA2818F3D502E041
:107DF000002200F8012D491EFAD5C61D002FABDC6C
:107E00000DF18500361A01988642D8BF3046002809
:107E10000DF1850430D4B04206DA0DF185010A5C1B
:107E2000082AA8BF0F2100DA0021024621AB134423
:107E300000E0401E13F80159521E8D42F9D00F295F
:107E400004D10DF185018B5C5B1C8B54002A04D599
:107E50000099091D21AC401C0091411E0CD46218F0
:107E6000ABF13A0613783033DDB23A2DA8BFF318E0
:107E7000491E02F80139F5D50E99002940F1B0806C
:107E8000421E0E92ACE00099DFF8142747F297509B
:107E9000414391FBF2F2DDE92C45009225F00045CB
:107EA000D2F1070204DD2046294600F04EFB0BE02C
:107EB00052420020DFF8EC1600F047FB02460B466A
:107EC00020462946FCF78EFB0446B8F1660F0E9853
:107ED00006BF009F0A3706273F18142FC8BF142774
:107EE00030200D468DF884000DF18506002F39DD18
:107EF0002046294602F030FE01460A4606F10803F4
:107F000004200A26B2FBF6F606EB860EA2EB4E0222
:107F1000303203F8012C0A22B6FBF2F202EB820E99
:107F2000A6EB4E063036401E03F8026DE9D1083F3D
:107F3000002F03F10806D9DD0846FCF7ABFC02462A
:107F40000B462046294600F091FE0022DFF8583605
:107F5000FDF7F8FA04460D46CAE700BFCBCCCC0CBF
:107F6000E86F00000DF18500361A0DF1850404E07C
:107F70000098401E761E0090641C20783028F7D0B0
:107F8000B8F1660F02D10099491C04E0B8F1650F01
:107F90000CBF012100210E9808188642B8BF701E40
:107FA00000281DD4B04204DA215C3429C8BF39212D
:107FB00000DC30210246631E9D1800E0401E15F8CB
:107FC0000169521E8E42F9D0392902D1A15C491CA7
:107FD000A154002A04D50099491C1C46401C00915C
:107FE0000646009D02F0CCFD406A0778DDF8388037
:107FF00030B2002802DC01260FF248644BF020006A
:10800000662808BF6D1C16D0672846D128B210F12B
:10801000040F48DB404546DA9DF840006D1C01071F
:1080200003D430B24045B8BF804628B2B8EB000850
:1080300048BF4FF000080FFA85FBBBF1000F00F3BB
:10804000B5800898411C0891302205990A54B8F16E
:10805000000F03DC9DF84000010704D50898411C7F
:10806000089105990F5418EB0B0FB8BFC8F1000524
:108070002DB268420B90A84432B29045B8BF464634
:10808000059B089836B20996324621461844FEF7F9
:10809000FBFEA8EB06000C90D2E0BBF1610F17D1FC
:1080A0004FF0700B19E030B2404504DA9DF84010F3
:1080B0000A0758BF8046B8F1010848BF4FF00008D2
:1080C000BBF1670F14BF4FF0450B4FF0650B04E099
:1080D000BBF1410F08BF4FF0500B0898411C0891AD
:1080E000B8F1000F059914F8012B0A5403DC9DF830
:1080F000400001071AD50898411C0891B8F1000FFB
:1081000005990F5412DD761E30B280450598089B04
:10811000B8BF464632B221461844FEF7B5FE08996C
:1081200036B271180891A8EB06000B9005980899D3
:10813000084429B2002980F800B003D42B224270F1
:10814000821C04E02D2242700D46821C6D420021EB
:108150002CAB28460AE004460A2094FBF0F000EB22
:108160008005A4EB450403F8014B491C00B200282C
:10817000F1DC012906DC4BF02000652804BF30202B
:1081800002F8010B00292CAB08D1302002F8010BBA
:1081900006E0491E585C303002F8010B0029F8DC7B
:1081A000059908980844121A099249E030B229B298
:1081B00088421CDA0598089B32B221461844FEF723
:1081C00063FE089936B27118ABEB0606B8F1000FE2
:1081D00008910B9603DC9DF84000020704D5059832
:1081E00047540999491C0991CDF8308028E0059839
:1081F000089B2AB221461844FEF746FE0898761BD3
:108200005844B8F1000F089003DC9DF840100A07AD
:1082100003D5411C089105990F5430B2804505984B
:10822000089BB8BF464632B204EB0B011844FEF778
:108230002BFE089836B230180890A8EB06000B9079
:108240009DF8400000F01400102840F0C280079A0A
:1082500008990B988A18099982180C988A1882181C
:108260000F98824280F2B580821A0A92B1E09DF89E
:108270004200622808D068280ED06A2814D06C28E2
:108280001FD0712810D01CE0D9F8001051F8040B51
:10829000C9F80010C0B21AE0D9F8001051F8040B68
:1082A000C9F8001080B212E0D9F80020D21D22F0E7
:1082B0000702C9F80020D2E900010832C9F80020FD
:1082C00006E0D9F8001051F8040BC9F8001000219D
:1082D000CDE902019DF8400001075AD5DDE90223EE
:1082E000002B08BF002A54D04BF02000782850D132
:1082F000079812A930220A54401C431C079301F826
:1083000000B046E09DF84200622808D068280ED0F0
:108310006A2814D06C281FD0712810D01CE0D9F81E
:10832000001051F8040BC9F8001040B21AE0D9F857
:10833000001051F8040BC9F8001000B212E0D9F88F
:108340000020D21D22F00702C9F80020D2E9000166
:108350000832C9F8002006E0D9F8001051F8040BE3
:10836000C9F80010C117CDE90201002902D507980C
:108370002D210AE0BDF84000810702D507982B2186
:1083800003E0C00705D50798202112AA1154401C0C
:10839000079012A807990144059102A8594600F0D8
:1083A0004FF816E001200790D9F8000050F8041BA0
:1083B000C9F800008DF848100BE025210122BBF11F
:1083C000000F8DF84810079203D08DF849B00221B4
:1083D00007910F9A07980A990C9C121A0898521A3A
:1083E0000B99121A0998521A121A9DF84000141B80
:1083F00041073FF560AA2020002C8DF804007FF78C
:108400005AAA309E2546012301AA02A9304600F04F
:10841000DFF800283FF44BAA4FF0FF3031B0BDE841
:10842000F08F00007072696E74665F733A2062614B
:108430006420257320617267756D656E740000009D
:108440002DE9FC4307466F293E6908BF082405D083
:1084500041F02000782814BF0A2410243C25D7E9D5
:108460000023642918BF69299046994605D1002B3D
:1084700003D5D8F1000869EB4909B9F1000F08BF2D
:10848000B8F1000F0CD1386B50B9082C39D197F8DE
:108490003800010735D530203B2586F83B0030E019
:1084A0008DF80010404649462246E317FCF732FF9C
:1084B0003032D0B26D1E3A28019504DB9DF80000E1
:1084C000A0F151018A187255404649462246E317E9
:1084D000FCF720FF80465FEA010908BFB8F1000FF2
:1084E00003D0F86871198842DCD3082C09D197F8B9
:1084F0003800010705D5705D302802D06D1E302090
:108500007055C5F13C02BA617119F960386B82424D
:1085100008DA821A3A624FF6EF70398F01403987D4
:10852000BDE8F38300280ED597F8380000F014005A
:10853000102808D17B6B7969386A5B1A1B1A9A1A62
:10854000002AC8BF3A62BDE8F3832DE9D04306464E
:108550000F4614464FF00008DFF8509012E0E00795
:1085600007D542464B4630463946FCF7EBFF0646F8
:108570000F464046494642464B46FCF7E3FF64102F
:1085800080468946002CEAD130463946BDE8D08382
:1085900002FCFFFFFFFF0F800000E03F0000F07FC4
:1085A000A08601000000F03F84D7974100002440DE
:1085B00010B503460C461146A0689847A06020B14C
:1085C000E06A401CE062002010BD4FF0FF3010BD9B
:1085D000F8B505460E4617461C4600205CB117F854
:1085E000011BB068A847B06030B1F06A401CF0626F
:1085F0000020641EF3D1F2BD4FF0FF30F2BD000049
:108600007072696E74665F733A20256E20646973B8
:10861000616C6C6F776564007072696E74663A2085
:1086200062616420256E20617267756D656E7400ED
:10863000000000006E616E004E414E00696E6600E3
:10864000494E46003000000010B50400002C01D156
:10865000012074E0606A002806D16068B0F5827F6E
:1086600006D00020E06103E000202061002060616E
:108670000020A06294F85D00002805D1002084F855
:108680005C00200002F0A8FA022084F85D00206857
:10869000006830F0400021680860E06840F2017135
:1086A000884201D3002101E04FF48051E068B0F529
:1086B000706F05D0E068B0F5E06F01D00020A062D7
:1086C000606810F48270A26812F404421043227CA5
:1086D00012F002021043227D12F001021043A2693F
:1086E00012F400721043227F12F03802104394F803
:1086F000202012F080021043A26A12F400521043AC
:1087000022681060A269120C12F0040294F824008E
:1087100010F01000024394F8340010F008000243F7
:10872000E06810F47060024311F480500243206846
:10873000426000202066012084F85D00002010BD0A
:108740002DE9F84306000D0017001C00FCF764FA41
:108750008046B94696F85D00012801D00220ECE081
:10876000002D03D0380080B2002801D10120E4E0C0
:1087700096F85C00012801D10220DEE0012086F895
:108780005C00032086F85D0000203066B563B78783
:10879000F787002030640020A6F844000020A6F8E7
:1087A0004600002030650020F064B068B0F5004F4E
:1087B0000BD13068006830F04000316808603068E4
:1087C000006850F4804031680860306800684006F6
:1087D00005D43068006850F0400031680860F068E7
:1087E00040F20171884235D37068002803D04846B2
:1087F00080B2012809D1B06B00883168C860B06BC5
:10880000801CB063F08F401EF087F08F002873D07B
:108810003068806880070AD5B06B00883168C8600E
:10882000B06B801CB063F08F401EF087EDE7FCF763
:10883000F3F9B0EB0800A04202D314F1010F01D10B
:10884000002CE2D1012086F85D00002086F85C0053
:10885000032072E07068002803D0484680B20128E7
:1088600017D1F08F02280AD3B06B00883168C86036
:10887000B06B801CB063F08F801EF08709E0B06B96
:10888000007831680873B06B401CB063F08F401EF5
:10889000F087F08F00282FD030688068800718D5C7
:1088A000F08F02280AD3B06B00883168C860B06BC3
:1088B000801CB063F08F801EF087EAE7B06B007811
:1088C00031680873B06B401CB063F08F401EF087B6
:1088D000DFE7FCF7A1F9B0EB0800A04202D314F1E6
:1088E000010F01D1002CD4D1012086F85D000020B9
:1088F00086F85C00032020E042462100300000F0B2
:1089000003F9002801D020203066B068002808D183
:10891000002000903068C068009030688068009047
:108920000098012086F85D00002086F85C00306E1B
:10893000002801D0012000E00020BDE8F2832DE9ED
:10894000FC4705000E0017009846DDF82890FCF75C
:1089500063F90400B8EB040419EB0404FCF75CF9B8
:108960008246684800684001000D00FB04F000905A
:10897000286880683040B04201D1012000E000202A
:108980003900C9B2884243D018F1010FF0D0FCF78A
:1089900043F9B0EB0A00A04201D2002C2FD1286885
:1089A000406830F0E000296848606868B0F5827F70
:1089B0000DD1A868B0F5004F03D0A868B0F5806F5E
:1089C00005D12868006830F0400029680860A86A6E
:1089D000B0F5005F0BD12868006830F400502968BA
:1089E00008602868006850F4005029680860012079
:1089F00085F85D00002085F85C00032009E0009800
:108A0000002801D1002004000098401E0090AFE72C
:108A10000020BDE8F6872DE9FE4F06000F00140088
:108A20009846DDF8309000208DF80000FCF7F4F84F
:108A30000500B8EB050519EB0505FCF7EDF88246D6
:108A4000306810F10C0B2F48016823204143090DB9
:108A500001FB05F10191306880683840A0424ED09A
:108A6000B7F5C06F07D1002C05D19BF800008DF839
:108A700000009DF8000018F1010FECD0FCF7CCF8D5
:108A8000B0EB0A00A84201D2002D2FD13068406817
:108A900030F0E000316848607068B0F5827F0DD139
:108AA000B068B0F5004F03D0B068B0F5806F05D165
:108AB0003068006830F0400031680860B06AB0F596
:108AC000005F0BD13068006830F4005031680860F6
:108AD0003068006850F4005031680860012086F862
:108AE0005D00002086F85C00032009E00198002862
:108AF00001D1002005000198401E0190ABE7002045
:108B0000BDE8FE8FD40300207CB504000D001600E4
:108B100000962B0000224FF4C0512000FFF77BFF8E
:108B2000002805D0206E50F02000206603201FE0B2
:108B300000962B00002280212000FFF700FF002874
:108B400005D0206E50F020002066032010E0009633
:108B50002B0000224FF4C0612000FFF75CFF0028CB
:108B600005D0206E50F020002066032000E0002099
:108B700076BD0000F8B504000D0016002000C0B25C
:108B8000802803DA2800C0B2402800DB57E030001C
:108B9000C0B2002824D02900C9B20822DFF8C030B2
:108BA0002800C0B2082790FBF7F78020474357FA08
:108BB00084F72800C0B25FF0080C90FBFCFC80201A
:108BC00000FB0CFC5CFA84F0185C5FF0010C91FB7C
:108BD000F2FE02FB1E111CFA01F10143D95524E0FB
:108BE0002900C9B20822DFF878302800C0B208276F
:108BF00090FBF7F78020474357FA84F72800C0B26C
:108C00005FF0080C90FBFCFC802000FB0CFC5CFA85
:108C100084F0185C5FF0010C91FBF2FE02FB1E1168
:108C20001CFA01F130EA0101D9552B00DBB2220018
:108C3000D2B22900C9B22000C0B2FBF7CDFEF1BD0F
:108C4000F8B504004FF480652600064807682A003E
:108C500031003800FEF718F9FBF708FFF1BD0000FE
:108C6000DC0E0020302600207047000070B44FF06A
:108C7000004591EA030F7CF53FAD6B40841A71EB20
:108C8000030603D2001BB141121973414FF4001CBB
:108C90001CEB410F34BF7CEB430442E00C0DA4EB12
:108CA0001356352E4FDC45EAC323DB0A45EAC121C2
:108CB000C912B6F120050DDD63FA05F6EB4086EA30
:108CC0000305124218BF45F00105C01851F100011B
:108CD0000CD213E062FA06F5F2405540F3415A40D7
:108CE000B340F3405A408018594107D349085FEA1E
:108CF00030005FEA350528BF45F0010501F5801118
:108D0000420875F1004250F1000041EB04514E0061
:108D100016F5001F70BC38BF70470020090D09050B
:108D200070471CEB410F10D252EA43060BD0BCEB4C
:108D3000410F05D80C0DAB43661E342EB6DD02E0A4
:108D4000AB438018594170BC704770BC704700003D
:108D500080B5D448D44901605FF4E131416000211D
:108D600081600021C160002101610C21416100216D
:108D700081610021016200214162FCF78DFF002822
:108D800001D001F0C6FF01BD80B5C848C8490160E7
:108D90004FF416514160002181600021C160002123
:108DA00001610C214161002181610021C16100212B
:108DB000016200214162FCF76FFF002801D001F041
:108DC000A8FF01BD80B5BB48BB4901604FF41651F7
:108DD0004160002181600021C160002101610C21FE
:108DE0004161002181610021C161002101620021F6
:108DF0004162FCF751FF002801D001F08AFF01BD5C
:108E000038B59EB0040014220021684601F083FFAB
:108E10006022002106A801F07EFF2068A249884256
:108E200052D1202006900020119006A801F07EFF6C
:108E3000002801D001F06DFFA048016851F0010148
:108E40000160006810F00100059005989C480168D9
:108E500051F002010160006810F0020005900598D1
:108E60004FF4406000900220019000200290032007
:108E700003900820049069469248F8F7A1FC924DAF
:108E800092482860042068600020A8600020E86004
:108E900080202861002068610020A8610020E8612E
:108EA00000202862280000F021F9002801D001F0FC
:108EB00030FF6567AC6200220021462001F0AFFA66
:108EC000462001F0C1FAABE020687949884251D1CF
:108ED0000120069000200E9006A801F027FF002830
:108EE00001D001F016FF7A48016851F48041016019
:108EF000006810F48040059005987148016851F0B1
:108F000002010160006810F0020005900598C02081
:108F1000009002200190002002900320039007207F
:108F2000049069466748F8F74BFC6A4D6A48286028
:108F3000022068600020A8600020E860802028618E
:108F4000002068610020A8610020E86100202862FC
:108F5000280000F0CBF8002801D001F0DAFE6567A8
:108F6000AC6200220021252001F059FA252001F0F1
:108F70006BFA55E020685049884251D10420069090
:108F80000020109006A801F0D1FE002801D001F0C9
:108F9000C0FE5248016851F480210160006810F45D
:108FA0008020059005984648016851F00401016051
:108FB000006810F00400059005984FF440600090A0
:108FC00002200190002002900320039007200490CB
:108FD00069464348F8F7F4FB424D434828600220B5
:108FE00068600020A8600020E860802028610020E0
:108FF00068610020A8610020E86100202862280044
:1090000000F074F8002801D001F083FE6567AC62BF
:1090100000220021272001F002FA272001F014FA93
:109020001FB030BD10B5040020681F49884210D120
:10903000224801684908490001604FF44061214815
:10904000F8F79FFC606F00F0C1F8462001F003FACA
:1090500027E02068164988420FD11D48016831F485
:1090600080410160C0211748F8F78BFC606F00F069
:10907000ADF8252001F0EFF913E020680E49884291
:109080000FD11648016831F4802101604FF440612E
:109090001348F8F776FC606F00F098F8272001F08D
:1090A000DAF910BD501E002000800040D81E0020BC
:1090B00000380140601F0020004800405C10024062
:1090C0004C1002400004004890230020800402401D
:1090D00060100240D823002058000240581002407F
:1090E00000080048202400203000024030B4010075
:1090F000002901D1012067E00868624A90420AD243
:109100000A68614882181420B2FBF0F080004864BD
:109110005E48086409E00A685D4882181420B2FBC2
:10912000F0F0800048645B480864022081F8250064
:10913000086802686FF30E128B68C86803430869F9
:1091400003434869034388690343C8690343086AC2
:1091500003431A43086802608868B0F5804F2AD03C
:10916000086C4A4B984213D14B4803680F2491F87E
:10917000445015F01C05AC40A343036003684C68E1
:1091800091F8445015F01C05AC402343036012E0F5
:10919000424803680F2491F8445015F01C05AC4078
:1091A000A343036003684C6891F8445015F01C0514
:1091B000AC40234303600020C863012081F82500F0
:1091C000002081F82400002030BC704710B401005A
:1091D000002901D1012053E00868006840084000E0
:1091E0000A6810600868274A90420AD20A6826482E
:1091F00082181420B2FBF0F0800048642348086411
:1092000009E00A68224882181420B2FBF0F08000BE
:1092100048642048086400200A681060012091F822
:10922000442012F01C0290400A6C5060086C174AEF
:1092300090420AD1184802680F2391F8444014F074
:109240001C04A3409A43026009E0144802680F23FB
:1092500091F8444014F01C04A3409A43026000209B
:10926000C862002008630020486300208863002053
:10927000C863002081F82500002081F82400002028
:1092800010BC704708040240F8FFFDBF0000024018
:10929000F8FBFDBF00040240A8000240A804024001
:1092A0002DE9F04104000D0016001F005FF00008DA
:1092B00094F82400012801D102203BE0012084F829
:1092C000240094F8250001282DD1022084F82500DF
:1092D0000020E063206800684008400021680860C2
:1092E0003B0032002900200000F0FAF8206B002833
:1092F00006D02068006850F00E00216808600BE07E
:109300002068006830F00400216808602068006868
:1093100050F00A00216808602068006850F00100E1
:109320002168086004E0002084F8240002208046C0
:109330004046C0B2BDE8F0810100002291F825004E
:10934000022806D00420C863002081F824000120F0
:109350001BE00868006830F00E000B6818600868B1
:109360000068400840000B681860012091F8443004
:1093700013F01C0398400B6C5860012081F8250005
:10938000002081F824001000C0B2704738B50400F6
:10939000002594F82500022804D00420E063012071
:1093A00005001FE02068006830F00E0021680860AA
:1093B000206800684008400021680860012094F897
:1093C000441011F01C018840216C4860012084F891
:1093D0002500002084F82400A06B002802D0200083
:1093E000A16B88472800C0B232BD70B50400206C64
:1093F000056820680668042094F8441011F01C01E8
:1094000010FA01F10D4219D0710717D521680968CA
:10941000890605D42168096831F0040122681160C9
:1094200094F8441011F01C018840216C4860206BB6
:10943000002852D02000216B88474EE0022094F88B
:10944000441011F01C0110FA01F10D421FD0B107B8
:109450001DD521680968890608D42168096831F09A
:109460000A0122681160012184F8251094F8441043
:1094700011F01C018840216C4860002084F8240011
:10948000E06A002829D02000E16A884725E008200A
:1094900094F8441011F01C01884005421DD030079B
:1094A0001BD52068006830F00E002168086001209C
:1094B00094F8441011F01C018840216C4860012090
:1094C000E063012084F82500002084F82400606B0C
:1094D000002802D02000616B884770BDC06B7047C8
:1094E00030B4012490F8445015F01C05AC40056CD4
:1094F0006C60046863608468102C04D10468A26006
:109500000468E16003E00468A1600468E26030BCC4
:109510007047000038B50400404D20682968884233
:1095200002D1012001F0E8FF20683D490968884226
:1095300002D1012002F0F8F820682968884202D19F
:109540000120FDF705FD31BD70B504000D00334E5F
:1095500020683168884203D1280080B201F0CCFF36
:1095600020682F490968884203D1280080B202F0A0
:10957000DBF820683168884203D1280080B2FDF70B
:10958000E7FC70BD10B504002448216802689142D0
:1095900002D10021234A11702168214A12689142A8
:1095A00002D102211F4A117021680068814202D154
:1095B00004201C49087002211B48FBF77BFC10BDEE
:1095C0001CB5184C20780090184B00220021032075
:1095D00002F0D2F8207800280ED101F086FF14485E
:1095E0000188491C01800188142903DB00210180C6
:1095F00001F05EFF01F060FF20782078022803D19F
:1096000002F091F802F080F820782078042803D145
:10961000FDF79DFCFDF78CFC13BD0000601F0020D2
:10962000D81E002086260020D803002020E900084C
:109630007626002070B505000C001600D5F88000D5
:1096400020282DD1002C03D0300080B2002801D179
:10965000012026E00120286600206866320092B2D0
:1096600021002800FDF70DF901000800C0B2002814
:1096700013D1286E01280ED110202A6810622868A4
:1096800050E8000F50F0100002002B6843E8002063
:109690000028F4D101E0012001000800C0B200E080
:1096A000022070BD704700002DE9FE4F0500002D1F
:1096B00001D101203AE3DFF80499D9F8004014F011
:1096C0000C04DFF81889D8F8007017F00307287821
:1096D000C00640F1C680002C03D00C2C7AD1012F9B
:1096E00078D1DFF8D4A8DAF80000800704D5A8699B
:1096F000002801D1012019E3DAF80000000704D5A1
:10970000DAF8000010F0F00005E0DFF8600900680A
:10971000000910F0F000296A88421ED2286A00F081
:109720005FFC002801D0012000E3DAF8000050F0CF
:109730000800CAF80000DAF8001031F0F001286AD9
:109740000143CAF80010DFF82809016831F47F41AD
:10975000EA6951EA022101601FE0DAF8000050F0E6
:109760000800CAF80000DAF8001031F0F001286AA9
:109770000143CAF80010DFF8F808016831F47F41AE
:10978000EA6951EA02210160002C06D1286A00F042
:1097900027FC002801D00120C8E200F086FBDFF89A
:1097A000D418D9F80020C2F30312895C11F01F010C
:1097B000C840DFF80C180860DFF80808006802F0FD
:1097C000F9F88DF800009DF80000002849D09DF8B8
:1097D0000000ABE2A86900282DD0DFF8DC97D9F8AB
:1097E000000050F00100C9F80000FBF715FA060070
:1097F000D9F80000800706D4FBF70EFA801B032877
:10980000F6D3032092E2D9F8000050F00800C9F81E
:109810000000D9F8001031F0F001286A0143C9F8BE
:109820000010DFF84C08016831F47F41EA6951EA21
:109830000221016015E0DFF88097D9F800004008A8
:109840004000C9F80000FBF7E7F90600D9F800006E
:10985000800706D5FBF7E0F9801B0328F6D3032029
:1098600064E22878C00754D5082C03D00C2C0BD107
:10987000032F09D1DFF840070068800349D56868E5
:10988000002846D1012051E26868B0F5803F06D13A
:10989000DFF82407016851F48031016018E068683E
:1098A000B0F5A02F0AD1DFF81007016851F480212C
:1098B0000160016851F48031016009E0DFF8F806C9
:1098C000016831F480310160016831F48021016068
:1098D000686800280ED0FBF79FF90600DFF8D8066D
:1098E0000068800315D4FBF797F9801B6528F5D332
:1098F00003201BE2FBF790F90600DFF8BC060068C6
:10990000800306D5FBF788F9801B6528F5D3032073
:109910000CE22878800752D5042C03D00C2C15D1EA
:10992000022F13D1DFF890060068400504D5E868DF
:10993000002801D10120F9E1DFF83407016831F096
:10994000F8512A6951EA0261016038E0E8680028AC
:109950001FD0DFF86496D9F8000050F48070C9F881
:109960000000FBF759F90600D9F80000400506D4BD
:10997000FBF752F9801B0328F6D30320D6E1DFF86A
:10998000F006016831F0F8512A6951EA026101607C
:1099900015E0DFF82496D9F8000030F48070C9F89B
:1099A0000000FBF739F90600D9F80000400506D59C
:1099B000FBF732F9801B0328F6D30320B6E12878A1
:1099C00000072ED56869002815D0DFF8A096D9F8D1
:1099D000000050F00100C9F80000FBF71DF9060077
:1099E000D9F8000080071CD4FBF716F9801B032868
:1099F000F6D303209AE1DFF87496D9F80000400806
:109A00004000C9F80000FBF707F90600D9F800008C
:109A1000800706D5FBF700F9801B0328F6D3032047
:109A200084E12878400740F181805FF00009DFF889
:109A300048A6DAF80000C0000DD4DAF8000050F0B3
:109A40008050CAF80000DAF8000010F08050019051
:109A5000019801208146DFF824B6DBF80000C0053C
:109A600013D4DBF8000050F48070CBF80000FBF753
:109A7000D3F80600DBF80000C00506D4FBF7CCF8ED
:109A8000801B0328F6D3032050E1A868012806D1E3
:109A9000DFF8EC05016851F00101016017E0A868EA
:109AA00005280AD1DFF8D805016851F004010160EA
:109AB000016851F00101016009E0DFF8C4050168A7
:109AC000490849000160016831F004010160A8689B
:109AD000002810D0FBF7A0F80600DFF8A405006806
:109AE000800719D4FBF798F8801B41F2893188422E
:109AF000F3D303201AE1FBF78FF80600DFF88005A7
:109B00000068800708D5FBF787F8801B41F2893190
:109B10008842F3D3032009E14846C0B2012805D1A9
:109B2000DAF8000030F08050CAF80000287880068B
:109B30002ED5686A002815D0DFF84895D9F80000BE
:109B400050F00100C9F80000FBF766F80600D9F8EC
:109B5000000080071CD4FBF75FF8801B0328F6D3B6
:109B60000320E3E0DFF81C95D9F80000400840002E
:109B7000C9F80000FBF750F80600D9F8000080078C
:109B800006D5FBF749F8801B0328F6D30320CDE068
:109B9000A86A002800F0C980A86A022840F0A380C3
:109BA000D8F80000070017F00300E96A884222D1C4
:109BB00017F07000296B491EB0EB011F1BD117F481
:109BC000FE40696BB0EB012F15D117F07840A96BFF
:109BD000B0EBC16F0FD117F4C000E96B4908491E03
:109BE000B0EB415F07D117F0C060296C4908491EEE
:109BF000B0EB416F57D00C2C53D0DFF8BCA3DAF890
:109C00000000400101D5012090E0DAF8000030F0BA
:109C10008070CAF80000FAF7FFFF8146DAF800000A
:109C2000800107D5FAF7F8FFB0EB09000328F5D358
:109C300003207BE0D8F80010DFF84C040140E86A0C
:109C40000143286B401E51EA0011686B51EA002164
:109C5000E86B4008401E51EA4051286C4008401E05
:109C600051EA4061A86B51EAC061C8F80010DAF807
:109C7000000050F08070CAF80000D8F8000050F0E2
:109C80008070C8F80000FAF7C7FF0600DAF8000095
:109C900080014AD4FAF7C0FF801B0328F6D30320C3
:109CA00044E0012042E0DFF81093D9F80000800181
:109CB0003BD4D9F8000050F08070C9F80000D8F803
:109CC000000050F08070C8F80000FAF7A5FF060009
:109CD000D9F80000800128D4FAF79EFF801B0328E2
:109CE000F6D3032022E00C2C1DD0DFF8CC92D9F85B
:109CF000000030F08070C9F80000FAF78DFF060010
:109D0000D9F80000800106D5FAF786FF801B0328EA
:109D1000F6D303200AE0D8F80010DFF87003014002
:109D2000C8F8001001E0012000E00020BDE8FE8F2F
:109D30002DE9F04104000D00002C01D10120B2E01A
:109D4000DFF84C73386810F00700A8420BD238686F
:109D5000C008C00028433860386810F00700A842E7
:109D600001D001209FE0207880070DD5DFF84C124C
:109D7000086810F0F000A268904205D20A6832F03C
:109D8000F002A06802430A602078C00742D56068EC
:109D9000032806D1DFF82002006880011CD40120CE
:109DA00081E06068022806D1DFF80C0200688003B9
:109DB00012D4012077E06068002806D1DFF8F801AE
:109DC0000068800708D401206DE0DFF8EC0100682E
:109DD000400501D4012066E0DFF8E081D8F80010EA
:109DE0008908890060680143C8F80010FAF714FF79
:109DF0000600D8F8000010F00C006168B0EB810F8D
:109E000008D0FAF709FF801B41F289318842F0D36C
:109E1000032048E0207880070CD56849A0680A68CC
:109E200012F0F002904205D20A6832F0F002A06807
:109E300002430A60386810F0070085420BD2386888
:109E4000C008C00028433860386810F00700A842F6
:109E500001D0012027E02078400706D557490A683D
:109E600032F4E062E06802430A602078000707D518
:109E70005248016831F46051226951EAC20101601F
:109E800000F013F8DFF8EC114C4A1268C2F3031229
:109E9000895C11F01F01C8404949086049480068C1
:109EA00001F088FDC0B2BDE8F0812DE9F041002647
:109EB00000204249096811F00C01DFF820C1DCF8EC
:109EC000007017F00307002903D00C291AD1012FC5
:109ED00018D1DFF8E4E0DEF800805FEA087806D405
:109EE000DFF888E1DEF800E0CEF3032E03E0DEF8D1
:109EF00000E0CEF3031E674E56F82E6000290CD109
:109F000030000AE0042903D1DFF88CE1704604E058
:109F1000082902D1DFF884E170460C292DD1DCF844
:109F200000E01EF0030E73469E46BEF1020F03D002
:109F3000BEF1030F03D005E0DFF85CE103E0DFF8DA
:109F40005CE100E0B646DCF80020C2F30212521CCD
:109F50001500DCF80020C2F3062202FB0EFEBEFB59
:109F6000F5F2DCF800C0CCF3416C1CF1010C5FEAA7
:109F70004C0C6446B2FBF4FC6046BDE8F08110482E
:109F80000068704780B5FFF7FAFF45490B4A126831
:109F9000C2F30222895C11F01F01C84002BD80B5E6
:109FA000FFF7EDFF3E49054A1268C2F3C222895C01
:109FB00011F01F01C84002BD00100240081002400D
:109FC000D4030020B00300202849086810F07E4028
:109FD0000A6852F400020A60704700000C10024048
:109FE0007CB504000025244E3068C00003D501F084
:109FF00011FD01000FE0306850F080503060306893
:10A0000010F080500090009801F004FD01003068CD
:10A0100030F080503060B1F5007F09D1812C15D32C
:10A02000A12C02D30220050010E0012005000DE064
:10A03000812C02D30320050008E0802C02D10220ED
:10A04000050003E0702C01D10120050010480268D2
:10A05000D208D2002A430260006810F00700A8422C
:10A0600001D0012000E0002076BD000094100240E5
:10A070000410024074EA00085810024000700040CA
:10A0800090100240981002408C809D01FCFFEEFE73
:10A090000020024040E700080024F40000127A008B
:10A0A000D8EE0008704770472DE9F84F82468B467E
:10A0B00014001D000026DFF884713878012801D1D2
:10A0C000022047E0012038704CF25038404600F042
:10A0D0005BF881464846C0B2002837D1002078603E
:10A0E000DFF85C010168490506D5016831F480613B
:10A0F00001600220387701E000203877BAF1000FC4
:10A1000007D122002B00584600F071F8012006000C
:10A110000FE0BAF1010F02D0BAF1020F09D121000C
:10A12000584600F071F8BAF1020F02D15FF48020B6
:10A130000600404600F028F88146002E04D0DFF8E3
:10A1400004010168B143016000F09FF800203870FD
:10A150004846C0B2BDE8F28F00203A490A68002A9A
:10A1600009D53C4A3C4B13603C4B136009680029FD
:10A1700001D501210800C0B270473248016851F092
:10A18000004101600020704770B50400FAF744FDFB
:10A1900005002D4A1068C00309D514F1010FF8D04D
:10A1A000FAF73AFD401BA042F3D303201EE01168EA
:10A1B00026480140002913D0204843680B434360E0
:10A1C00011F0404F05D0224B1E6811F0404006436D
:10A1D0001E60880002D021F040401060012005E0A0
:10A1E0001068C00701D501201060002070BD10B4B8
:10A1F00014490C6854F001040C600260BFF36F8FC7
:10A20000011D0B6010BC704770B4402304000D00AA
:10A210000C4A166856F480261660EFF3108272B668
:10A220002E682660241D2D1D5B1E1E00F6B2002E1A
:10A23000F6D182F3108870BC70470000B403002090
:10A24000002002401420024010200240FAC3020005
:10A25000182002400820024023016745AB89EFCD5A
:10A2600010B4DFF89820136833F47E73C40014F43C
:10A27000FF6423431360136853F0020313601368F1
:10A2800053F48033136010BC7047DFF86800017F1F
:10A290000A00D2B2012A03D00A00D2B2032A11D195
:10A2A000DFF85420136833F400731360136853F419
:10A2B00000631360136833F400631360136853F48E
:10A2C000007313600A00D2B2022A03D00A00D2B28D
:10A2D000032A0CD1084A136853F48053136013689F
:10A2E00033F480531360136853F4806313600022C7
:10A2F00002777047B403002000200240142002407F
:10A3000010B410F00703DFF8684122684FF6FF0130
:10A310000A40DFF8601151EA03210A43226010BCB1
:10A320007047DFF84C010068C0F30220704700005E
:10A33000010049B200290AD4012210F01F018A400D
:10A34000DFF8341103005BB25B0941F8232070474A
:10A35000010049B200290DD4012210F01F018A40EA
:10A36000464903005BB25B0941F82320BFF34F8FDE
:10A37000BFF36F8F704710B4020052B2002A05D4A9
:10A380000A013F4B040064B21A5508E00A013D4B34
:10A39000040064B214F00F04234403F8042C10BC2E
:10A3A000704770B4030013F00704D4F107000528C8
:10A3B00001D3042001E0D4F10700251D072D01D2AF
:10A3C000002500E0E51E012616FA00F0401E0140BF
:10A3D000A94016FA05F56D1E2A401143080070BC0D
:10A3E000704710B50400601EB0F1807F01D30120DA
:10A3F0000EE0601E244908600F215FF0FF30FFF778
:10A40000BAFF002021490860072021490860002088
:10A4100010BD10B504002000FFF772FF10BD2DE93C
:10A42000F04104000D0016000027FFF77AFF804678
:10A43000320029004046FFF7B4FF0100200040B27F
:10A44000FFF799FFBDE8F08110B50400200040B28D
:10A45000FFF76EFF10BD10B50400200040B2FFF7FB
:10A4600077FF10BD10B504002000FFF7BAFF10BD44
:10A470000CED00E00000FA0500E100E080E100E002
:10A4800000E400E018ED00E014E000E018E000E077
:10A4900010E000E090420CD141EA030C50EA4C0C71
:10A4A00007D0994205D14FF4001C1CEB410F38BF77
:10A4B0008942704710B5144600F002F8226010BDC2
:10A4C000C1F30A5343B14A0012F5001F28D2A3F288
:10A4D000FE32A1EB0251704750EA410C20D001F04E
:10A4E000004C31EA0C01B1FA81F204BFB0FA80F3FA
:10A4F000D2180B3AB2F120032CBF00FA03F19140BD
:10A5000041EA0C013EBFC2F1200C20FA0CF31943C2
:10A510009040524240F2FD33D21A01EB0351704792
:10A52000002270474FF4001C1CEB410F94BF1CEB42
:10A53000430F09E041EA030C50EA4C0C52EA0C0CC0
:10A5400003D2994208BF9042704714BF8B428242A7
:10A55000704700004FF4001C1CEB410F94BF1CEB34
:10A56000430F09E041EA030C50EA4C0C52EA0C0C90
:10A5700003D28B4208BF8242704714BF9942904277
:10A5800070470000F8B52DED0A8B41EC1A0B48001E
:10A590004015109D401C43EC182B23D051EC1A0B96
:10A5A00031F0004108BF00281CD051EC180B4800C6
:10A5B0004015401C16D051EC180B31F0004108BF7B
:10A5C00000280FD051EC1A0B0022DFF84833FFF7B8
:10A5D000A9FF80F0A38055EC184B9FED800B05F090
:10A5E0000042ACE051EC1A0B48004015401C02D16F
:10A5F000090340F0898151EC180B48004015401CBC
:10A6000001D1090353D151EC180B31F0004308BFBD
:10A61000002A08D151EC1A0B48004015401C46D1C5
:10A62000090344D10DE048004015401C12D1090334
:10A6300010D151EC1A0B48004015401C37D10903CA
:10A6400035D1AFF30080BDEC0A8B4FF0FF306FF0D7
:10A650000041F4BD51EC1A0B31F0004108BF002855
:10A6600028D151EC180B4800400D05EB000234D105
:10A6700051EC180B31F0004108BF002806D02A46E3
:10A6800051EC180B00F0CAF941EC180B51EC180B07
:10A6900020F0000231F0004308BF002A05D0480036
:10A6A0004015401C03D1090301D1AFF3008051ECE8
:10A6B000180B2BE151EC1A0B48004015401C26D119
:10A6C000090324D153EC1A2B51EC180BBDEC0A8B67
:10A6D00001B0BDE8F040FAF735BF002AC8DD40F20E
:10A6E000FF70824209DB9FED9F0B53EC102B01F0B2
:10A6F00000410B4343EC182BC8E76FF31E5141EAAE
:10A70000025155EC184B0D4645EC184BBEE755EC85
:10A71000184B9FED320B05F0004210E001227E4BFA
:10A72000FFF718FF11D89FED8F0B51EC100B55EC74
:10A73000184BAFF3008005F0004040EA010251ECF5
:10A74000100BBDEC0A8B1146F4BD53EC1A2B734869
:10A750007349FAF7F7FE41EC100B53EC102B9FED09
:10A76000719B03F0004251EC190B0C46144353EC5F
:10A77000192B51EC100B2346FAF7B6FFFBF772F8D2
:10A780000446F9F711FF41EC1B0B53EC1B2B4FF068
:10A7900078406649FAF7D6FE02460B4651EC1A0B92
:10A7A000FEF764FA06460F4653EC1B2B60486149DE
:10A7B000FAF7C8FE02460B4630463946FEF756FA0F
:10A7C00041EC1A0B21F0004100225B4BFFF7AAFE7F
:10A7D00008D2B0EE48AAF0EE68AA55E000000000EA
:10A7E0000000000053EC1A2B51EC1A0BFAF7AAFEEA
:10A7F00041EC1B0B53EC1B2B50485149FAF7A2FEBE
:10A80000504A514BFAF770FF53EC1B2BFAF79AFEA4
:10A8100041EC1C0B53EC1B2B4C484D49FAF792FEB4
:10A820004C4A4D4BFAF760FF53EC1B2BFAF78AFEAC
:10A8300053EC192BFAF758FF53EC1A2BFAF782FE58
:10A8400041EC190B53EC1C2BFAF74EFF9FED43AB79
:10A8500053EC1A2BFAF748FF06460F4651EC1C0B37
:10A8600053EC192BFEF702FA53EC1A2BFAF73CFFC4
:10A8700002460B4630463946F9F7B4FE53EC182B26
:10A88000FAF760FE41EC1A0B51EC1A0B2A1948003A
:10A89000400D02EB000319D0002B17DD40F2FF70D2
:10A8A000834209DB9FED2F0B53EC102B01F000418D
:10A8B0000B4343EC1A2B16E06FF31E5141EA035190
:10A8C00055EC1A4B0D4645EC1A4B0CE051EC1A0BAB
:10A8D00031F0004108BF002805D051EC1A0B00F000
:10A8E0009DF841EC1A0B51EC1A0B20F0000231F0EC
:10A8F000004308BF002A05D048004015401C03D182
:10A90000090301D1AFF3008051EC1A0BBDEC0A8BA7
:10A91000F4BD000000C89CC000C89C40FE822B65AE
:10A920004715F73F000000000000E03F422EE63FE1
:10A93000F2E4D5BCE7E84B3E0000903C112E578175
:10A94000A03F503F5843128C8F71BC3F4BE8A5414C
:10A95000B752013F0BBDF3DAE8708C3F00000000F6
:10A960000000F03F000000000000F07FC9B2027854
:10A970008A421AB11CBF10F8012FF9E718BF002056
:10A980007047000080B500B906A005490B681BB1EF
:10A9900022220021984701E001F086F8222002BD22
:10A9A00068260020636F6E73747261696E7420682C
:10A9B000616E646C65723A20626164206D657373C8
:10A9C00061676500C9B2830706D0521E22D310F812
:10A9D000013B9942F7D11FE0083A13D302F1040278
:10A9E00041EA012141EA014150F8043B121F21BF15
:10A9F0004B40A3F1013C2CEA030C1CF0803FF3D048
:10AA0000C9B2001F083210F8013B521E28BF91EA5C
:10AA1000030FF8D818BF0120401E7047124254D4CB
:10AA200040F2FF7C1CEA11530FD0634531D09B18D4
:10AA300063453CBF01EB0251704701F0004141EA20
:10AA40000C510020AFF30080704750EA410320D042
:10AA500001F0004C91EA0C011CD0B1FA81F30B3BE0
:10AA60009A420DD9D21A994051EA0C01C3F1200C37
:10AA700020FA0CFC61449840531C40F2FF7CD7E75D
:10AA8000914041EA0C01C2F1200C20FA0CF3194369
:10AA900090407047B0FA80F31533202BE0D3202A82
:10AAA000EED3203A203B9A4209D9D21A00FA03F198
:10AAB00041EA0C010020531C40F2FF7CB8E700FA89
:10AAC00002F141EA0C0100207047524240F2FF7C43
:10AAD0001CEA11530DD06345DBD0B2EB030C3CBF35
:10AAE000A1EB025170470CF1010221EA035141F43C
:10AAF000801150EA410CCCD001F0004C352A27DC03
:10AB000030B481EA0C01B2F1200309DAC2F120036A
:10AB1000044601FA03F5D0402843D1409C400CE0A4
:10AB2000C3F12002450020FA03F418BF44F00104E9
:10AB300021FA03F091400C43002174F1004550F1DB
:10AB4000000051EB0C01244230BC7FF47BAF704716
:10AB50006146002076E70000400D491840EA812058
:10AB60000CD2490DA1F58061491C40F0004005DB85
:10AB7000D1F11F0154BFC840C01770470020704773
:10AB800000487047EC09002080B52C482C49016032
:10AB90004FF482714160002181604FF4E061C16037
:10ABA00000210161002141614FF4007181610021A8
:10ABB000C1610021016200214162002181620721FF
:10ABC000C1620021016308214163FDF73DFD0028BA
:10ABD00001D000F09EF801BD10B586B0040014222B
:10ABE000002101A800F097F820681549884222D179
:10ABF0001448016851F480410160006810F48040FD
:10AC0000009000981048016851F00201016000684E
:10AC100010F00200009000984FF4204001900220B4
:10AC2000029000200390032004900520059001A9C4
:10AC30000648F6F7C5FD06B010BD000068220020EA
:10AC400000380040581002404C10024000040048F8
:10AC500080B500F02DFF00F013F800F03BFF01F08D
:10AC600021F801F04FF8FEF773F801F061F8FFF7F3
:10AC70008BFFFEF789F8FEF7A5F800F04FFBFEE723
:10AC800010B596B04421002205AC2000FAF746F931
:10AC9000142100226C462000FAF740F94FF40070AE
:10ACA00000F0BEFE002801D000F033F81820059017
:10ACB00001200A9001200B9000200C9060200D9044
:10ACC00002200F9001201090012011902820129056
:10ACD00007201390022014900220159005A8FEF77B
:10ACE000E3FC002801D000F014F80F2000900320AE
:10ACF0000190002002900020039000200490042185
:10AD00006846FFF715F8002801D000F002F816B0E9
:10AD100010BD72B6FEE710B5044610460A4601465D
:10AD20002046FAF7FBF8204610BD00002DE9F84F49
:10AD300005005FF0000800272868000527D5686C2B
:10AD400000280DD0B0F5000F03D0B0F5400F0DD0A6
:10AD50000DE0DFF82403016851F48031016008E060
:10AD60000021281D00F092F9804602E001E0012058
:10AD700080464046C0B2002808D1DFF80C130A68AC
:10AD800032F44002686C02430A6000E047462868DB
:10AD900080037AD55FF00009DFF8E0A2DAF800005E
:10ADA000C0000DD4DAF8000050F08050CAF800005E
:10ADB000DAF8000010F080500090009801208146E1
:10ADC000DFF8BCB2DBF8000050F48070CBF8000074
:10ADD000F9F722FF0600DBF80000C00506D4F9F7FA
:10ADE0001BFF801B0328F6D3032080464046C0B2D9
:10ADF00000283FD1DFF88CB2DBF8000010F440707F
:10AE00000400002C15D0E86D844212D0DBF800005D
:10AE100030F440700400DBF8000050F48030CBF8D0
:10AE20000000DBF8000030F48030CBF80000CBF8F5
:10AE30000040E0070FD5F9F7EFFE0600DBF8000051
:10AE4000800708D4F9F7E8FE801B41F28931884277
:10AE5000F4D3032080464046C0B2002808D1DBF876
:10AE6000001031F44071E86D0143CBF8001002E0AE
:10AE7000474600E047464846C0B2012805D1DAF807
:10AE8000000030F08050CAF800002878C00707D5CD
:10AE9000DFF8F4110A6892089200286A02430A60F7
:10AEA0002878800707D5DFF8E0110A6832F00C0235
:10AEB000686A02430A602878400707D5DFF8C8119E
:10AEC0000A6832F03002A86A02430A6028788006D5
:10AED00007D5DFF8B4110A6832F44062E86A024329
:10AEE0000A602868800507D5DFF89C110A6832F4EB
:10AEF0004022E86B02430A602868400507D5DFF866
:10AF000088110A6832F44012286C02430A602878DB
:10AF1000400607D5DFF870110A6832F44052286BFA
:10AF200002430A602878000607D5DFF85C110A683A
:10AF300032F44042686B02430A602868C00507D5B6
:10AF4000DFF844110A6832F44032A86B02430A6009
:10AF50002868800420D5DFF830110A6832F040629A
:10AF6000A86C02430A60A86CB0F1006F06D1DFF84C
:10AF70000801016851F4801101600DE0A86CB0F186
:10AF8000806F09D10121281D00F080F880464046DD
:10AF9000C0B2002800D047462868000320D5DFF85B
:10AFA000E8100A6832F04062E86C02430A60E86C1C
:10AFB000B0F1006F06D1DFF8C000016851F48011D4
:10AFC00001600DE0E86CB0F1806F09D10121281D0E
:10AFD00000F05CF880464046C0B2002800D04746EA
:10AFE0002868400320D5DFF8A0100A6832F04062DC
:10AFF000286D02430A60286DB0F1006F06D1DFF8BA
:10B000007800016851F4801101600DE0286DB0F105
:10B01000806F09D10121281D00F038F88046404694
:10B02000C0B2002800D047462868400415D5DFF894
:10B0300058100A6832F04052686D02430A60686D29
:10B04000B0F1805F09D10221281D00F01FF8804671
:10B050004046C0B2002800D047462868000407D503
:10B06000DFF824100A6832F08042A86D02430A60BB
:10B070003800C0B2BDE8F28F0C10024058100240F8
:10B080000070004090100240881002402DE9F0410D
:10B0900005000C0000275949086810F0030F12D072
:10B0A000086810F003002A68904209D12868002837
:10B0B00006D00868C0F30210401C6968884232D08C
:10B0C000012007002FE02868012804D01BD30328A3
:10B0D0000FD007D317E04A480068800701D4012049
:10B0E000070012E046480068400501D4012007002F
:10B0F0000BE043480268920304D40068400301D483
:10B100000120070001E0012007003800C0B200283C
:10B1100009D10A6832F07302286802436868401E49
:10B1200052EA00120A603800C0B2002861D1DFF88C
:10B13000D080D8F8000030F08060C8F80000F9F73F
:10B140006BFD0600D8F80000000106D5F9F764FD94
:10B15000801B0328F6D3032007003800C0B2002864
:10B1600047D1002C0BD127490A6827480240A8681C
:10B1700052EA0022E86852EAC0620A601CE0012C30
:10B180000DD120490A6821480240A86852EA0022ED
:10B1900028694008401E52EA40520A600CE01949F2
:10B1A0000A681B480240A86852EA00226869400801
:10B1B000401E52EA40620A60D8F8000050F08060F9
:10B1C000C8F80000F9F728FD0600D8F800000001D3
:10B1D00006D4F9F721FD801B0328F6D303200700CE
:10B1E0003800C0B2002804D106490A68A8690243A1
:10B1F0000A603800C0B2BDE8F08100000C100240C7
:10B200000010024010100240FF80FF07FF809FFFE8
:10B21000FF80FFF910B5040000F015FF012010BDFC
:10B2200038B50400DFF89414087800280ED1012006
:10B230000870DFF88C048088DFF88814088021000B
:10B24000C9B2DFF88404F9F744FE22E0DFF87404A1
:10B25000DFF86C54AA8803889A4212D10020087043
:10B26000AA8829680220F6F7D1FCA2A10220F6F7ED
:10B27000E3FC0121280000F08BFF2800F6F7A8FC72
:10B2800007E0A98801802100C9B2DFF83C04F9F782
:10B2900020FE012032BD10B50400FEF791F9012017
:10B2A00010BD10B50400DFF824140320F6F7D2FC1B
:10B2B0000421DFF81404F9F70CFE012010BD010091
:10B2C00001207047010001207047010001207047F4
:10B2D00080B500F0D5FD01F049F801BD1CB500F0C6
:10B2E0004AF801F0B9F8F8F74DFDF6F737FDF8F731
:10B2F00049FDDFF8DC43002000900FF249130022E3
:10B300005FF0FF31200000F0C5FDDFF8C81320001A
:10B3100000F07CFE200000F0E3FD13BDF8B5002432
:10B32000FFF7D6FFFFF7DAFFDFF8AC130320F6F7DD
:10B3300083FCDFF8A8130320F6F77EFCDFF8A013E8
:10B340000320F6F779FC00F097F8012803D14FF4B9
:10B35000FA60FAF78DFC002500F01DF806002E4378
:10B3600001F085F807003743F8F72EFD3843040055
:10B37000F6F73FFDEFE780B500F09AF800F09CF893
:10B380000FF2B500DFF85C1308600FF2D500DFF8AC
:10B390005813086001BD70B5002000240025280066
:10B3A000C0B207283BDADFF820632800C0B20001F2
:10B3B00030444078012830D12800C0B2042801D0A0
:10B3C000012004002800C0B2000130444068002879
:10B3D0000ED0F9F721FC2900C9B2090131444968AE
:10B3E000401A2900C9B2090131448968884214D33E
:10B3F00000202900C9B2090131444870F9F70CFC5A
:10B400002900C9B20901314448602800C0B22900AE
:10B41000C9B209013144C96888476D1CBFE7AA4A0F
:10B4200092F84100002803D104211000F9F751FDE2
:10B430002000C0B270BD000080B50021A248F9F71D
:10B4400039FD01BD10B50400A8490320F6F7F4FB4F
:10B4500005219D48F9F72EFD00F001F810BD704759
:10B4600038B504000D004FF47A732A0092B221001F
:10B470009F48FAF74EFC31BD38B500250024FEF791
:10B48000A3FD0100880110D4C8000ED488000CD49C
:10B4900048000AD4002908D4480102D5012004003C
:10B4A00003E0080101D5012004002000C0B232BD34
:10B4B00080B5FDF787FC01BD80B564228D498C48BD
:10B4C000FEF7B8F88C480168096831F0040100689B
:10B4D0000160002089490880002201212720FEF711
:10B4E0009EFF2720FEF7B0FF01BD80B58048FAF728
:10B4F000A5FC01BD0D0A00002DE9F0410400002566
:10B5000000217E4A16887C4FF869002823D16C48B8
:10B51000828812FA84F2B2F5966F01D300228280FB
:10B520005FF000084146220089B292B291420ED2E9
:10B53000016882881144424692B26E4BC4461FFA9B
:10B540008CFC13F80C308B5418F10108EAE7818861
:10B550006118818077E03000230080B29BB298426E
:10B5600029D2A01B05005648838813FA85F3B3F54A
:10B57000966F01D3002383805FF0000841462B00C3
:10B5800089B29BB2994212D201688388194443461A
:10B590009BB2DFF860C1C6461FFA8EFE1EFA86FE19
:10B5A0001CF80EC001F803C018F10108E6E7818815
:10B5B0006918818046E0D6F164000500404B988808
:10B5C00010FA84F010FA85F0B0F5966F01D30020E0
:10B5D000988000200100AC4689B21FFA8CFC6145BE
:10B5E00013D21968B3F804C0614484461FFA8CFC76
:10B5F000DFF800E180461FFA88F818FA86F81EF88E
:10B6000008E001F80CE0401CE4E75FF00008404669
:10B61000210080B289B2884210D218689988084403
:10B62000414689B2DFF8CCC0C6461FFA8EFE1CF830
:10B630000EC000F801C018F10108E8E79988281940
:10B64000411899801480F86900280AD16422294998
:10B650002748FDF7EFFF3868006830F004003968CC
:10B66000086001211848F9F725FCBDE8F0810100C8
:10B67000234801600020704780B52248016851F4DA
:10B6800080410160016831F4804101601848FDF794
:10B69000C9FC002002BD38B504000D00124A106834
:10B6A000002804D0290089B22000126890470020A9
:10B6B000134909688847002032BD00007C2600201D
:10B6C0005004002070260020D80300203CE9000828
:10B6D000C425002080A9030058E80008CCE8000831
:10B6E000E8E80008542600206426002004E9000849
:10B6F000601F0020CC220020202400206E26002085
:10B70000402600204010024080B501221749184809
:10B71000FAF765FB002201212520FEF780FE252097
:10B72000FEF792FE01BD704738B504000D480F4981
:10B730000A78036885885A558288521C82808288DC
:10B7400040F2FF139A4201D300228280012208486E
:10B75000FAF745FB01200449087002210548F9F772
:10B76000B8FB31BDDC0900208426002083260020A0
:10B77000D81E0020F00400202DE9F84785B0050010
:10B780000E0014001F000020ADF802005FF0000A58
:10B79000DFF80C22107AA84202D27FF0040055E0B4
:10B7A000D0683040B04202D07FF005004EE05068D3
:10B7B000002806D0002C04D00DF1020101A8526827
:10B7C00090470DF1380843463A004FF40071DFF816
:10B7D000DC0100F056FF814600F0CFF86946BDF865
:10B7E000020010EB090080B200F076F810F1010FB2
:10B7F00028D05FF0000A5046BDF8021080B288429F
:10B8000010D201A8514689B2405CDFF89811BDF80A
:10B8100000208854BDF80000401CADF800001AF16B
:10B82000010AE8E743463A004FF40071DFF874017B
:10B83000BDF800C0604400F024FF00F0A3F800F061
:10B8400008F803E000F09EF87FF0020006B0BDE8C3
:10B85000F08770B50024002500F099F8002837D152
:10B8600000F08BF84E4E308A718A88422ED0B07824
:10B8700001280ED13188308A091AB1820220B070B5
:10B8800000203080B08A002803D10020B070002052
:10B890003082B07800280CD1308A718A884204D274
:10B8A000718A308A091AB18203E0308AD0F580604B
:10B8B000B0823C48318A0844050000F079F8B18A2A
:10B8C0002800394A92689047040001E000F05AF8D5
:10B8D000200040B270BD000070B402005FF0FF3085
:10B8E0002F4B5C8A1D8AAC4216D15C8AD4F58064E9
:10B8F00015002600ADB2B6B2B5422BD315001E8A94
:10B90000ADB2B54226D201259D705D8A1D801D8A8B
:10B910002C0000255D821DE01C8A5D8AAC4216D297
:10B920005C8AD4F5806415002600ADB2B6B2B5428B
:10B9300010D315001E8AADB2B5420BD201259D7001
:10B940005D8A1D801D8A2C0000255D8202E01D8A13
:10B950005C8A2C1B15002600ADB2B6B2B54209D2E6
:10B960005D8A0D805D8A15FA82F5AD05AD0D5D82AB
:10B970000023180000B270BC70470948C18A491CF6
:10B98000C18270470648C18A491EC1827047044877
:10B99000C08A002801D1002000E00120704700008B
:10B9A000AC250020DC12002034ED0008DC1600205D
:10B9B0007047000038B504000025134908780028B6
:10B9C0001DD04FF47A700978B0FBF1F00F49096887
:10B9D000B1FBF0F0FEF746FD00280DD1102C08D287
:10B9E000002221005FF0FF30FEF719FD08480460D7
:10B9F00007E00120050004E00120050001E001202E
:10BA000005002800C0B232BD270A0020D403002060
:10BA1000B0030020DFF88000006810F4C0607047B9
:10BA20000200B2F5007F26D1DFF86C00036813F442
:10BA3000C063B3F5007F2CD0036833F4C06353F4C4
:10BA400000730360DFF85400036832204343DFF8DB
:10BA50005000B3FBF0F0401C0100DFF84800036821
:10BA60005B0503D5002901D0491EF6E700684005B3
:10BA70000FD503200EE0DFF82000036813F4C06345
:10BA8000B3F5806F05D0036833F4C06353F480636B
:10BA9000036000207047000000700040D4030020C5
:10BAA00040420F0014700040012000F0DBBE000097
:10BAB00010B500240320FEF7ACFC0F20FFF77AFF3F
:10BAC000002802D00120040001E000F0D5FE200093
:10BAD000C0B210BD70B586B0142200216846FFF7D1
:10BAE0001AF96B48016851F004010160016811F016
:10BAF000040105910599016851F080010160016818
:10BB000011F0800105910599016851F00101016072
:10BB1000016811F0010105910599016851F00201D8
:10BB20000160016811F0020105910599016851F069
:10BB300008010160006810F0080005900598554C58
:10BB4000002243F2C1312000F5F7D9FF00224FF463
:10BB5000F8515FF09040F5F7D2FF4F4D00220421DD
:10BB60002800F5F7CCFF4D4E002238213000F5F7C4
:10BB7000C6FF42F2C13000900120019000200290E7
:10BB80000020039069462000F5F71AFE4CF21E00D3
:10BB90000090032001900020029069462000F5F7F4
:10BBA0000FFE0B20009003200190002002906946B8
:10BBB0003B48F5F705FE48F2FF0000900320019096
:10BBC0000020029069465FF09040F5F7F9FD2020D3
:10BBD0000090002001900020029069462000F5F7B7
:10BBE000EFFD0720009000200190002002906946A0
:10BBF0003000F5F7E5FD4FF4A640009003200190DA
:10BC00000020029069463000F5F7DAFD4FF4F85055
:10BC100000900120019000200290002003906946CE
:10BC20005FF09040F5F7CCFD4FF48050009001207C
:10BC30000190002002900320039069462000F5F750
:10BC4000BFFD042000900120019000200290002000
:10BC5000039069462800F5F7B3FD182000900120F5
:10BC60000190002002900020039069463000F5F713
:10BC7000A7FD2020009001200190002002900320C9
:10BC8000039069463000F5F79BFD06B070BD00BF1C
:10BC90004C10024000080048000C00480004004816
:10BCA000001C004880B51648016851F0020101608F
:10BCB000016811F0020100910099016851F0010141
:10BCC0000160006810F0010000900098002200213F
:10BCD0000D20FEF7A4FB0D20FEF7B6FB002200218D
:10BCE0000F20FEF79CFB0F20FEF7AEFB0022002189
:10BCF0004520FEF794FB4520FEF7A6FB01BD00BFE3
:10BD00004810024080B508480849016000214160A0
:10BD100040F6FF71C1608160F9F769FF002801D02A
:10BD2000FEF7F7FF01BD00BFDC250020003000401A
:10BD300018B591B01422002101A8FEF7ECFF0422EF
:10BD400000216846FEF7E7FF2C22002106A8FEF737
:10BD5000E2FF484C48482060002060607F20A060DF
:10BD6000FF20E06000202061002060610020A061D1
:10BD70000020E061200000F09BFD002801D0FEF7CC
:10BD8000C8FF00208DF8040000208DF80500002079
:10BD90008DF806000020049000200590012201A9E2
:10BDA000200000F0EAFD002801D0FEF7B2FF0120DC
:10BDB0008DF8000001208DF8010001208DF80200AF
:10BDC00000208DF8030001226946200000F083FE68
:10BDD000002801D0FEF79DFF00208DF818000020FC
:10BDE0008DF8190000208DF81A000020079000201F
:10BDF000099000200A9000200B9000200D90002058
:10BE00000E9001208DF83C004FF4807010900122BC
:10BE100006A9200000F0EEFE002801D0FEF779FF11
:10BE200012B010BD10B598B0040060220021684621
:10BE3000FEF771FF20681049884219D15FF4003085
:10BE400000904FF4007017906846FEF76FFF0028CF
:10BE500001D0FEF75EFF0948016851F4004101601E
:10BE6000002200212920FEF7DAFA2920FEF7ECFA59
:10BE700018B010BD5425002000280040901002404A
:10BE800080B50020DFF800130860DFF800030068C9
:10BE9000804702BD2DE9F04104000D0016001F008F
:10BEA000DDF81880002C18D03800002815D00020AC
:10BEB00020602800DFF8D412496A884760600020BB
:10BEC0002072002060720020A072E760C4F8108029
:10BED000E67200206061002000E00120BDE8F081F2
:10BEE0002DE9F04704005FF00008002C3BD0200053
:10BEF00000F002F9002836D1607A002833D160685A
:10BF00000700DFF88892D9F8200080470600B74282
:10BF100000D23700276000202072012060720020CC
:10BF2000A072DFF864A2DAF80000002806D1D9F880
:10BF300010008047200000F019F916E0D9F8180029
:10BF4000804705002068281820602068DAF8001073
:10BF50000968884203D2200000F008F905E02000BB
:10BF600000F0EDF801E0012080464046C0B2BDE897
:10BF7000F0872DE9F04105000026002D40D0DFF8C4
:10BF80000882D8F80070D8F800400120A872D8F8CC
:10BF90000000002836D000206872D8F80000A842BF
:10BFA0001AD10020D8F800100872D8F800004069B3
:10BFB000002809D0D8F800004069C8F80000D8F877
:10BFC000000000F0A6F818E0DFF8C001C068804764
:10BFD0000020C8F8000010E0002C0ED0AC4209D1BF
:10BFE0006069002802D064697C6102E000200400DE
:10BFF0007C6102E027006469EEE70020060001E0B2
:10C00000012006003000C0B2BDE8F08170B5040028
:10C010000D000026002C02D10120060010E02800AF
:10C020005A49496A88476060200000F065F8002896
:10C0300006D02000FFF79DFF2000FFF751FF06000C
:10C040003000C0B270BD2DE9F843504D686980479B
:10C050000600286980470700B7EB0608DFF828913B
:10C06000D9F8000000280FD0D9F80000040020689B
:10C07000804504D22068B0EB0800206001E0002079
:10C0800020606469002CF2D1D9F80000002824D087
:10C09000D9F800000068002806D0A8698047D9F8C0
:10C0A00000100968814218D2D9F800000400D9F8BC
:10C0B00000004069C9F80000002020720020607272
:10C0C0002069E1688847E07A0128DDD1A07A00285C
:10C0D000DAD12000FFF704FFD6E7D9F800000028E6
:10C0E00008D0D9F80000007A002803D1D9F8000060
:10C0F00000F00FF8BDE8F183020023480168002931
:10C1000005D0914201D1012002E04969F7E7002002
:10C11000704770B504001D4D286A80470600012055
:10C120002072A869804721683018814203D2A8692B
:10C130008047301820602068A968884770BD10B417
:10C1400011490A6809684B695169002909D01968C1
:10C150000468A14202D21A005B69F5E750614361AD
:10C1600002E050610021416110BC704738B5050004
:10C1700005480468002C01D0002121726C61056023
:10C180000068FFF7C6FF31BD5826002070E70008A1
:10C190002DE9FC4704000D005FF0FF3600226E4BD6
:10C1A000D3E90001CDE900015FF000094846A1880C
:10C1B00080B2884224D22068494689B2405C3D283A
:10C1C00005D02068494689B2405C3F2800D117E07D
:10C1D0002068494689B2405C41280EDB2068494608
:10C1E00089B2405C5B2808DA2068494689B2405C25
:10C1F000203021684A4692B2885419F10109D5E7E6
:10C2000000273800C0B2412880F2A280DFF84C81BC
:10C2100021003800C0B200014044083000F00FFF98
:10C220000600002E00F192803800C0B200014044A8
:10C230004068002800F08A803800C0B20001404405
:10C240004068002808D14FF47A73A288210044483E
:10C25000F9F75FFD01207CE0DFF808A15046F5F713
:10C26000B7FC0020010089B2A288921B914223DA18
:10C2700021683144020092B2895C3F290AD02168CA
:10C280003144020092B2895C3D2903D0BAF804100F
:10C29000802900DB10E021683144020092B2895C01
:10C2A000DAF80020BAF80430D154BAF80410491C66
:10C2B000AAF80410401CD5E73900C9B2090141446D
:10C2C000898916FA81F6B1464846A18880B288422B
:10C2D00026D22068494689B2405C0D280CD14846D8
:10C2E00080B2A188491E884206DA2068494689B290
:10C2F000084440780A2813D0BDF8040080280CD2E6
:10C300002068494689B2405C0099BDF804208854F1
:10C31000BDF80400401CADF8040019F10109D3E791
:10C32000114805702800C0B2401E012802D9801EA5
:10C3300009D009E0002168463A00D2B21201424415
:10C340005268904700E0FFE7012002E07F1C58E7B9
:10C350000020BDE8F68700BF30EF0008C4050020CC
:10C36000601F0020BC0500208026002010B586B08C
:10C37000DFF84840002201A9200000F079FB0022EC
:10C380006946200000F00DFCDFF834009DF806102F
:10C3900081709DF8051041709DF8041001709DF8A2
:10C3A0000010C1709DF8021001719DF801104171DB
:10C3B0009DF80310817106B010BD000054250020C7
:10C3C0001426002001000120704770B50400494D7B
:10C3D000494E30786978884207D04848697850F8E3
:10C3E000210000F01AF8687830702100C9B2444882
:10C3F000F8F76FFD012070BD10B504004148C0780A
:10C40000012802D14048F7F7D9FE3F48F5F7E0FB95
:10C41000012010BD01000120704710B504003B4809
:10C420003B4901604460002181600021C16000211E
:10C4300001610C214161002181610021C161002164
:10C44000016200214162F9F727FC002801D0FEF7C4
:10C4500060FCFFF759F910BD80B5F7F797FE274844
:10C460002449497850F82100FFF7D7FF01BD70B586
:10C470000020002400252800C0B2042836DA204E0F
:10C480002800C0B200013044407801282CD101209E
:10C4900004002800C0B200013044406800280ED0DB
:10C4A000F8F7BAFB2900C9B2090131444968401ABA
:10C4B0002900C9B2090131448968884214D3002097
:10C4C0002900C9B2090131444870F8F7A5FB2900D9
:10C4D000C9B20901314448602800C0B22900C9B27C
:10C4E00009013144C96888476D1CC4E72000C0B207
:10C4F00070BD0000240A00207D260020BC0400201E
:10C50000F004002048260020DC090020D81E00206E
:10C5100000380140020000201168097830290CDB46
:10C52000116809783A2908DA11684B1C13600A234C
:10C53000097803FB00103038EEE770472DE9F04F23
:10C5400091B00400DDF868801B9D1C9EDFF8080395
:10C550000768700603D5DFF8040300680700022BA4
:10C5600001DB252B01DB002088E0F00702D55FF01E
:10C57000300C01E05FF0200C5FF0000EB00706D534
:10C58000002A04D52D2086465242B8F101085FF0FA
:10C590000009002A06D13020EA460AF8090019F1FC
:10C5A000010910E0002A0ED010009A46B0FBFAFBF9
:10C5B0000AFB1B00385CEA460AF8090019F1010978
:10C5C000B2FBF3F2EEE74D4500DA4D46B8EB050855
:10C5D000F0070DD44046B0F10108012808DB202007
:10C5E0002070641C491E002901D1200046E0F1E7BB
:10C5F0007046C0B2002807D084F800E0641C491ED1
:10C60000002901D1200039E04046B0F1010801289D
:10C6100008DB84F800C0641C491E002901D12000F9
:10C620002CE0F1E72800451E814508DA3020207013
:10C63000641C491E002901D120001FE0F2E7484692
:10C64000B0F1010901280ADB684610F809002070E2
:10C65000641C491E002901D120000FE0EFE740468D
:10C66000B0F10108012808DB20202070641C491E5D
:10C67000002901D1200001E0F1E7200011B0BDE860
:10C68000F08F2DE9F74F88B005001E0009980128AA
:10C6900001DA0020DDE0AA460A980078002806D1D9
:10C6A000BAEB05000999491E8842C0F2CC80BAEB6A
:10C6B00005000999491E884280F2C5800A980078D1
:10C6C000252806D00A9800788AF800001AF1010A95
:10C6D000B5E0002080460A98401C0A900A9800782D
:10C6E000302801D158F001085FF0FF3BD9460A9885
:10C6F0000078302807DB0A9800783A2803DA0AA87D
:10C70000FFF708FF8146CDF81CB0CDF818B00A201D
:10C7100005900A980078582843D063280AD06428E6
:10C7200044D0692842D0732816D0752840D0782884
:10C7300039D03EE0B9F10109B9F1010F05DB202044
:10C740008AF800001AF1010AF4E73068361D8AF809
:10C7500000001AF1010A72E03068361D0400002C56
:10C7600001D13F4804002000F7F7FEFE0490484640
:10C77000B0F101090499814205DA20208AF800000D
:10C780001AF1010AF3E7002007000498874207DA4C
:10C7900020788AF80000641C1AF1010A7F1CF4E773
:10C7A0004DE058F040081020059026E058F00208AF
:10C7B00023E00A980078252804D025208AF8000074
:10C7C0001AF1010ABAEB05000999491E884214DAE8
:10C7D0000A980078002806D00A9800788AF80000A5
:10C7E0001AF1010A02E00A98401E0A90BAEB05000D
:10C7F0000999491E884200DA21E006986C2803D185
:10C800003068361D039009E05FEA887003D5306810
:10C81000361D039002E03068361D0390CDF8088085
:10C8200007980190CDF80090059B039A0999491E3D
:10C83000BAEB0500091A5046FFF780FE82460A98B7
:10C84000401C0A9028E700208AF80000BAEB050592
:10C8500028000BB0BDE8F08FE4090020E8090020B3
:10C8600038EF000880B5AFF30080024A11001820AD
:10C87000ABBEFBE72600020081B00B48016851F017
:10C8800001010160006810F0010000900098074865
:10C89000016851F080510160006810F080500090F4
:10C8A000009801B0704700BF60100240581002406D
:10C8B00070B504000125002C5CD094F821000028FC
:10C8C00005D1002084F820002000FFF7ABFA0220F9
:10C8D00084F821002068C068C00642D4CA202168BC
:10C8E0004862532021684862200000F02AFB0600BD
:10C8F0003000C0B200281AD120688168DFF8E8064D
:10C900000140206881602068816862682069024374
:10C91000A0690243114320688160E06821680861D2
:10C9200020680069A16850EA014021680861200080
:10C9300000F02DFB05002800C0B200280DD12068B2
:10C94000C06C800880002168C8642068C16CE269FE
:10C950006069024311432068C164FF202168486276
:10C9600001E0002005002800C0B2002802D101200B
:10C9700084F821002800C0B270BD2DE9F047050001
:10C980000E00140095F82000012801D102206DE06E
:10C99000012085F82000022085F82100CA2029689E
:10C9A0004862532029684862280000F0CAFA80468D
:10C9B0004046C0B200284AD1002C20D128688068A7
:10C9C000400601D40020F070307800F01FFB824652
:10C9D000707800F01BFB8146B07800F017FB5FFA1F
:10C9E0008AFA5FFA89F95FEA092959EA0A49C0B265
:10C9F00050EA0909F07859EA80594F4610E0286852
:10CA00008068400601D40020F07030787178090207
:10CA100051EA0041B0780143F07851EA80510F00AB
:10CA2000DFF8C8053840296808602868806830F455
:10CA300080202968886028688168F268306902432C
:10CA4000114328688160280000F0A1FA8046FF2089
:10CA5000296848624046C0B2002802D1012085F80A
:10CA60002100002085F820004046C0B2BDE8F087D4
:10CA7000F8B505000E0014002868806A7060286808
:10CA800000694004400CB06028680768DFF85C0566
:10CA900007403800000C10F03F0030703800000AEA
:10CAA00010F07F00707017F07F00B0703800800DBC
:10CAB00010F00100F070002C0BD1307800F0B4FAC7
:10CAC0003070707800F0B0FA7070B07800F0ACFAA6
:10CAD000B0700020F2BD2DE9F04105000E001400F9
:10CAE00095F82000012801D1022058E0012085F8A6
:10CAF0002000022085F82100002C07D17078C006A4
:10CB000004D5707810F0EF000A307070002C16D148
:10CB1000F07800F07BFA8046707800F077FA070032
:10CB2000B07800F073FA5FFA88F8FFB23F0257EA74
:10CB30000847C0B20743307857EA403709E0F07839
:10CB400077783F0257EA0047B0780743307857EAD2
:10CB50004037CA2029684862532029684862280063
:10CB600000F0EFF980464046C0B2002808D1DFF857
:10CB70008004384029684860280000F008FA8046A0
:10CB8000FF20296848624046C0B2002802D1012037
:10CB900085F82100002085F820004046C0B2BDE89D
:10CBA000F081F8B505000E00140028684768DFF82A
:10CBB000400407403800000CF0703800000A10F004
:10CBC0001F00707017F03F00B0703800400B10F07D
:10CBD00007003070002C0BD1F07800F025FAF070CF
:10CBE000707800F021FA7070B07800F01DFAB07023
:10CBF0000020F2BD2DE9F84305000E00140095F861
:10CC00002000012801D10220E5E0012085F8200064
:10CC1000022085F82100002C2DD12868806840066C
:10CC200001D40020F070306A0028FFD0307800F086
:10CC3000EDF98046707800F0E9F90700B07800F06F
:10CC4000E5F9814696F8240000F0E0F95FFA88F8EB
:10CC5000FFB23F0257EA08475FFA89F959EA070726
:10CC6000F17857EA8157C0B257EA0067306A074344
:10CC70007069074317E028688068400601D40020E7
:10CC8000F070307877783F0257EA0047B078074372
:10CC9000F07857EA805796F8240057EA0067306A20
:10CCA000074370690743D6F80480F06950EA080822
:10CCB000CA2029684862532029684862B06AB0F5E2
:10CCC000807F39D12868806830F480702968886056
:10CCD0002868C06810F0800070F4C0702968C860CF
:10CCE000F7F79AFF81462868C068C00712D4F7F7A3
:10CCF00093FFB0EB090040F2E9318842F3D3FF2003
:10CD000029684862032085F82100002085F820006A
:10CD1000032060E02868C7612868C0F8448028685C
:10CD2000806850F48070296888602868806850F4B2
:10CD300080502968886038E02868806830F4007086
:10CD4000296888602868C06810F0800070F420703E
:10CD50002968C860F7F760FF81462868C0688007C7
:10CD600012D4F7F759FFB0EB090040F2E9318842DD
:10CD7000F3D3FF2029684862032085F821000020B2
:10CD800085F82000032026E0286807622868C0F89C
:10CD900048802868806850F4007029688860286896
:10CDA000806850F4005029688860DFF84802016804
:10CDB00051F480210160DFF84002016851F48021C4
:10CDC0000160FF2029684862012085F821000020C9
:10CDD00085F820000020BDE8F28370B504000D0046
:10CDE00094F82000012801D1022062E0012084F89B
:10CDF0002000022084F82100CA20216848625320C4
:10CE000021684862B5F5807F24D12068806830F4BD
:10CE10008070216888602068806830F480502168C4
:10CE20008860F7F7F9FE06002068C068C00736D4AE
:10CE3000F7F7F2FE801B40F2E9318842F4D3FF207D
:10CE400021684862032084F82100002084F8200033
:10CE500003202EE02068806830F40070216888602C
:10CE60002068806830F4005021688860F7F7D4FEAD
:10CE700006002068C068800711D4F7F7CDFE801B3C
:10CE800040F2E9318842F4D3FF2021684862032050
:10CE900084F82100002084F82000032009E0FF200E
:10CEA00021684862012084F82100002084F82000D5
:10CEB000002070BD10B504005FF480204F49086069
:10CEC00020688068C0040ED52068C068C0050AD5F7
:10CED0002068C06810F0800070F4C0702168C860DD
:10CEE000200000F027FA2068806880040ED52068B2
:10CEF000C06880050AD52068C06810F0800070F412
:10CF000020702168C860200000F060FB012084F8D8
:10CF1000210010BD38B5040039482168C860F7F712
:10CF20007BFE05002068C068800608D4F7F774FE11
:10CF3000401B40F2E9318842F4D3032000E0002096
:10CF400032BD70B5040000262068C06840061BD4BE
:10CF50005FF0FF302168C860F7F75EFE05002068CB
:10CF6000C068400610D43000C0B203280CD0F7F7D8
:10CF700053FE401B40F2E9318842F0D30320060003
:10CF8000032084F82100EAE73000C0B270BD70B51C
:10CF9000040000251B48016831F0800101601A4E31
:10CFA000306880060AD42000FFF7B4FF002817D0AD
:10CFB000032084F821000320050011E0306830F0E0
:10CFC000200030602000FFF7A5FF002804D00320D8
:10CFD00084F8210003200500306850F02000306004
:10CFE0002800C0B270BD0000BFFF8FFF7F7F7F00B1
:10CFF0003FFFFF0000040140080401401404014009
:10D000005FFF03000C2800400828004001000022B8
:10D0100008000300DBB20A2B02D3521C0A38F8E7DF
:10D0200050EA0210C0B270470100C9B209090A22D1
:10D0300011FB02F110F00F004018C0B270472DE94B
:10D04000FE4F04000D000020002600270021ADF84F
:10D0500004105FF001085FF000095FF0000A21682A
:10D060000978212901D101218A465FF0000B584639
:10D0700000B2A988884272DA20685146C9B2405C81
:10D0800029685A4612B2895C884265D101208046DF
:10D090005046C0B2401C0600002081460020ADF87A
:10D0A0000400300000B2A18888424ADA20683100CA
:10D0B00009B2405C7C281ED1BDF90400002804D1CF
:10D0C0000120814616EB0B00070001A800903B00F1
:10D0D0001BB22A002100701C00B200F059F88046F3
:10D0E0004046C0B2012806D15146C9B2584600B2E6
:10D0F00000F03DF839E04846C0B200280FD1206862
:10D10000310009B2405C29685A4612B2114432001B
:10D1100012B2895C884202D00020804611E0484665
:10D12000C0B2002801D1761CBBE73000BDF9041065
:10D1300000B2884203DABDF904000600B1E7761CAC
:10D14000AFE74046C0B2012806D15146C9B25846A1
:10D1500000B200F00CF808E01BF1010B87E7514624
:10D16000C9B25FF0FF3000F002F8BDE8FE8F0200A8
:10D170000800C0B2002802D1100000B207E0100081
:10D1800000B2002802D45FF0FF3000E000207047BA
:10D19000F0B50400059D0120002637003FB207FAD4
:10D1A00084F7B1F804C067453ADA0F68A4460FFA6D
:10D1B0008CFC6744B4460FFA8CFC17F80C707C2F7B
:10D1C00003D137192F8000B22BE09788B4460FFAAD
:10D1D0008CFC0CFA83FC674506DAB2F904707F1CFC
:10D1E0002F805FF0FF3738000F68A4460FFA8CFCE1
:10D1F0006744B4460FFA8CFC17F80C70D2F800C0E4
:10D200009E460FFA8EFEF444B6460FFA8EFE1CF8C8
:10D210000EC0674502D05FF0FF373800761CBCE7D0
:10D2200000B2F0BD80B5DFF87003DFF87013016065
:10D23000002141601F21816040F2FF31C160002167
:10D24000016100214161002181610021C161FFF77D
:10D250002FFB002801D0FDF75CFD01BD38B5DFF8DC
:10D260004043207800280FD1FFF7DCFFDFF8285378
:10D270004FF480712800FFF7B0FD280000F0A8F9F6
:10D2800000F01CF801202070002032BD10B5040011
:10D29000200000F055F8002010BD80B5DFF8F8023E
:10D2A0000168C96811F0800171F4C0710268D16031
:10D2B0004FF48071FFF791FD002002BD10B5DFF83B
:10D2C000E442211D14F1180000F01DF920602068CF
:10D2D00010BDDFF8D0020068704780B586B001A9A4
:10D2E000684600F010F9AF490968401A07B000BD60
:10D2F00010B586B00024AA480078012804D101A9FD
:10D30000684600F000F90400200006B010BD0320BC
:10D31000704700B58021A1FB00017D220023F7F7B3
:10D32000F9FF00BD7D21A1FB0001C00940EA416079
:10D33000C909704710B504009B480068804710BDBC
:10D340002DE9F04F99B004004021002209AD2800DA
:10D35000F7F7E4FD5FF000085FF0000A0026002701
:10D360005FF0000B8F4D04A8291D1422F9F79CFDD6
:10D37000A8690390FFF791FF40F2FF30059D451B20
:10D3800020008005800D4519A40A9DF80E9087485D
:10D39000844204D38648041919F10109F7E79DF87E
:10D3A0001080B4F5616F04D3B4F5616418F101081D
:10D3B000F7E79DF811703C2C02D33C3C7F1CFAE748
:10D3C0009DF81200210051FA80F6280080B2B0F5D5
:10D3D000806F03DBB5F58065761CF6E7300080B220
:10D3E0003C2802D33C3E7F1CF8E7380080B23C2842
:10D3F00003D33C3F18F10108F7E7404680B21828F4
:10D4000004D3B8F1180819F10109F6E79DF80F00E7
:10D41000042190FBF1F201FB1200002817D16549AD
:10D420009DF80D00084410F8010C4A4680B292B2F3
:10D43000904223D21FFA89F948469DF80D201144E5
:10D4400011F8011C90FBF1F901FB190916E05A498A
:10D450009DF80D00084410F8010C4A4680B292B2C3
:10D4600090420BD21FFA89F948469DF80D201144CD
:10D4700011F8011C90FBF1F901FB1909DFF83CA13F
:10D4800040F2FF31280080B2091ACAF804105FF098
:10D490002060CAF81C008AF802608AF801708AF8D5
:10D4A00000808AF824909DF813008AF80300002079
:10D4B000CAF820005FF00040CAF814004FF48070F2
:10D4C000CAF828000020CAF80C000020CAF8100092
:10D4D000002251463048FFF78DFB002810D0DAF8C3
:10D4E000040002909AF8020001909AF8010000905E
:10D4F0009AF800309AF82420314909A8F7F7FCF986
:10D5000019B0BDE8F08FF8B504000D000026224FD9
:10D51000002221003800FFF744FB002229003800D8
:10D52000FFF7A6FAE17840F2B5504143C91C8908DB
:10D53000E078042290FBF2F302FB1300002801D1F3
:10D54000204A00E0204A63783D2043433C3B0220D0
:10D5500093FBF0F041186078401EC0B24000130009
:10D56000C34013F00303C91AA078401E41180F48A6
:10D570004143AB786E783C204643F3182E784FF445
:10D58000616000FB06335918890201F2FF316868B7
:10D59000091A0800F2BD00005425002000280040B0
:10D5A0008526002078250020542600208051010087
:10D5B00080AEFEFFA8EE00089CEE0008D8240020F4
:10D5C00078E8000850554400A0AA99007047000070
:10D5D000010091F82000012801D102201BE0012068
:10D5E00081F82000022081F82100CA200A685062D8
:10D5F00053200A6850620868806850F020000A686A
:10D600009060FF200A685062012081F8210000200C
:10D6100081F82000002070470D001000001E00C09F
:10D620001F00F80F00FF03001F03000303001F0388
:10D6300000FF0300F80F00C01F00001E00001000D4
:10D640000000000000000000000000000D000000CD
:10D65000FF1F00FF1F00FF1F006318006318006317
:10D660001800631800631800FF1C00FE1F00DE0F87
:10D670000080070000000000000000000000000023
:10D680000D000000F80100FC0700FE0F000F0E0067
:10D69000031800031800031800031800071C000EED
:10D6A0000E000E0E00040400000000000000000048
:10D6B000000000000D000000FF1F00FF1F00FF1F03
:10D6C00000031800031800031800031800071C00CB
:10D6D0000E0E00FE0F00FC0700F00100000000002D
:10D6E00000000000000000000C000000FF1F00FF11
:10D6F0001F00FF1F00631800631800631800631801
:10D70000006318006318006318000318000000008D
:10D710000000000000000000000000000B000000FE
:10D72000FF1F00FF1F00FF1F006300006300006376
:10D73000000063000063000063000063000000005D
:10D7400000000000000000000000000000000000D9
:10D750000E000000F00100FC0700FE0F000E0E009E
:10D76000071C00031800031800C31800C31800C7E3
:10D770001C00CE0F00CE0F00C40700000000000008
:10D78000000000000C000000FF1F00FF1F00FF1F33
:10D7900000600000600000600000600000600000A9
:10D7A000FF1F00FF1F00FF1F00000000000000001F
:10D7B000000000000000000004000000FF1F00FF48
:10D7C0001F00FF1F0000000000000000000000001C
:10D7D0000000000000000000000000000000000049
:10D7E0000000000000000000000000000A00060029
:10D7F000000E00001E00001C0003180003180003A8
:10D800001C00FF1F00FF0F00FF07000000000000CA
:10D810000000000000000000000000000000000008
:10D820000E000000FF1F00FF1F00FF1F00E00000B0
:10D83000600000700000F80100DC03008E070007A4
:10D840000E00031C00011800011000000000000081
:10D85000000000000B000000FF1F00FF1F00FF1F63
:10D860000000180000180000180000180000180040
:10D870000018000018000000000000000000000078
:10D88000000000000000000010000000FF1F00FF6B
:10D890001F00FF1F000F00007E0000F00300801F2C
:10D8A00000001C00801F00F003007E00000F00003D
:10D8B000FF1F00FF1F00FF1F000000000C00000002
:10D8C000FF1F00FF1F00FF1F001F00007C0000F073
:10D8D0000100C00700001E00FF1F00FF1F00FF1F08
:10D8E0000000000000000000000000000000000038
:10D8F0000E000000F00100FC0700FE0F000E0E00FD
:10D90000071C00031800031800031800071C000E72
:10D910000E00FE0F00FC0700F001000000000000F8
:10D92000000000000C000000FF1F00FF1F00FF1F91
:10D9300000630000630000630000630000630000F8
:10D940007F00003E00001C000000000000000000FE
:10D9500000000000000000000E000000F00300FCCA
:10D960000700FE0F000E1E00071C0003380003F81E
:10D970000003F80107DC010E9E01FE8F01FC870108
:10D98000F001000000000000000000000D00000099
:10D99000FF1F00FF1F00FF1F006300006300006304
:10D9A0000000E30000E30300BF0F003E1F001C1C4B
:10D9B0000000100000000000000000000000000057
:10D9C0000C0000000006001C0E003E0E007F1C0034
:10D9D000731800631800E31800E71800CF1F00CE8B
:10D9E0000F008C0700000000000000000000000095
:10D9F000000000000C000000030000030000030012
:10DA000000030000FF1F00FF1F00FF1F00030000B6
:10DA100003000003000003000000000000000000FD
:10DA200000000000000000000C000000FF0300FFE9
:10DA30000F00FF0F00001C00001800001800001865
:10DA400000001C00FF0F00FF0F00FF03000000009C
:10DA50000000000000000000000000000D030000B6
:10DA60000F00007F0000FC0100E00700001F000025
:10DA70001800001F00E00F00F801007F00000F00F9
:10DA80000003000000000000000000000000000093
:10DA9000110700007F0000FF0700F01F00001E00BC
:10DAA000C01F00FC0F00FF0000070000FF0000FC8B
:10DAB0000F00C01F00001E00F01F00FF07007F00C6
:10DAC000000700000D011000031800071C001E0FC6
:10DAD00000BC0700F00100E00000F00100BC0700FE
:10DAE0001E0F000F1E0003180001100000000000B0
:10DAF00000000000000000000C0000000100000712
:10DB000000001F00007C0000F01F00C01F00F01F7D
:10DB1000007C00001F000007000001000000000062
:10DB20000000000000000000000000000A000000EB
:10DB3000031C00031E00831F00C31B00F319007B9E
:10DB400018003F18000F1800071800000000000020
:10DB500000000000000000000000000000000000C5
:10DB6000494420536C6176653A20000000000000B3
:10DB700000000000000000000000000000000000A5
:10DB80000000000000000000000000000000000095
:10DB90000000000000000000000000000000F0BFD6
:10DBA0000000000000000080000000000000008075
:10DBB0000000000000000000000000C05294EEBF12
:10DBC00000000048204E51BE000000F86467BCBC55
:10DBD0000000000000000000000000208133EDBFC5
:10DBE00000000080B3DB14BE000000506706A3BC39
:10DBF0000000000000000000000000D0E9DCEBBFE6
:10DC000000000008C39259BE00000080B0D3B8BC29
:10DC1000000000000000000000000070F98FEABF63
:10DC2000000000C0A51028BE000000E8BFC0B0BCC6
:10DC3000000000000000000000000070284CE9BF58
:10DC400000000060134B42BE000000C03D20B8BC85
:10DC5000000000000000000000000050FA10E8BFC3
:10DC6000000000C05FF62BBE000000905C71A7BCF6
:10DC7000000000000000000000000020FCDDE6BF06
:10DC8000000000C0F8F154BE00000018E9F6B9BC6D
:10DC90000000000000000000000000D0C3B2E5BF9B
:10DCA00000000070E43254BE00000050DB06B4BC3B
:10DCB000000000000000000000000010EF8EE4BF34
:10DCC00000000020F36252BE000000C02A879ABC08
:10DCD0000000000000000000000000B02272E3BF5E
:10DCE000000000F0E8E056BE00000028352DBDBC65
:10DCF0000000000000000000000000000A5CE2BF1D
:10DD0000000000B0FA8E41BE00000040AE6FBDBC06
:10DD1000000000000000000000000000564CE1BFC1
:10DD2000000000F015CD5FBE00000000141C90BC88
:10DD3000000000000000000000000040BD42E0BF05
:10DD400000000030F93457BE000000E06C1E93BCA8
:10DD50000000000000000000000000E0F57DDEBFD4
:10DD6000000000B08A535EBE00000080DA77AABCD3
:10DD70000000000000000000000000C09D81DCBF2A
:10DD800000000000FFA226BE0000006057E2B0BC09
:10DD9000000000000000000000000060F98FDABF02
:10DDA000000000580A8151BE000000F05F60B8BC5E
:10DDB00000000000000000000000000098A8D8BF8C
:10DDC000000000607A7F45BE000000D05433A3BC41
:10DDD0000000000000000000000000600FCBD6BF74
:10DDE000000000D091CB40BE000000406D1BA0BCE5
:10DDF0000000000000000000000000A0FBF6D4BFFF
:10DE000000000098C5CE52BE000000003A397EBC2A
:10DE10000000000000000000000000E0FE2BD3BF67
:10DE20000000004073872BBE00000000926879BCA0
:10DE3000000000000000000000000040C069D1BFE9
:10DE400000000058F16353BE00000080438D7CBC8D
:10DE5000000000000000000000000080D85FCFBF7D
:10DE6000000000181F8354BE000000B03F42A2BC57
:10DE700000000000000000000000008067FCCBBF35
:10DE800000000060FAFF53BE00000050E00DB8BC77
:10DE900000000000000000000000000098A8C8BFBB
:10DEA000000000607A7F35BE000000C0543393BC90
:10DEB000000000000000000000000000DC63C5BF9F
:10DEC00000000058D6FF54BE00000000396490BC2A
:10DED0000000000000000000000000C0AD2DC2BF27
:10DEE00000000080A45915BE000000E0484BABBC08
:10DEF0000000000000000000000000801A0BBEBF00
:10DF000000000050BF3C5ABE000000A0B364B6BC85
:10DF100000000000000000000000008004D6B7BF31
:10DF200000000040BBCF36BE0000008076CEA8BC0B
:10DF300000000000000000000000008032BBB1BF04
:10DF4000000000402A0043BE00000028C60CBDBCF3
:10DF50000000000000000000000000009473A7BF54
:10DF6000000000182B3B59BE000000C0E55DA5BCB9
:10DF7000000000000000000000000000EE4397BF1A
:10DF8000000000A0E6C340BE00000020958DB5BC97
:10DF90000000000000000000000000000000008001
:10DFA0000000000000000080000000000000008071
:10DFB000000000000000000006000000000000005B
:10DFC000000F00000F00000F00000F000000000015
:10DFD0000000000000000000000000000000000041
:10DFE0000000000000000700001E00E01F00FF1FEF
:10DFF000F8FF03FF1F00FF01000F000000000000FA
:10E000000000000000000000000000000000000010
:10E01000000000000E000000C07F00F8FF01FCFFC0
:10E0200007FCFF073E800F0E000E0E000E0E000EC6
:10E030001E800FFCFF07FCFF07F8FF01C07F0000F8
:10E0400000000E00000070000E38000E38000E1C9C
:10E05000000E0E000EFEFF0FFEFF0FFEFF0FFEFF75
:10E060000F00000E00000E00000E00000E00000069
:10E070000E00000060000F78800F7CC00F7CE00F66
:10E080001EF00F0EF80E0E7C0E0E3E0E1E1F0EFE24
:10E090000F0EFC070EF8030EF0010E0000000E003C
:10E0A00000003080013880033C80073C800F1E0058
:10E0B0000F0E0E0E0E0E0E0E0E0E1E1F0FFEFF0F7B
:10E0C000FCFB07FCF903F0E0010000000F0000007A
:10E0D00000F00000F80000FE0080EF00C0E700F054
:10E0E000E1007CE0003EE000FEFF0FFEFF0FFEFFC0
:10E0F0000FFEFF0F00E00000E0000E0000000080B7
:10E1000001F88703FE8707FE870FFE070F0E030E39
:10E110008E030E8E030E8E070F8EFF070EFF070E67
:10E12000FE0300FC000000000E000000C07F00F0B5
:10E13000FF01F8FF07FCFF073E0E0F0E070E0E074C
:10E140000E0E070E1E0F0F3EFF0F3CFE0738FE039C
:10E1500030F8010000000E0000000E00000E00006C
:10E160000E00000E000F0EE00F0EF80F0EFE0F8EC9
:10E17000FF00CE0F00FE0300FE00003E00001E0068
:10E18000000000000E000000F0E001F8FB03FCFBC3
:10E1900007FEFF0F1E1F0F0E0E0E0E0E0E0E0E0EA2
:10E1A0001E1F0FFEFF0FFCFB07FCFB03F0E001004E
:10E1B00000000E000000F08301F88703FC8F07FECB
:10E1C0009F0F1E1E0F0E1C0E0E1C0E0E1C0E1E8E02
:10E1D0000FFCFF07FCFF03F8FF01C07F00000000F9
:10E1E000000000000000005F0000000700070014AE
:10E1F0007F147F14242A7F2A12231308646236496D
:10E200005522500005030000001C2241000041225D
:10E210001C00082A1C2A0808083E08080050300084
:10E2200000080808080800606000002010080402C8
:10E230003E5149453E00427F4000426151494621DE
:10E2400041454B311814127F1027454545393C4A4A
:10E25000494930017109050336494949360649499A
:10E26000291E003636000000563600000008142231
:10E270004114141414144122140800020151090617
:10E28000324979413E7E1111117E7F494949363E1E
:10E29000414141227F4141221C7F494949417F0937
:10E2A0000901013E414151327F0808087F00417F4A
:10E2B00041002040413F017F081422417F404040FF
:10E2C000407F0204027F7F0408107F3E4141413EAF
:10E2D0007F090909063E4151215E7F0919294646F9
:10E2E0004949493101017F01013F4040403F1F2022
:10E2F00040201F7F2018207F6314081463030478D4
:10E300000403615149454300007F41410204081064
:10E310002041417F0000040201020440404040408F
:10E32000000102040020545454787F484444383893
:10E3300044444420384444487F3854545418087E98
:10E34000090102081454543C7F0804047800447DF9
:10E3500040002040443D00007F10284400417F40A1
:10E36000007C041804787C08040478384444443859
:10E370007C14141408081414187C7C08040408483D
:10E3800054545420043F4440203C4040207C1C20F6
:10E3900040201C3C4030403C44281028440C505045
:10E3A000503C4464544C44000836410000007F0057
:10E3B00000004136080008082A1C08081C2A080822
:10E3C0006070787C7E1C362A361C303E3F3E30071B
:10E3D000087F09077C444444387C7C4444387C7C76
:10E3E0007C44387C7C7C7C381E3276321E000002F5
:10E3F0000502000000000000000000000000000016
:10E40000000000000000000000000000000000000C
:10E4100000000000000000000000000000000000FC
:10E4200000000000000000000000000000000000EC
:10E4300000000000000000000000000000000000DC
:10E4400000000000000000000000000000000000CC
:10E4500000000000000000000000000000000000BC
:10E4600000000000000000000000000000000000AC
:10E47000000000000000000000000000000000009C
:10E480000000000000000080C0E0F0F8FCFEFFFE8D
:10E49000FCF8F0E0C0800000000000000000000078
:10E4A00000008080808080C0C0C0C0C040606060CC
:10E4B000606070703010000000000000000000007C
:10E4C000000000000000000000000000000000004C
:10E4D000000000000000000000000000000000003C
:10E4E000000000000000000000000000000000002C
:10E4F000000000000000000000000000000000809C
:10E50000C0E0F0F87C7E3F3F9F8F0F474323A1A1DF
:10E5100093971F5F4F0F2F2EA4A4969692D2534B22
:10E520004B4949492D0D040404040606020000006D
:10E5300020242E2A3A12022030181C16123E3E00C9
:10E540000000183C262222321E0C000000000000B1
:10E55000023E3E201008060220383E0E0200303EE9
:10E560003E2A2A2A0A020002323E0E02020200005D
:10E570000000000000000000804030181C0E07075B
:10E58000030101000200090804140A0A010505003C
:10E590000002020001010100000000010303060C5B
:10E5A0000810204080000000000000000000000073
:10E5B000000000000000000000000000000000005B
:10E5C000000000000000000000000000000000004B
:10E5D000000000000000000000000000000000003B
:10E5E000000000000000000000000000000000002B
:10E5F00000000000FEE7FEE7FEE7FEE7FEE77047EB
:10E600007047704780B500F039F814480168491C1C
:10E61000016001BD80B51248FAF7E7FE01BD80B583
:10E620001048FAF7E2FE01BD80B50F48F7F75FFC2E
:10E6300001BD80B50D48F7F75AFC01BD80B50C4807
:10E64000FEF738FC01BD80B50A48FAF7CEFE01BDE1
:10E6500080B50948F7F74BFC01BD00005C2600209F
:10E6600020240020D8230020D81E0020601F002076
:10E670005425002090230020501E002003480168EC
:10E68000034A127889180160704700BF3C260020B9
:10E69000270A0020F0B402461068956813185068E5
:10E6A00003EB5004C0071CD54D441AE013F8017B5E
:10E6B00005F8017B491EF9D198B113F8011BC6F387
:10E6C0008106032E08BF13F8016B01EB06214942B6
:10E6D000801C294405D011F8016B05F8016B401E20
:10E6E000F9D1A3420ED013F8016B16F0030104BF59
:10E6F00013F8011BC91C30090F28DBD113F8010BDB
:10E700000F30D7E7F0BC02F10C00704742522053A3
:10E710006C6176653A2000000000000000000000F7
:10E7200000000000000000000000000000000000E9
:10E7300000000000000000000000000000000000D9
:10E74000A0860100400D0300801A060000350C0071
:10E7500040420F0080841E0000093D0000127A0034
:10E760000024F40000366E010048E801006CDC0271
:10E770005DD20008000000008DD200089BD2000886
:10E78000BDD20008D3D20008DBD20008F1D20008C5
:10E790000FD3000813D3000825D3000830313233DB
:10E7A0003435363738396162636465666768696A2B
:10E7B0006B6C6D6E6F707172737475767778797A31
:10E7C00000000000303132333435363738394142B9
:10E7D000434445464748494A4B4C4D4E4F50515291
:10E7E000535455565758595A0000000010B5074960
:10E7F00079441831064C7C44163404E00A68081D3C
:10E80000114488470146A142F8D110BD2C000000F8
:10E81000480000004EF68851CEF20001086840F42E
:10E8200070000860BFF34F8FBFF36F8F4FF0007021
:10E83000E1EE100A70470000773FFFFF5C1C00000C
:10E840002C0A0020000000004DFEFFFFF007000032
:10E8500004090000000000200D0A3D3D3D3D3D3D06
:10E860003D3D3D3D3D3D3D3D3D3D3D3D3D3D3D3DD8
:10E870003D3D3D0D0A000000616C61726D206661D6
:10E88000696C3A2025642D25643A25643A25643A5A
:10E8900025640D0A0000000000F00DF8002801D0EA
:10E8A000FFF7A4FFAFF300800020AFF30080FCF778
:10E8B000CFF900F002F80120704700F001B8000025
:10E8C00007463846FDF7CEFFFBE700003D3D3D3DE6
:10E8D000204D41494E2050524F4752414D494E47DD
:10E8E000203D3D3D3D0D0A003D3D3D3D3D3D3D3D15
:10E8F0003D3D3D3D3D3D3D3D3D3D3D3D3D3D3D3D48
:10E900003D0D0A00755F6170705F636F6D6D3A2039
:10E9100074782074696D65722063620D0A000000CE
:10E92000755F6170705F636F6D3A207561727420FE
:10E930002564206572726F72210D0A00755F617027
:10E94000705F636F6D6D3A2073657420727463211C
:10E950000D0A00004C4556454C5F554C5452415FE2
:10E9600053414F564945540073616F76696574672A
:10E97000726F75702E636F6D2E766E00535654480D
:10E980005F53564D5F444C535F56315F325F3200E8
:10E9900061742B72646C617374666F726C6F673D27
:10E9A0000000000061742B72646C617374666F7296
:10E9B0006F706572613D000061742B72646C6173ED
:10E9C00074666F726576656E743D000061742B72BB
:10E9D000646C617374666F726770733D0000000051
:10E9E00061742B726573746F7265736C6176653FC9
:10E9F00000000000456E7465722050617373776F7C
:10EA000072640000312E4D6F64627573205254554C
:10EA100000000000322E43616C6962726174696F9C
:10EA20006E000000342E496E666F726D6174696FFE
:10EA30006E000000534554204D4F44425553205220
:10EA400054550000312E49442020202020203A2017
:10EA500000000000322E42617564726174653A20D4
:10EA6000000000005375636365737366756C6C79A1
:10EA7000210000000000000000000000010203046B
:10EA800006070809526573746F7265204F4B210D9C
:10EA90000A00000061742B6D7174746D61696E3DC4
:10EAA0000000000061742B6D7174746D61696E3FBC
:10EAB0000000000061742B6D7174746261636B758A
:10EAC000703D000061742B6D7174746261636B75CD
:10EAD000703F000061742B726573657470756C73A0
:10EAE000653F000061742B666C6F777468726573A4
:10EAF000683D000061742B666C6F77746872657393
:10EB0000683F000061742B7175616E746872657383
:10EB1000683D000061742B7175616E746872657375
:10EB2000683F000061742B62617474687265736879
:10EB30003D00000061742B626174746872657368D3
:10EB40003F00000061742B65726173656D656D3FF8
:10EB50000000000061742B667776657273696F6ED2
:10EB60003F00000061742B6C6F67696E6465783FCD
:10EB70000000000061742B72646C6173746C6F67C9
:10EB80003F00000061742B6C6576656C63616C6995
:10EB9000623D000061742B6C6576656C63616C6925
:10EBA000623F000061742B6C6576656C74687265F9
:10EBB00073683D0061742B6C6576656C7468726572
:10EBC00073683F0061742B65786261747468726564
:10EBD00073683D0061742B65786261747468726556
:10EBE00073683F0061742B776D6368616E6E656C4E
:10EBF0003D00000061742B776D6368616E6E656C1B
:10EC00003F00000061742B6D6F64696E666F723D2A
:10EC10000000000061742B6D6F64696E666F723F57
:10EC20000000000061742B7072657373696E666F0B
:10EC3000723D000061742B7072657373696E666F4C
:10EC4000723F000061742B7265736574736C61763A
:10EC5000653F0000014880470148004765EC000817
:10EC6000B5EE00080248016851F470010160704778
:10EC700088ED00E050485F4154433A200000000016
:10EC800054656D7020203A2000000000332E4F663E
:10EC900066736574000000005475722020202041C6
:10ECA000443A0000312E317374204E54553A2000FE
:10ECB000322E317374204144203A2000332E326EBC
:10ECC00064204E54553A2000342E326E6420414464
:10ECD000203A2000352E337264204E54553A2000DD
:10ECE000362E337264204144203A2000372E34748B
:10ECF00068204E54553A2000382E34746820414420
:10ED0000203A2000312E54757262203A2000000013
:10ED1000322E54656D70203A200000002A5665722C
:10ED200073696F6E00000000576562736974653A1D
:10ED3000000000006FB6000879B6000897B600081A
:10ED40005265736574204F4B210D0A0061742B735B
:10ED50006572693D0000000061742B736572693F44
:10ED60000000000061742B73696D736572693F0068
:10ED700061742B73777365727665720061742B64AE
:10ED80007574793D0000000061742B647574793FDF
:10ED90000000000061742B667265716D696E3D0044
:10EDA00061742B667265716D696E3F0061742B73BF
:10EDB000617665626F783F0061742B6E756D776167
:10EDC0006B653D0061742B726561646C6F673D001B
:10EDD00061742B70756C73653D00000061742B705D
:10EDE000756C73653F00000061742B646562756724
:10EDF0003D00000061742B64656275673F00000090
:10EE000061742B6D72657365743F000061742B75BE
:10EE100073657275726C3D0061742B7573657266F3
:10EE200074703D0061742B746573746C6F673F0080
:10EE300061742B726561646C6F673F0061742B7342
:10EE40006C6176653D00000061742B736C617665C2
:10EE50003F00000061742B6F6E74656D683F0000A9
:10EE600061742B6F666674656D683F0061742B6911
:10EE700064736C6176653F0061742B6964736C61C7
:10EE800076653D0061742B6272736C6176653F003C
:10EE900061742B6272736C6176653D001F1C1F1ECE
:10EEA0001F1E1F1F1E1F1E1F1F1D1F1E1F1E1F1F79
:10EEB0001E1F1E1FAFF30080FFF7ACFCFFF7ECFC3A
:10EEC00053455454494E47004F464653455400005D
:10EED0002A4D6F64656C000000000000010203040D
:10EEE000E81F002000000000E820002000000000D3
:10EEF0004552524F52000000000000000000000088
:10EF0000000000000C000000000000000C000000E9
:10EF100061742B7274633D0061742B7274633F00E3
:10EF200061742B6770733F0061742B656E64000021
:10EF300068210020000000003C4E554C4C3E000073
:10EF4000252E2A6600000000686A6C747A4C000066
:10EF5000FFF7FEBFFFF7FEBFFFF7FEBFFFF7FEBFE5
:10EF6000FFF7FEBFFFF7FEBFFFF7FEBFFFF7FEBFD5
:10EF7000FFF7FEBFFFF7FEBFFFF7FEBFFFF7FEBFC5
:10EF8000FFF7FEBFFFF7FEBFFFF7FEBFFFF7FEBFB5
:10EF9000FFF7FEBFFFF7FEBFFFF7FEBFFFF7FEBFA5
:10EFA000FFF7FEBFFFF7FEBFFFF7FEBFFFF7FEBF95
:10EFB000FFF7FEBFFFF7FEBFFFF7FEBFFFF7FEBF85
:10EFC000FFF7FEBFFFF7FEBFFFF7FEBFFFF7FEBF75
:10EFD000FFF7FEBFFFF7FEBFFFF7FEBFFFF7FEBF65
:10EFE000FFF7FEBFFFF7FEBFFFF7FEBFFFF7FEBF55
:10EFF000FFF7FEBFFFF7FEBFFFF7FEBFFFF7FEBF45
:10F00000FFF7FEBFFFF7FEBFFFF7FEBFFFF7FEBF34
:10F01000FFF7FEBFFFF7FEBFFFF7FEBFFFF7FEBF24
:10F02000FFF7FEBFFFF7FEBFFFF7FEBFFFF7FEBF14
:10F03000FFF7FEBFFFF7FEBFFFF7FEBFD003313281
:10F04000333400014008F4010000711E0008010182
:10F050001A1003D0070000B310520229126408509E
:10F06000035B1F00080310100388130000D7105221
:10F07000041021285003552000080510120A081218
:10F080008910100254E900082B13003001B220014E
:10F0900020100000456E74657220746F20536574F3
:10F0A0007570000020100557616974696E670B4127
:10F0B00010200320446F6E65095200103003457222
:10F0C000726F721F3101200274EC00080B5307FEAF
:10F0D00011119121C3D28018430304A453F4E918F9
:10F0E000512F8004011C000103000161182002025D
:10F0F0003A0001DCC3C0EE30200200320002E4D34B
:10F1000004EA481002120002060CD2141812021867
:10F11000210CC38CEC181203182111D224301204D4
:10F120001812090CD234182402001C000354524453
:10F1300018610111A513030B115254187590111881
:10F14000120C0CD398EC1810020500040D0C52A4FC
:10F150001866032010020E00040E0BD2B0301115F9
:10F1600013040F0CD2BC3012051812100BD2C83089
:10F17000120618F20511781305120CF201D4782A40
:10F180000520F201E0781305140CF201EC78130568
:10F19000150BF201F8781305160CE6C8B010021C26
:10F1A0000006170C4304ED185205481003010E0029
:10F1B00006180BD2101812021812190BF3001CEDCE
:10F1C000488001071A000175F810020400071B0CA3
:10F1D000D2D078120230F2021C301988F303071DD6
:10F1E0004810021800081E0CD664F8F00401031839
:10F1F0000209100001E20114B3093D12600215B2C8
:10F2000000082425488F21B2CC0321108F97B2CC5F
:10F2100003210112A31052043112E8198FBFB2CC9E
:10F2200003210112C51092061012CB105E7CDC0384
:10F23000E0022C0A00208F8004153F0008153F844F
:10F240002108121B1043493F8852010412C1104388
:10F25000EF3F8C520204435D403C25DC52041452C3
:10F26000B71412B0111E6021031AC04D100480257E
:10F27000000040381D124B0C1D400413009618125C
:10F28000DA0812E1045003C20100682098116921D4
:10F29000CC21044FC5C3E404611043CBC390210CBF
:10F2A000251843F9C38C21101360EAC816C4905185
:10F2B00030212883452FD412DC15834B2F402104A5
:10F2C00083CF2F402D5405430F30C821102D340516
:10F2D00012C5105205501003983A0000D91052067A
:10F2E000102D740512ED1052071012FA0464040177
:10F2F000310008442660C402803FE8216C1A4CA803
:10F300008B0800105258107DB80511102D2004658F
:10F31000EC1A94608F0C00380352A41065EC12B400
:10F32000102D080465EC52C41069905270505208B8
:10F3300010527C70520910528810620A705130527B
:10F340000B1052A010520C1052D460520D1052AC3F
:10F3500020520E1052B810520F1052C4106D1403E8
:10F3600052E44052111052F4105212104304EB10A8
:10F37000521310521410521410122410217C5215E2
:10F380001052341052161012D07021DC5217105245
:10F39000DC105218101710EFB0110C52191052183F
:10F3A000106D2C0452E830521B1052F4107D1C04D6
:10F3B0001D3804252C6D14044744EB90521E105246
:10F3C0005490521F10470CEE00690552181052213C
:10F3D00010526440522210522420522310523010F6
:10F3E0005224105274605225101E90D403255C5292
:10F3F000261012A410254C52271052B81052281073
:10F40000568450522910529410622A40111025BC83
:10F41000522B1052B410522C10562030522D105234
:10F42000CC80522E10473CEE30522F1052481052D2
:10F43000301052C45052311052D41052321056541F
:10F44000605233105660006D010956E400523510C9
:10F4500052F4105236104704EC5052371052141028
:10F460005238104324ECF0523910523410523A10F2
:10F47000524410523B1052E0E0523C10526C906DDE
:10F48000BE05527810523E10528410523F105290D6
:10F49000105241104F28EF98054BDC181343DC1A2B
:10F4A0000810039CE70008C404F309E2450452FF76
:0EF4B00001F200CA141D50040002032D0103D6
:040000050800EEB54C
:00000001FF
