:020000040800F2
:10000000682D0020F5FB000895F5000897F500081D
:1000100099F500089BF500089DF500080000000018
:100020000000000000000000000000009FF5000834
:10003000A1F5000800000000A3F50008A5F50008E0
:1000400071FF000875FF000879FF00087DFF0008B8
:1000500081FF000885FF000889FF00088DFF000868
:1000600091FF000895FF000899FF00089DFF000818
:10007000A1FF0008F5F50008A5FF0008FFF500083E
:10008000A9FF0008ADFF0008B1FF0008B5FF000898
:10009000B9FF0008BDFF0008C1FF0008C5FF000848
:1000A000C9FF0008CDFF0008D1FF0008D5FF0008F8
:1000B000D9FF00080000000000000000DDFF00087C
:1000C000E1FF0008E5FF0008E9FF0008EDFF000878
:1000D000F1FF000809F60008F5FF000813F6000814
:1000E000F9FF00081DF600080000000000000000F5
:1000F0000000000000000000000000000000000000
:1001000000000000FDFF00080000000001000108E1
:1001100000000000000000000500010809000108BF
:100120000D0001081100010815000108190001085F
:100130001D00010800000000000000000000000099
:100140002100010825000108290001082D000108EF
:100150003100010827F6000831F6000835000108D3
:10016000390001083D0001084100010800000000BD
:1001700045000108490001084D0001080000000089
:1001800051000108550001085900010880B5514887
:100190000078012806D0022807D0042808D00828B3
:1001A00009D00BE000F0A2F808E000F055FF05E0F0
:1001B00001F02AF902E001F0FBFAFFE701BD2DE9A9
:1001C000F0470024444D2888002804D02888401E89
:1001D000288000207CE03F4E307A002877D1202113
:1001E0003E4802F029F8002801D1012700E000274D
:1001F000DFF8EC800421404602F01EF8002802D10E
:100200005FF0010901E05FF000090221404602F0C1
:1002100013F8002802D15FF0010A01E05FF0000A44
:100220000121404602F008F8002801D1012000E039
:10023000002057EA490757EA8A073C0054EAC004FD
:100240002000C0B2012805D0022803D0042801D024
:10025000082834D17068401C7060706850282DD315
:100260003470012030721F490868142801D2192007
:1002700028801D4822000378D2B29A4219D10A6818
:10028000521C0A600A681E2A02D20021716014E022
:100290000A68B42A02D2412171600EE00A68F02A8D
:1002A00002D24621716008E04E227260F0220A609C
:1002B00003E00022726000220A60047007E0002060
:1002C00009490870282070600020064908603078CD
:1002D000BDE8F0876C280020442900200008004871
:1002E00000040048F828002052290020F8B584B006
:1002F000DFF8484DA078002817D001283AD002280E
:100300006AD0032800F0FB80042800F07F810528D4
:1003100000F03282062800F03D83072800F00884B0
:10032000092800F0128500F086BEDFF8145D002079
:10033000E860DFF8106D0A220021300002F002F8B8
:1003400030203070302070703020B0703020F0706D
:10035000E8680001801CC0B203900296062001905C
:1003600005200090062300220121A01C02F06AFE55
:1003700000F061BEDFF8C80CC168491CC160C168EB
:1003800004291EDBDFF8BC0C02F077FE012815D132
:10039000A51C0622290014F1080002F021F8F12022
:1003A0000390002002900D20019008200090082367
:1003B00000220221280002F045FE0BE00020A07080
:1003C00008E0C0680001801C0200D2B20021A01C1D
:1003D00002F015FE00F02FBE207908280AD0C0F0E8
:1003E0008C800A2832D01BD30C285BD044D30D2834
:1003F0006ED082E0A51C0622290014F1080001F04D
:10040000EFFFF120039000200290102001900F20B8
:1004100000900F2300220321280002F013FE6CE05D
:10042000A51C0622290014F1080001F0D9FFF120D3
:1004300003900020029014200190132000901323B9
:1004400000220421280002F0FDFD56E0A51C062232
:10045000290014F1080001F0C3FFF12003900020EF
:1004600002901920019016200090162300220521E9
:10047000280002F0E7FD40E0A51C0622290014F147
:10048000080001F0ADFFF1200390002002901D2034
:1004900001901B2000901B2300220621280002F05F
:1004A000D1FD2AE0A51C0622290014F1080001F064
:1004B00097FFF120039000200290222001901F203E
:1004C00000901F2300220721280002F0BBFD14E04A
:1004D000A51C0622290014F1080001F081FF00206C
:1004E00003900020029025200190252000902523D4
:1004F00000220821280002F0A5FD00F09CBD207913
:100500000F2802D0102840D07EE0E078002802D0EA
:1005100001281FD038E0A61C0622310014F1080083
:1005200001F05EFFDFF8185BF220039015F10C007C
:100530000290102001900F2000900F23E278521CAF
:10054000D2B20321300002F07DFDDFF8FC0A4078D2
:10055000E86019E0A51C0622290014F1080001F04A
:100560003FFFF020039000200290282001902820D7
:100570000090282300220921280002F063FD0120B9
:10058000DFF8C41A0870FFE73EE0E078002802D0E8
:1005900001281FD038E0A61C0622310014F1080003
:1005A00001F01EFFDFF8985AF220039015F10C00BD
:1005B000029010200190102000901023E278521C2D
:1005C000D2B20321300002F03DFDDFF87C0A406822
:1005D000E86019E0A51C0622290014F1080001F0CA
:1005E000FFFEF02003900020029028200190282098
:1005F0000090282300220921280002F023FD012079
:10060000DFF8441A0870FFE700F015BD20791328C1
:1006100002D0142845D0ADE0E078002802D00128AF
:100620001FD03DE0A61C0622310014F1080001F0A5
:10063000D7FEDFF80C5AF220039015F10C0002905F
:1006400014200190132000901323E278521CD2B2A0
:100650000421300002F0F6FCDFF8EC09006CE860E1
:100660001EE0A51C0622290014F1080001F0B8FEC6
:10067000F020039000200290282001902820009074
:10068000282300220921280002F0DCFCDFF8BC1935
:100690005FF07E5008600422022003F04BFAFFE76F
:1006A00068E0E078002802D001281FD061E0A61C95
:1006B0000622310014F1080001F092FEDFF88059A3
:1006C000F220039015F10C000290142001901320E9
:1006D00000901423E278521CD2B20421300002F0C0
:1006E000B1FCDFF86409406CE86042E0A51C06221A
:1006F000290014F1080001F073FEF020039000209F
:10070000029028200190282000902823002209210F
:10071000280002F097FCDFF834495FF07E5020603B
:10072000DFF82C590021DFF82009406C04F00EFAA4
:1007300085ED000ADFF81C690021DFF80409C068B4
:1007400004F004FA86ED000A95ED000AB5EE400AC1
:10075000F1EE10FA07D096ED000AD5ED000A80EE12
:10076000200A84ED000A04222100032003F0E2F9AC
:10077000FFE7FFE700F05FBC2079162809D0C0F042
:100780000881182800F0858043D3192800F0C18023
:10079000FFE0E078002802D001281FD038E0A61C36
:1007A0000622310014F1080001F01AFEDFF890581B
:1007B000F220039015F10C000290192001901620F0
:1007C00000901623E278521CD2B20521300002F0CC
:1007D00039FCDFF87408006BE86019E0A51C0622FC
:1007E000290014F1080001F0FBFDF0200390002027
:1007F000029028200190282000902823002209211F
:10080000280002F01FFC0120DFF83C180870FFE709
:10081000BFE0E078002802D001281FD038E0A61CF5
:100820000622310014F1080001F0DAFDDFF810585B
:10083000F220039015F10C0002901920019016206F
:1008400000901723E278521CD2B20521300002F04A
:10085000F9FBDFF8F407406BE86019E0A51C0622FD
:10086000290014F1080001F0BBFDF02003900020E6
:10087000029028200190282000902823002209219E
:10088000280002F0DFFB0120DFF8BC170870FFE74B
:100890007FE0E078002802D001281FD038E0A61CB5
:1008A0000622310014F1080001F09AFDDFF890579C
:1008B000F220039015F10C000290192001901620EF
:1008C00000901823E278521CD2B20521300002F0C9
:1008D000B9FBDFF87407806BE86019E0A51C0622FD
:1008E000290014F1080001F07BFDF02003900020A6
:1008F000029028200190282000902823002209211E
:10090000280002F09FFB0120DFF83C170870FFE78A
:100910003FE0E078002802D001281FD038E0A61C74
:100920000622310014F1080001F05AFDDFF81057DB
:10093000F220039015F10C0002901920019016206E
:1009400000901923E278521CD2B20521300002F047
:1009500079FBDFF8F406C06BE86019E0A51C0622FD
:10096000290014F1080001F03BFDF0200390002065
:10097000029028200190282000902823002209219D
:10098000280002F05FFB0120DFF8BC160870FFE7CB
:10099000FFE750E320791B2806D0C0F0C8801D284F
:1009A00000F0858043D3C2E0E078002802D001281F
:1009B00022D03BE0A71C0622390014F1080001F008
:1009C0000FFDDFF87C5615F10C06F220039002961D
:1009D0001D2001901B2000901B23E278521CD2B2F4
:1009E0000621380002F02EFBDFF8180A0078E860D4
:1009F000DFF85406066519E0A51C0622290014F14B
:100A0000080001F0EDFCF020039000200290282067
:100A1000019028200090282300220921280002F0BC
:100A200011FB0120DFF820160870FFE77FE0E07877
:100A3000002802D001281FD038E0A61C0622310071
:100A400014F1080001F0CCFCDFF8F455F22003901B
:100A500015F10C0002901D2001901B2000901C231A
:100A6000E278521CD2B20621300002F0EBFADFF835
:100A7000D805806CE86019E0A51C0622290014F155
:100A8000080001F0ADFCF020039000200290282027
:100A9000019028200090282300220921280002F03C
:100AA000D1FA0120DFF8A0150870FFE73FE0E078F9
:100AB000002802D001281FD038E0A61C06223100F1
:100AC00014F1080001F08CFCDFF87455F22003905B
:100AD00015F10C0002901D2001901B2000901D2399
:100AE000E278521CD2B20621300002F0ABFADFF8F5
:100AF0005805C06CE86019E0A51C0622290014F115
:100B0000080001F06DFCF0200390002002902820E6
:100B1000019028200090282300220921280002F0BB
:100B200091FA0120DFF820150870FFE7FFE782E265
:100B300020791F2809D0C0F00781212800F0858086
:100B400043D3222800F0C180FEE0E078002802D0E4
:100B500001281FD038E0A61C0622310014F108003D
:100B600001F03EFCDFF8D854F220039015F10C00A0
:100B70000290222001901F2000901F23E278521C37
:100B8000D2B20721300002F05DFADFF8BC04406DFC
:100B9000E86019E0A51C0622290014F1080001F004
:100BA0001FFCF020039000200290282001902820B4
:100BB0000090282300220921280002F043FA012096
:100BC000DFF884140870FFE7BEE0E078002802D068
:100BD00001281FD038E0A61C0622310014F10800BD
:100BE00001F0FEFBDFF85854F220039015F10C00E1
:100BF0000290222001901F2000902023E278521CB6
:100C0000D2B20721300002F01DFADFF83C04806DFB
:100C1000E86019E0A51C0622290014F1080001F083
:100C2000DFFBF02003900020029028200190282074
:100C30000090282300220921280002F003FA012055
:100C4000DFF804140870FFE77EE0E078002802D0A7
:100C500001281FD038E0A61C0622310014F108003C
:100C600001F0BEFBDFF8D853F220039015F10C0021
:100C70000290222001901F2000902123E278521C34
:100C8000D2B20721300002F0DDF9DFF8BC03C06DFD
:100C9000E86019E0A51C0622290014F1080001F003
:100CA0009FFBF02003900020029028200190282034
:100CB0000090282300220921280002F0C3F9012016
:100CC000DFF884130870FFE73EE0E078002802D0E8
:100CD00001281FD037E0A61C0622310014F10800BD
:100CE00001F07EFBDFF85853F220039015F10C0061
:100CF0000290222001901F2000902223E278521CB3
:100D0000D2B20721300002F09DF9DFF83C03006EFB
:100D1000E86018E0A51C0622290014F1080001F083
:100D20005FFBF020039000200290282001902820F3
:100D30000090282300220921280002F083F90120D5
:100D4000C1490870FFE7FFE775E1207A03280BD05F
:100D5000C0F07081052839D0C0F06981072800F003
:100D6000F180C0F0A88065E10320B7490870322007
:100D700001F09CFDA07A0F2802D0102809D024E0B1
:100D8000DFF80C0A4178AE48C068C0B204F039FB05
:100D90001BE000200100C9B20B290FDADFF8F419BB
:100DA0000200D2B251F82210A54AD268914203D172
:100DB000DFF8DC19487001E0401CEBE7DFF8D009F0
:100DC0004178007804F01DFBFFE733E19E4D0320DE
:100DD0002870322001F06AFDA07A162806D069D367
:100DE000182835D01BD319284BD063E0287A03F09C
:100DF000BBFC00EE100ADFF8A009D0ED0C1A90ED54
:100E00000A1AD0ED0B0A8E4890ED032AB8EEC22ADA
:100E1000B8EE400A82EE000A02F020FF4AE0687A4B
:100E200003F0A2FC00EE100ADFF86C09D0ED0C1AFA
:100E300090ED0A1A8249D1ED030AF8EEE00AB8EE05
:100E4000400AC0EE800A90ED090A02F007FF31E087
:100E5000A87A03F089FC00EE100ADFF83C09D0ED17
:100E60000C1A7749D1ED030AF8EEE00AB8EE400A11
:100E700080EE801AD0ED0B0A90ED090A02F0EEFE2A
:100E800018E0E87A03F070FC00EE100ADFF80809B9
:100E90006B49D1ED030AF8EEE00AB8EE400AC0EE65
:100EA000801A90ED0A1AD0ED0B0A90ED090A02F0B3
:100EB000D5FEFFE7BEE0644D03202870322001F02C
:100EC000F5FCA07A1B2804D03BD31D2823D00CD3DB
:100ED00037E0DFF83005D0ED020A90ED010A5848FE
:100EE000C068C0B203F002F82BE0287B03F03CFCA2
:100EF00000EE100ADFF80C055149D1ED030AF8EEB7
:100F0000E00AB8EE400AC0EE800A90ED010A0078CF
:100F100002F0ECFF15E0287B03F026FC00EE100A3F
:100F2000DFF8E004D0ED020A454991ED031AB8EE6E
:100F3000C11AB8EE400A81EE000A007802F0D6FF2E
:100F4000FFE777E0404D03202870322001F0AEFC2F
:100F5000A07A1F2806D069D3212835D01BD3222898
:100F60004BD063E0687B03F0FFFB00EE100ADFF874
:100F70002C08D0ED031A90ED021AD0ED010A30488A
:100F800090ED032AB8EEC22AB8EE400A82EE000ABB
:100F900003F074F84AE0687B03F0E6FB00EE100A09
:100FA000DFF8F807D0ED031A90ED021A2449D1EDCD
:100FB000030AF8EEE00AB8EE400AC0EE800A90EDAF
:100FC000000A03F05BF831E0687B03F0CDFB00EE34
:100FD000100ADFF8C807D0ED031A1949D1ED030A4A
:100FE000F8EEE00AB8EE400A80EE801AD0ED010A71
:100FF00090ED000A03F042F818E0687B03F0B4FBC0
:1010000000EE100ADFF894070D49D1ED030AF8EE5F
:10101000E00AB8EE400AC0EE801A90ED021AD0ED58
:10102000010A90ED000A03F029F8FFE702E002F060
:1010300072FDFFE7FFE705B0F0BD00BFB428002058
:101040006C280020000000207C000020FC280020EC
:10105000002900200429002010B5DFF844379878D3
:1010600000280ED002281ED00CD3042876D027D317
:10107000062800F0F980C0F0A480072800F04D8118
:10108000BFE1BEE1DFF81C07DFF81C17CA68825C0D
:10109000521CCB68C254CA68825C3A2A02DB3022F6
:1010A000C9684254ADE158791979884202D2187959
:1010B000401E1871F1220021981C01F0A0FFA0E150
:1010C000D87800280CD158791979884202D2187939
:1010D000401E1871F1220021981C01F090FF3CE0A5
:1010E00018790F2802D0102812D036E0D8780028BE
:1010F00002D0012801D00AE009E0DFF8AC06C1689F
:10110000B1F5807F02DAC168491CC160FFE724E0C5
:10111000D878002802D0012801D01EE01DE000216F
:101120000800C0B20B2817DADFF86826DFF8780667
:101130000B00DBB252F82330C468A3420AD10B0083
:10114000DBB20A2B06DA0B00DBB202EB8302526839
:10115000C26001E0491CE3E7FFE752E1D8780028CC
:101160000CD158791979884202D21879401E187129
:10117000F1220021981C01F042FF21E01879132888
:1011800002D014280ED01BE0D878002802D0012805
:1011900001D006E005E04FF47A70DFF80C16C86065
:1011A000FFE70DE0D878002802D0012801D006E042
:1011B00005E0DFF8F405C168491CC160FFE7FFE7FF
:1011C0001FE1D87800280CD158791979884202D2C9
:1011D0001879401E1871F1220021981C01F00FFFB0
:1011E00041E01879162806D03DD318281FD010D317
:1011F00019282AD037E0D878002802D0012801D059
:1012000006E005E0DFF8A005C168491CC160FFE702
:1012100029E0D878002802D0012801D006E005E0B6
:10122000DFF88405C168491CC160FFE71BE0D8787E
:10123000002802D0012801D006E005E0DFF86805AB
:10124000C168491CC160FFE70DE0D878002802D0D2
:10125000012801D006E005E0DFF84C05C168491C13
:10126000C160FFE7FFE7CCE0D87800280CD15879BF
:101270001979884202D21879401E1871F122002192
:10128000981C01F0BCFE47E018791B2804D043D31A
:101290001D282DD013D33FE0D878002802D0012894
:1012A00001D00BE00AE0DFF80015C868002802D181
:1012B0000120C86001E00020C860FFE72CE0D8787A
:1012C000002802D0012801D011E010E0DFF8DC0492
:1012D000007B03F049FADFF8D024D3684FF4FA61B9
:1012E0004843834202D2D068401CD060FFE713E03D
:1012F000D878002802D0012801D00CE00BE0DFF8FC
:10130000A804C168DFF8A424926C914202DAC16893
:10131000491CC160FFE7FFE773E0D87800280CD1D3
:1013200058791979884202D21879401E1871F12231
:101330000021981C01F063FE62E018791F2806D096
:101340005ED3212830D01BD3222845D058E0D8784E
:10135000002802D0012801D011E010E0DFF84C0491
:10136000407B03F001FADFF84024D3684FF4FA61C0
:101370004843834202D2D068401CD060FFE73FE080
:10138000D878002802D0012801D00CE00BE0DFF86B
:101390001804C168DFF81424526D914202DAC16862
:1013A000491CC160FFE72BE0D878002802D0012853
:1013B00001D010E00FE0DFF8F403407B03F0D4F934
:1013C000DFF8E423D36850214843834202D2D06837
:1013D000401CD060FFE713E0D878002802D0012835
:1013E00001D00CE00BE0DFF8C003C168DFF8BC23DC
:1013F000D26D914202DAC168491CC160FFE7FFE784
:10140000FFE710BDE028002010B5DFF8943398788E
:1014100000280ED002281ED00CD3042876D027D363
:10142000062800F0F580C0F0A480072800F0438172
:10143000ACE1ABE1DFF86C03DFF86C13CA68825CE7
:10144000521ECB68C254CA68825C302A02DA392242
:10145000C96842549AE118799979884202D2187978
:10146000401C1871F1220021981C01F0C8FD8DE18B
:10147000D87800280CD118799979884202D2187945
:10148000401C1871F1220021981C01F0B8FD3CE0CD
:1014900018790F2802D0102811D036E0D87800280B
:1014A00002D0012801D009E008E0DFF8FC02C168A1
:1014B000012902DBC168491EC160FFE725E0D87839
:1014C000002802D0012801D01FE01EE00A221000EF
:1014D000C0B2002818D0DFF8BC32DFF8CC12100000
:1014E000C0B253F82000CC68A0420BD11000C0B2AB
:1014F000002807D01000C0B203EB800050F8040CA5
:10150000C86001E0521EE2E7FFE73FE1D87800281B
:101510000CD118799979884202D21879401C187137
:10152000F1220021981C01F06AFD21E018791328AE
:1015300002D014280DD01BE0D878002802D0012852
:1015400001D005E004E04FF47A709749C860FFE7E6
:101550000EE0D878002802D0012801D008E007E08A
:101560009148C168012902DBC168491EC160FFE7DB
:101570000CE1D87800280CD118799979884202D2E8
:101580001879401C1871F1220021981C01F037FDD8
:101590003DE01879162806D039D318281DD00FD36E
:1015A000192827D033E0D878002802D0012801D0AC
:1015B00005E004E07C48C168491EC160FFE726E001
:1015C000D878002802D0012801D005E004E0764850
:1015D000C168491EC160FFE719E0D878002802D031
:1015E000012801D005E004E06F48C168491EC160D0
:1015F000FFE70CE0D878002802D0012801D005E0F0
:1016000004E06948C168491EC160FFE7FFE7BDE02B
:10161000D87800280CD118799979884202D21879A3
:10162000401C1871F1220021981C01F0E8FC41E0F7
:1016300018791B2804D03DD31D2825D012D339E0BA
:10164000D878002802D0012801D00AE009E05649E4
:10165000C868002802D10120C86001E00020C860ED
:10166000FFE727E0D878002802D0012801D00AE05F
:1016700009E04D484D49C96CC268914202DAC1681F
:10168000491EC160FFE715E0D878002802D0012884
:1016900001D00EE00DE04548007B03F065F8424ABA
:1016A00000214843D168884202D2D068401ED060F1
:1016B000FFE7FFE76AE0D87800280CD1187999791C
:1016C000884202D21879401C1871F1220021981C1E
:1016D00001F095FC59E018791F2806D055D3212830
:1016E0002BD014D322283AD04FE0D878002802D04B
:1016F000012801D00AE009E02B482C49896DC26815
:10170000914202DAC168491EC160FFE73DE0D87826
:10171000002802D0012801D00EE00DE02348407BD4
:1017200003F022F8204A00214843D168884202D2BF
:10173000D068401ED060FFE727E0D878002802D0AC
:10174000012801D00AE009E017481849096EC2686B
:10175000914202DAC168491EC160FFE715E0D878FE
:10176000002802D0012801D00EE00DE00F48407B98
:1017700002F0FAFF0C4A00214843D168884202D2A5
:10178000D068401ED060FFE7FFE7FFE710BD000014
:101790007C0C0020080700208C260020C428002094
:1017A000B4280020000000206C2800207C000020CD
:1017B0007FB5DFF81847A078002814D0022816D08B
:1017C00012D3042800F0898014D3062800F0DD81AC
:1017D000C0F0F680082800F06483C0F081820928F8
:1017E00000F0668371E370E30020A0706DE30020D9
:1017F000A0706AE320790F2802D0102836D06BE061
:10180000E078002802D0012816D02EE0A51CF12097
:101810000390002002900D200190082000900823E2
:1018200000220221280001F00DFC0622290014F1FB
:10183000080000F0D5FD18E0A51C0622290014F1CF
:10184000080000F0CDFDF1200390DFF8840602903F
:10185000102001900F2000900F23E078421ED2B29A
:101860000321280001F0EEFBFFE735E0E0780028D7
:1018700002D0012816D02EE0A51CF12003900020F4
:1018800002900D20019008200090082300220221E0
:10189000280001F0D7FB0622290014F1080000F00F
:1018A0009FFD18E0A51C0622290014F1080000F095
:1018B00097FDF1200390DFF81C06029010200190A4
:1018C0000F2000901023E078421ED2B2032128009E
:1018D00001F0B8FBFFE7FFE7F7E22079132802D019
:1018E000142836D06BE0E078002802D0012816D00A
:1018F0002EE0A51CF1200390002002900D20019005
:1019000008200090092300220221280001F09AFB00
:101910000622290014F1080000F062FD18E0A51C61
:101920000622290014F1080000F05AFDF12003906E
:10193000DFF8A405029014200190132000901323D7
:10194000E078421ED2B20421280001F07BFBFFE7C1
:1019500035E0E078002802D0012816D02EE0A51C42
:10196000F1200390002002900D20019008200090AB
:10197000092300220221280001F064FB062229002D
:1019800014F1080000F02CFD18E0A51C0622290027
:1019900014F1080000F024FDF1200390DFF83C056D
:1019A000029014200190132000901423E078421E2E
:1019B000D2B20421280001F045FBFFE7FFE784E2F3
:1019C0002079162808D0C0F0DF80182870D039D3CD
:1019D000192800F0A380D7E0E078002802D0012881
:1019E00016D02EE0A51CF1200390002002900D20BF
:1019F0000190082000900A2300220221280001F013
:101A000021FB0622290014F1080000F0E9FC18E08F
:101A1000A51C0622290014F1080000F0E1FCF120C9
:101A20000390DFF8BC04029019200190162000906A
:101A30001623E078421ED2B20521280001F002FBF5
:101A4000FFE7A1E0E078002802D0012816D02EE0C0
:101A5000A51CF1200390002002900D200190082089
:101A600000900A2300220221280001F0EBFA06224E
:101A7000290014F1080000F0B3FC18E0A51C0622B0
:101A8000290014F1080000F0ABFCF1200390DFF80E
:101A90005404029019200190162000901723E0783A
:101AA000421ED2B20521280001F0CCFAFFE76BE01C
:101AB000E078002802D0012816D02EE0A51CF120E5
:101AC0000390002002900D200190082000900A232E
:101AD00000220221280001F0B5FA0622290014F1A3
:101AE000080000F07DFC18E0A51C0622290014F176
:101AF000080000F075FCF1200390DFF8EC03029081
:101B000019200190162000901823E078421ED2B2CE
:101B10000521280001F096FAFFE735E0E07800287B
:101B200002D0012816D02EE0A51CF1200390002041
:101B300002900D200190082000900A23002202212B
:101B4000280001F07FFA0622290014F1080000F0B5
:101B500047FC18E0A51C0622290014F1080000F03B
:101B60003FFCF1200390DFF88403029019200190DC
:101B7000162000901923E078421ED2B205212800D9
:101B800001F060FAFFE7FFE79FE120791B2805D00D
:101B9000C0F0A5801D286DD037D3A0E0E0780028E4
:101BA00002D0012816D02FE0A51CF12003900020C0
:101BB00002900D200190082000900B2300220221AA
:101BC000280001F03FFA0622290014F1080000F075
:101BD00007FC19E0A51C0622290014F1080000F0FA
:101BE000FFFBC34EF120039002961D2001901B20A5
:101BF00000901B23E078421ED2B20621280001F09B
:101C000021FABC480665FFE769E0E078002802D0C9
:101C1000012816D02DE0A51CF12003900020029091
:101C20000D200190082000900B23002202212800A3
:101C300001F008FA0622290014F1080000F0D0FB98
:101C400017E0A51C0622290014F1080000F0C8FBCB
:101C5000F1200390A84802901D2001901B200090C5
:101C60001C23E078421ED2B20621280001F0EAF9D6
:101C7000FFE734E0E078002802D0012816D02DE0FC
:101C8000A51CF1200390002002900D200190082057
:101C900000900B2300220221280001F0D3F9062234
:101CA000290014F1080000F09BFB17E0A51C062298
:101CB000290014F1080000F093FBF12003908F48F5
:101CC00002901D2001901B2000901D23E078421EF1
:101CD000D2B20621280001F0B5F9FFE7FFE7F4E0F2
:101CE00020791F2808D0C0F0DB8021286ED038D39F
:101CF000222800F0A080D3E0E078002802D001285C
:101D000016D02DE0A51CF1200390002002900D209C
:101D10000190082000900C2300220221280001F0ED
:101D200091F90622290014F1080000F059FB17E090
:101D3000A51C0622290014F1080000F051FBF12037
:101D400003906F480290222001901F2000901F23D3
:101D5000E078421ED2B20721280001F073F9FFE7B4
:101D60009EE0E078002802D0012816D02DE0A51CC6
:101D7000F1200390002002900D2001900820009097
:101D80000C2300220221280001F05CF90622290020
:101D900014F1080000F024FB17E0A51C062229001E
:101DA00014F1080000F01CFBF1200390554802904C
:101DB000222001901F2000902023E078421ED2B202
:101DC0000721280001F03EF9FFE769E0E0780028EC
:101DD00002D0012816D02DE0A51CF1200390002090
:101DE00002900D200190082000900C230022022177
:101DF000280001F027F90622290014F1080000F05C
:101E0000EFFA17E0A51C0622290014F1080000F0E3
:101E1000E7FAF12003903C480290222001901F2015
:101E200000902123E078421ED2B20721280001F061
:101E300009F9FFE734E0E078002802D0012816D045
:101E40002DE0A51CF1200390002002900D200190B0
:101E5000082000900C2300220221280001F0F2F853
:101E60000622290014F1080000F0BAFA17E0A51CB8
:101E70000622290014F1080000F0B2FAF1200390C4
:101E800022480290222001901F2000902223E07817
:101E9000421ED2B20721280001F0D4F8FFE7FFE785
:101EA00013E0062214F10801A01C00F099FA0CE0DE
:101EB000104D2878022807D0062214F10801A01C32
:101EC00000F08EFA00202870FFE77FBDB4280020C4
:101ED0007D00002080000020BC000020C000002009
:101EE000AC000020B0000020B4000020B8000020AA
:101EF000E02800207C000020C4000020C800002052
:101F0000D0000020D4000020D8000020DC000020F9
:101F1000F8B4030000250868E840002800F0D780E6
:101F200001260F6816FA05F007403A00002A00F073
:101F3000CC80087910F00300012804D0087910F053
:101F4000030002281DD19F685FF0030C2800C0B277
:101F500040001CFA00FC37EA0C07D1F80CC028003E
:101F6000C0B240001CFA00FC5CEA07079F6058689A
:101F7000AE40B0434E68C6F30016AE403043040096
:101F80005C60087910F0030003280ED0DE68032798
:101F90002800C0B240008740BE438F682800C0B20E
:101FA000400087403E433400DC60087910F00300B5
:101FB000022818D12800C00803EB8000066A0F270A
:101FC00015F00700C0B280008740BE430F6915F0CE
:101FD0000700C0B2800087403E4334002800C0089C
:101FE00003EB800004621E6803272800C0B2400093
:101FF0008740BE430F7917F003072800C0B24000A6
:1020000087403E4334001C60486810F4403F5CD079
:102010009548066856F001060660006810F0010059
:1020200000900098914F2800800857F820605FF0DA
:102030000F0C15F00300C0B280001CFA00FC36EA59
:102040000C06B3F1904F01D1002414E0884883427C
:1020500001D101240FE08748834201D102240AE024
:102060008548834201D1032405E08448834201D19D
:10207000042400E0072415F00300C0B2800084406F
:1020800026432800800847F820607D4C2068904354
:102090004F68FF0200D5104320607A4E34689443A5
:1020A0004F68BF0200D514433460774E30689043C8
:1020B0004F68BF0300D510433060744E34689443BA
:1020C0004F68FF0300D5144334606D1C23E7F1BC57
:1020D00070472DE9F041030000250800E840002882
:1020E00000F0A880012616FA05F008400200002A38
:1020F00000F09E80DFF874C1280080085CF82000A2
:102100000F2715F0030E5FFA8EFE5FEA8E0E17FAA8
:102110000EFE1EEA00000400B3F1904F02D15FF002
:10212000000E19E05248834202D15FF0010E13E025
:102130005048834202D15FF0020E0DE04E488342C8
:1021400002D15FF0030E07E04C48834202D15FF0FA
:10215000040E01E05FF0070E15F00300C0B280002E
:102160001EFA00FE74452CD14848D0F800E03EEA43
:10217000020EC0F800E04448D0F800E03EEA020E4B
:10218000C0F800E03F48D0F800E03EEA020EC0F898
:1021900000E03B48D0F800E03EEA020EC0F800E064
:1021A00015F00300C0B2800017FA00F00400280008
:1021B00080085CF82000A043AE465FEA9E0E4CF813
:1021C0002E005FF0030C1868AE465FFA8EFE5FEAE1
:1021D0004E0E1CFA0EFE5EEA000018602800C008D1
:1021E00003EB800E2800C00803EB8000D0F82080AD
:1021F00015F00700C0B28000874038EA0707CEF824
:10220000207098682F00FFB27F001CFA07F7B843D0
:1022100098605868AE4030EA06065E60DE682800C6
:10222000C0B240001CFA00FC36EA0C0CC3F80CC02B
:102230006D1C52E7BDE8F081020010690B009BB2F3
:10224000184201D0012000E00020C0B27047130006
:10225000DBB2002B03D00B009BB2836102E00B00CA
:102260009BB283627047000060100240080001408A
:102270000004004800080048000C00480010004816
:10228000080401400C040140040401400004014022
:1022900038B504000D00DFF8FC010168200000F0F3
:1022A00006F8A84201D3012000E0002032BD81429F
:1022B00004D25FF0FF32101A081800E0081A7047C5
:1022C00038B52DED048B08EE100A0C001500DFED7B
:1022D000438A2800C0B2FB2810DBB8EEC89A280059
:1022E000C0B24042C0B200F08BF829EE009A002143
:1022F0002000B0EE490A00F0B1F80EE0B8EEC89A3E
:102300002800C0B200F07CF889EE009A2900C9B21A
:102310002000B0EE490A00F0A1F8BDEC048B31BDFD
:1023200010B400210A00838892B29A4206D2002299
:1023300003680C00A4B21A55491CF3E700228280FE
:1023400010BC704710B4040013005A1E9BB2002B3F
:1023500002D02170641CF7E710BC704770B5040010
:102360000D001600DFF8240100782100C9B2884270
:1023700009D3DFF824211068002804D0310089B285
:1023800028001268904770BD38B504000D00280081
:1023900003F04CFA020092B229002000C0B2FFF70D
:1023A000DDFF31BD70B504000D00280003F03EFADA
:1023B000020092B229002000C0B2FFF7CFFFDFF881
:1023C000DC603068002807D0280003F02FFA0100F5
:1023D00089B228003268904770BD000000000000FC
:1023E00030B404000D0013005A1E9BB2002B04D021
:1023F0002B7823706D1C641CF5E730BC704700001F
:1024000010B504002000C0B2FB2816DB2000C0B2CB
:10241000D0F5807003F042FA41EC110B9FED200BD8
:1024200003F055FA53EC102B0020194903F058FA29
:1024300003F07AFB00EE100A0FE02000C0B203F0B8
:10244000A7FB41EC110B9FED160B03F040FA51EC8A
:10245000100B03F069FB00EE100A10BD38B52DED2E
:10246000028B82B0B0EE408A04000D0018EE100A14
:1024700003F09CFBCDE900012A000B49200003F08A
:10248000B9FB02B0BDEC028B31BD0000800C002016
:102490000000F03F342900203C290020382900208A
:1024A000000000000000244050FF000880B500221A
:1024B0004FF40071DFF8540CFFF7C9FE00224FF40F
:1024C00000715FF09040FFF7C2FE03F0B3FBDFF84E
:1024D000400CDFF8401C0165DFF83C1C421CC1F8D1
:1024E0007021021DC1F8882110F124020A62427A8B
:1024F00081F8252010F128028A63827A81F83D2034
:1025000010F12C020A65C27A81F8552010F11002F0
:10251000C1F8B821027A81F8BD2110F14002C1F85A
:10252000D021FD2281F8D52110F14402C1F8E82123
:10253000027A81F8ED2110F13002C1F81822027AF6
:1025400081F81D2210F13402C1F83022427A81F85C
:10255000352210F13802C1F84822827A81F84D22E2
:1025600010F13C02C1F86022C27A81F8652210F1B4
:102570004802C1F8A822027B81F8AD2210F14C027A
:10258000C1F8C022027B81F8C52210F15402C1F8C3
:10259000F022427B81F8F52210F15802C1F808239D
:1025A000427B81F80D2310F15C02C1F82023427BAD
:1025B00081F8252310F16002C1F83823407B81F8AF
:1025C0003D03DFF8B40B0068C1F88003DFF8AC0B03
:1025D0000068C1F8B00301BD38B500200024200018
:1025E000C0B2072835DADFF8985B2000C0B20001DE
:1025F0002844407801282AD12000C0B20001284494
:10260000406800280ED003F06DFB2100C9B209011B
:1026100029444968401A2100C9B20901294489683E
:10262000884214D300202100C9B20901294448700E
:1026300003F058FB2100C9B2090129444860200079
:10264000C0B22100C9B209012944C9688847641C85
:10265000C5E7002032BD38B50400DFF8285B687894
:1026600000281FD100224FF40071DFF8A00AFFF705
:10267000EEFD00224FF400715FF09040FFF7E7FDA0
:1026800003F0D8FA89200090202307220521DFF8E3
:10269000000B03F02DFB012068700221DFF8E00A37
:1026A00003F06EFC012032BD7CB50400DFF8E45A73
:1026B0002878002803D0022823D003D33DE003F07C
:1026C00089FC3AE003F0FCFC8920009020230722DB
:1026D0000521DFF8BC0A03F00BFBDFF8BC2A03215D
:1026E0002C2003F01FFCDFF8B42A0421082003F09B
:1026F00019FC03F042FD41F28830DFF8841A88614A
:102700001BE00120DFF87C1A48708920009020230C
:1027100007220521DFF8780A03F0EAFADFF8606A99
:102720000221300003F02CFC0321300003F028FCD0
:102730000421300003F024FCFFE72878401C2870B7
:102740002100C9B2DFF8380A03F029FC012076BD68
:1027500070B5040000F0BCF8DFF8285A687801284A
:1027600003D1A87800F022FC04E00021DFF8100A71
:1027700003F006FCDFF8280AA9780278914207D016
:10278000A9780170DFF81C0A0068DFF81C1A0860DD
:10279000A8780A2812D1DFF8106A4FF4FA6130687D
:1027A000FFF776FD012809D1DFF8F80900683060ED
:1027B000062215F10801A81CFFF712FE2100C9B27C
:1027C000DFF8BC0903F0EBFB012070BD10B504007D
:1027D000DFF8D819DFF8D8090069FFF759FD01289B
:1027E00027D1DFF8D0090178012905D10021017036
:1027F0000020DFF890198870DFF8BC090188491CB7
:10280000018042F21071DFF878292300DBB21B014E
:102810001A449268B1FBF2F102888A420DD300217A
:102820000180DFF860198878002806D000208870C1
:1028300003E00120DFF87C1908702100C9B2DFF83D
:10284000400903F0ACFB012010BD38B50400FDF7D2
:10285000B6FCDFF85C59287A012808D10521DFF899
:10286000200903F08DFBDFF83C0900682861210096
:10287000C9B2DFF80C0903F092FB012032BD10B59C
:102880000400FDF783FCDFF8280900210170002116
:102890000172012010BD10B5040000224FF4005158
:1028A000DFF86808FFF7D3FC012010BD10B5040065
:1028B00001224FF40051DFF85408FFF7C8FCDFF89D
:1028C000C008210089B28166062103F068FB10BDB3
:1028D00038B5DFF83C48DFF8E408216D097850F896
:1028E0002100DFF83418C1F89002DFF8D40801782D
:1028F0006170DFF8D018407851F820006060207ACD
:1029000001F032FF00EE100ADFF8BC58B8EE400AC2
:10291000D5ED010A20EE200ABDEEC00A84ED040ABE
:10292000607A01F021FF00EE100AB8EE400AD5ED02
:10293000030A20EE200ABDEEC00A84ED050AA07A43
:1029400001F012FF00EE100AB8EE400AD5ED020ABF
:1029500020EE200ABDEEC00A84ED060AE07A01F0FE
:1029600003FF00EE100AB8EE400AD5ED040A20EE8F
:10297000200ABDEEC00A84ED070A207A01F0F4FEB9
:1029800000EE100AB8EE400AD5ED050A20EE200A46
:10299000BDEEC00A84ED080A607A01F0E5FE00EEA3
:1029A000100AB8EE400AD5ED070A20EE200ABDEE67
:1029B000C00A84ED090AA07A01F0D6FE00EE100AE2
:1029C000B8EE400AD5ED060A20EE200ABDEEC00A98
:1029D00084ED0A0AE07A01F0C7FE00EE100AB8EEB4
:1029E000400AD5ED080A20EE200ABDEEC00A84EDAB
:1029F0000B0A207A01F0B8FE00EE100AB8EE400A89
:102A0000D5ED090A20EE200ABDEEC00A84ED0C0ABD
:102A1000607A01F0A9FE00EE100AB8EE400AD5ED8A
:102A20000B0A20EE200ABDEEC00A84ED0D0AA07A42
:102A300001F09AFE00EE100AB8EE400AD5ED0A0A3F
:102A400020EE200ABDEEC00A84ED0E0AE07A01F005
:102A50008BFE00EE100AB8EE400AD5ED0C0A20EE0F
:102A6000200ABDEEC00A84ED0F0A95ED0D0ADFEDD8
:102A70003B0A20EE200ABDEEC00A84ED100A207A3F
:102A800001F072FE00EE100AB8EE400AD5ED0E0A13
:102A900020EE200ABDEEC00A84ED110A207B01F071
:102AA00063FE00EE100ADFF86C56B8EE400AD5ED72
:102AB000020A20EE200ABDEEC00A84ED120A207B35
:102AC00001F052FE00EE100AB8EE400AD5ED010A00
:102AD00020EE200ABDEEC00A84ED130A607B01F0EF
:102AE00043FE00EE100ADFF8E456B8EE400AD5EDDA
:102AF000000A20EE200ABDEEC00A84ED150A607BB4
:102B000001F032FE00EE100AB8EE400AD5ED010ADF
:102B100020EE200ABDEEC00A84ED160A607B01F0AB
:102B200023FE00EE100AB8EE400AD5ED020A20EEB0
:102B3000200ABDEEC00A84ED170A607B01F014FE86
:102B400000EE100AB8EE400AD5ED030A20EE200A86
:102B5000BDEEC00A84ED180A31BD000000007A44C1
:102B60002DE9F84F8AB006002021002202AC200097
:102B700003F070FB0024002500208DF805000020E4
:102B80008DF806001827DFF890853000C0B2784332
:102B9000404490F815903000C0B2784340444068FB
:102BA000002842D001213000C0B200F0A9F900286D
:102BB0000ED13000C0B27843404442683000C0B209
:102BC00078434044017D4846C0B203F0ABF91EE0B3
:102BD0005FF0000A3000C0B278434044406802F021
:102BE00025FE5146C9B2814207D2202002A9524691
:102BF000D2B288541AF1010AECE702AA3000C0B23E
:102C000078434044017D4846C0B203F08BF9300060
:102C1000C0B278434044406802F008FEDFF8B015C7
:102C20000979491C484310FA89F93000C0B2784349
:102C300040448068002800F03A813000C0B27843F8
:102C40004044007B00280BD002281ED012D3042859
:102C500030D024D3062845D036D307283ED044E0D0
:102C60003000C0B2784340448068007800210400FE
:102C70000D003AE03000C0B278434044806890F9DB
:102C80000000C11704000D002FE03000C0B27843EF
:102C9000404480680088002104000D0025E03000D9
:102CA000C0B2784340448068B0F90000C117040006
:102CB0000D001AE03000C0B27843404480680068DC
:102CC000002104000D0010E03000C0B27843404401
:102CD00080680068C11704000D0006E001208DF82F
:102CE000050002E002208DF805009DF8050000288F
:102CF0000CD13000C0B278434044407B40420200D7
:102D0000D2B202A92000FFF7DBFA26E09DF8050009
:102D100001281AD13000C0B278434044806802F0E4
:102D200085FD202819D23000C0B278434044806825
:102D300002F07CFD020092B23000C0B27843404401
:102D4000816802A8FFF74CFB07E03000C0B278436F
:102D50004044806800788DF8080002213000C0B23D
:102D600000F0CEF8012823D13000C0B278434044AF
:102D7000807DC0B200098DF806009DF806000F287E
:102D800005D0202002A99DF80620885410E05FF0AD
:102D9000000A02A802F04AFD5146C9B2814207D298
:102DA000202002A95246D2B288541AF1010AF0E753
:102DB0003000C0B201285ED15FF0000A00208DF81B
:102DC00004003000C0B278434044407B002802D069
:102DD00009208DF80400392000902E2315220F21A0
:102DE000DFF8F00303F06AFA02A802F01FFD834641
:102DF000DFF8DC030079401C00FB0BFB5846C0B237
:102E0000022190FBF1F01F280BDA5846C0B20221D4
:102E100090FBF1F0D0F140009DF8041050FA81FAD7
:102E200007E05846C0B2D0F15F009DF8041050FA98
:102E300081FA02AA3000C0B278434044007D401CB1
:102E4000C0B2DFF88C134979D1EBC001491EC9B279
:102E50005046C0B203F0DCFB5AFA8BF09DF80490A8
:102E6000B0EB090989200090202307220521C848DA
:102E700002F03EFF1BE0892000902023072205215D
:102E8000C34802F035FF02AA3000C0B27843404484
:102E9000017D4846C0B203F045F802A802F0C6FC26
:102EA000CB490979491C484310FA89F08146300022
:102EB000C0B278434044006900281ED03000C0B240
:102EC000784340448068002817D03000C0B278436F
:102ED00040448068C04988420FD03000C0B2784377
:102EE000404402693000C0B207FB00F708EB07005E
:102EF000017D4846C0B203F015F80BB0BDE8F08F75
:102F0000F8B504000D0084492200D2B218204243D3
:102F100001EB0200817D2800C0B201402800C0B250
:102F200081422FD1A826AD4F4FF496712800C0B230
:102F3000704338442200D2B250F82200FFF7A8F9BB
:102F400001282AD12800C0B206FB00F607EB0600D4
:102F50002100C9B2934A126840F821202A20A049D2
:102F60002A00D2B242430A442300DBB22E00F6B25A
:102F700000FB06F008442100C9B2405CD0F101001A
:102F8000D0540AE096492A00D2B22A20424301EBEB
:102F900002002100C9B2002242549149EDB22A2018
:102FA000454301EB0500E4B2005DF2BD70B50400DD
:102FB000002603F085F800F077F82000C0B200F09A
:102FC0007DF82000C0B200F0A9F80025280080B2EA
:102FD0002A2811DA50492A0092B21820424301EB04
:102FE0000200C07D2100C9B2884203D12800C0B2CE
:102FF000FFF7B6FD6D1CE9E703F0BFF870BDF0B454
:103000004271C47803792500EDB2AB420AD3F025B2
:10301000414E2700FFB218235F4306EB07039D755F
:10302000641CEFE718233C4C85785D4325444679C2
:10303000AE75002904D0857803FB05F3234499601D
:10304000F0BC70472DE9F84F0700884691469A4634
:103050000A9E0B9DDDF830B00D9C87F8008087F844
:10306000019087F802A0FE703D712200D2B259464D
:103070003800FFF7C4FFBDE8F18F10B40100002253
:103080001000C0B204280CD21000C0B2085C554B2E
:103090001400E4B21B5D984201D0002002E0521CF3
:1030A000EEE7012010BC704780B501200090082396
:1030B0007F220821002003F02FFB01BD70B5040022
:1030C0002000C0B2002820D13F48007800280ED14F
:1030D000114D2DA6320095F84410782002F022FF01
:1030E000320095F85C10782002F01CFF0DE027A656
:1030F000094D320095F84410782002F013FF320099
:1031000095F85C10782002F00DFF70BD00080048B3
:103110007C000020E0280020440100200100C9B20A
:10312000092924D130490978002906D002290ED076
:1031300008D3042915D00FD318E02C492C4AC2F823
:10314000C81318E02B492A4AC2F8C81313E02A49C9
:10315000274AC2F8C8130EE02849254AC2F8C81306
:1031600009E02749224AC2F8C81304E003E01F49D6
:103170001F4AC2F8C8137047CC050020E0000020A9
:103180000C000020B4280020200000004E000000A9
:1031900080F3000853290020E0FC0008E8F800084C
:1031A00054290020342900201429002080EE360004
:1031B0006C28002055290020462900203C010020D1
:1031C0007C0C0020080700208C260020C42800204A
:1031D000D428002058F100087E0C0020341F002065
:1031E000C4220020E80000207C000020EC00002029
:1031F00044010020FC0000200C0100201C010020E4
:103200002C01002010B504000121DFF8DC0C02F0D5
:10321000C6FE012010BD30B587B004001421002285
:1032200002AD280003F016F8DFF8940BD0E9002374
:10323000CDE9002302A80090DFF8885B2978684672
:1032400000F022FB28786870BDF80410009800F0A8
:10325000E0FCDFF8740B8078042809D12878002876
:1032600003D12878401C287001E00020287001E07C
:1032700000202870DFF8705C0221280002F080FE38
:103280000321280002F08BFE2100C9B2280002F0C1
:1032900086FE012007B030BD10B50400DFF82C1BFE
:1032A0008888002810D0DFF8280B02888B889A4283
:1032B00008D1002101800221DFF82C0C02F060FE11
:1032C000012008E0898801802100C9B2DFF8180CCC
:1032D00002F065FE012010BD2DE9F041040000253B
:1032E0000026DFF8E87AB88803283DDB3868B9881B
:1032F000084410F8010C3968BA88114411F8021C0E
:1033000051EA00210E00B988891E386803F09EFA40
:1033100005002800310080B289B288421DD1072102
:10332000DFF8C40B02F03BFE3868007801280DD1AD
:10333000DFF8908A012198F8010000F0BEFA98F8B1
:103340000120D7E9000100F0A8FA13E00021DFF81E
:10335000740A407800F0B1FA0CE00021DFF8640A4A
:10336000407800F0AAFA05E00021DFF8580A40781A
:1033700000F0A3FADFF84C0A407800F0EDF80221E3
:10338000DFF8640B02F01DFE0120BDE8F0810100B2
:10339000DFF8D80C0278032A01D004220270012041
:1033A000704710B504002100C9B2DFF83C0B02F0F1
:1033B000F6FD012010BD10B50400DFF8000C017807
:1033C000012936D1DFF8F81BC978012931D1DFF89E
:1033D000F41B91ED070AD0ED020AB4EE600AF1EE9B
:1033E00010FA08DA91ED070AD0ED010AB4EE600A8E
:1033F000F1EE10FA0ED501224FF400615FF090401B
:10340000FEF725FF01224FF480515FF09040FEF758
:103410001EFF1CE000224FF400615FF09040FEF7B9
:1034200016FF00224FF480515FF09040FEF70FFF2F
:103430000DE000224FF400615FF09040FEF707FFBF
:1034400000224FF480515FF09040FEF700FFDFF85C
:10345000980A4FF47A7181662100C9B202F09FFD8B
:10346000012010BD38B50400DFF8041C08780028DE
:103470001FD101200870DFF8FC5B01221021280019
:10348000FEF7E5FE002208212800FEF7E0FE0022FC
:103490000421DFF8E40BFEF7DAFE4FF4FA60DFF800
:1034A000481A886703F0B4FB03F05DFD03F04CFDA0
:1034B00012E00020087001220821DFF8B80BFEF7A7
:1034C000C6FE01220421DFF8B00BFEF7C0FE4EF667
:1034D0006020DFF8141A88672100C9B2DFF8080AF3
:1034E00002F05DFD012032BD10B50400DFF8D41AF2
:1034F0000878002803D1002081F8480011E0DFF8A7
:10350000C8088278042A05D08278092A06D1007A70
:10351000042803D1032081F8480002E0022081F84A
:103520004800DFF89C0AC078012806D1012081F804
:103530004900012081F84A0005E0002081F8490097
:10354000002081F84A002100C9B2DFF89C0902F08E
:1035500026FD012010BD000038B52DED028B0400C2
:103560009FEDC48A2000C0B2002840F09B80DFF8A5
:10357000545A95ED010ABDEEC00A10EE100A00F093
:103580000FF985ED010A95ED010A00F079F985ED55
:10359000050A95ED030A00F074F985ED070A95ED2B
:1035A000020A00F06FF985ED060A95ED040A00F0B5
:1035B0006AF985ED080A95ED080AD5ED0C0A30EE9A
:1035C000200ADFF81C0CD0ED020AF4EE400AF1EEFE
:1035D00010FA02D5D0ED020A0BE0D0ED030AB4EEEA
:1035E000600AF1EE10FA02D5D0ED030A01E0F0EE28
:1035F000400AC5ED080AD5ED050A95ED091A70EEE9
:10360000810A9FED9D1AF4EE410AF1EE10FA02DBF9
:103610009FED9A0A09E0F5EE400AF1EE10FA02D5A4
:103620009FED940A01E0B0EE600A85ED050A95ED84
:10363000070A95ED0B1A30EE010A90ED001AB4EE70
:10364000401AF1EE10FA02D5D0ED000A0BE0D0EDF1
:10365000010AB4EE600AF1EE10FA02D5D0ED010ACB
:1036600001E0F0EE400AC5ED070AD5ED060A95ED3A
:103670000A1A30EE818ADFEDBA0AB4EE608AF1EE02
:1036800010FA02DB9FEDB70A09E0B5EE408AF1EED1
:1036900010FA02D59FED770A01E0B0EE480A85EDF9
:1036A000060AFFE7DFF81C592878002807D1002018
:1036B000686095ED010A00F0E3F885ED050A2878C9
:1036C000002807D10020E86095ED030A00F0D9F842
:1036D00085ED070A2878002807D10020A86095ED1D
:1036E000020A00F0CFF885ED060A2878002807D1F5
:1036F0000020286195ED040A00F0C5F885ED080A60
:10370000BDEC028B31BD2DE9F04100242500EDB266
:103710000A2D43DA00252E00F6B2092E3CDA2E00DF
:10372000F6B201EB860676682F00FFB251F82770DB
:10373000BE422FDA00262F00FFB251F82770AC46A8
:103740005FFA8CFC01EB8C0CDCF804C0AE465FFA2F
:103750008EFE41F82EC0AC465FFA8CFC01EB8C0C5F
:10376000CCF80470AC465FFA8CFC50F82CC0AE4626
:103770005FFA8EFE00EB8E0EDEF804E0A8465FFADC
:1037800088F840F828E0AE465FFA8EFE00EB8E0E19
:10379000CEF804C06D1CBEE7641CB7E7BDE8F0813D
:1037A00038B52DED028B04009FED328ADFF8981BAF
:1037B000087800282AD10120087000210800C0B232
:1037C0000A2815DA0800C0B2DFF8B42D0B00DBB20E
:1037D00042F82300DFF8D02B0800C0B252F82000D6
:1037E000002803D10800C0B242F82040491CE5E798
:1037F000DFF8B45B092300222900DFF8840DFFF70E
:1038000082FF95ED050AB8EEC00A30E00020010005
:10381000C9B20A291EDADFF8681D0200D2B251F8D7
:103820002220092A0BD100220300DBB241F8232019
:10383000DFF8741B0200D2B241F8224008E0020017
:10384000D2B251F82220521C0300DBB241F82320EF
:10385000401CDCE7DFF8505B092300222900DFF879
:10386000200DFFF750FF95ED050AB8EEC00ABDEC3C
:10387000028B31BD000000000100FA440000FA4450
:10388000704770477047704738B504000D00290035
:10389000C9B2200000F01BF831BD70B504000D0066
:1038A000160020000078C0B2012805D13200D2B243
:1038B0002000290000F058F870BD38B504000D0054
:1038C0002900C9B22000C0B200F0DBF831BD3EB51E
:1038D00004000D002800C0B2002805D0022815D031
:1038E0000BD3032826D039E00A20009000230322BE
:1038F0000121200002F0C8FF30E00C2000900023DE
:1039000003220121200002F0BFFF27E0DFF8400D75
:10391000818804290DD1016801918088022190FBE2
:10392000F1F080B200900A2310220121200002F061
:10393000F9FF13E0DFF8180D818804290DD1016823
:1039400001918088022190FBF1F080B200900A235F
:1039500010220121200002F0E5FFFFE737BD000043
:103960000100C8420000C8422DE9F34782B01400AC
:103970000020ADF8000000252000C0B2002805D0CE
:10398000022879D04AD3032876D078E00320ADF816
:10399000000004226946029800F008F90600DFF8EA
:1039A00024A61AF10401300000F0FAFF9AED010A92
:1039B000DFEDA80A20EE200A8AED010A04226946FA
:1039C000029800F0F3F8070004226946029800F01C
:1039D000EDF880461AF11001404600F0E1FF0422A4
:1039E0006946029800F0E2F881461AF10C01484657
:1039F00000F0D6FF04226946029800F0D7F80500CF
:103A00001AF10801280000F0CBFF9AED020ADFED61
:103A1000920A80EE200A8AED020A30E00320ADF817
:103A2000000004226946029800F0C0F80600DFF8A2
:103A3000948518F10401300000F0B2FF98ED010AFE
:103A4000DFED840A20EE200A88ED010AD8F8040090
:103A5000C8F8380010226946029800F0A7F807005D
:103A600004226946029800F0A1F8050018F134011B
:103A7000280000F095FF02E000F03FF8FFE7BDE806
:103A8000FF870200D2B2002A032A1BD80A00D2B252
:103A9000012A0ED1DFF82C25002353700123137067
:103AA0000200D2B2002A0CD10122DFF81435DA70FC
:103AB00007E0DFF810255378032B02DA53785B1CFC
:103AC0005370FFE7DFF8FC345A78002A14D05A7894
:103AD000032A11DB00221A7000225A6000221A61A8
:103AE0000022DA6000229A6000225A6300229A6360
:103AF0000022DFF8CC34DA70704780B50320DFF89D
:103B00006C1508700421DFF8E00302F05AFA322045
:103B1000FEF7CCFE01BD80B5DFF83C0B0078A9496B
:103B200008700220DFF8441508700421EE4802F006
:103B300036FA01BD2DE9F04104000D0016002F00FA
:103B4000DFF80C8B4046FEF7EBFB300080B202281A
:103B500002D004280BD01DE07878D8F80010087047
:103B60003878D8F800104870A8F8046015E0787824
:103B7000D8F8001008703878D8F800104870F87835
:103B8000D8F800108870B878D8F80010C870A8F875
:103B9000046002E00020A8F80400DFF8BC0A04700A
:103BA0000120DFF8241A0870BDE8F081F0B40300AA
:103BB00000200C881500EDB2042D16D12500ADB201
:103BC0001D44AE782500ADB21D44ED7855EA0625BA
:103BD0002600B6B29E5D2700BFB21F447F7857EA29
:103BE000062757EA054738000DE01500EDB2022D13
:103BF00009D12500ADB25D5D2600B6B21E447678CF
:103C000056EA052630000D8855FA82F50D80F0BC85
:103C1000704770B504000D00DFF8406A01224FF4D0
:103C200080513000FEF713FB0A2003F0BFF903F0C8
:103C300083F94FF47A732A0092B22100DFF8200A48
:103C400003F005FA00224FF480513000FEF7FFFA2E
:103C500070BD000000007A4400401C462DE9F84F7A
:103C60002DED048B8EB0F0EE409AB0EE608AF0EE4F
:103C7000418AB0EE619A3221002201AC200002F0AC
:103C8000E9FA5FF0000B00200090002400250026D8
:103C9000DFF830A3CAED099A8AED0B8ACAED0A8AC9
:103CA0008AED0C9A9AED090A01F03EF807009AEDA8
:103CB0000B0A01F039F880469AED0A0A01F034F84F
:103CC00081469AED0C0A01F02FF8824601A83900CE
:103CD000090E5A46D2B281541BF1010B3900090C6E
:103CE0005A46D2B281541BF1010B3900090A5A46D7
:103CF000D2B281541BF1010B5946C9B247541BF192
:103D0000010B4146090E5A46D2B281541BF1010BF8
:103D10004146090C5A46D2B281541BF1010B41466F
:103D2000090A5A46D2B281541BF1010B5946C9B255
:103D300000F801801BF1010B4946090E5A46D2B228
:103D400081541BF1010B4946090C5A46D2B28154E9
:103D50001BF1010B4946090A5A46D2B281541BF1A4
:103D6000010B5946C9B200F801901BF1010B5146F5
:103D7000090E5A46D2B281541BF1010B5146090C6F
:103D80005A46D2B281541BF1010B5146090A5A46D8
:103D9000D2B281541BF1010B5946C9B200F801A0FF
:103DA0001BF1010B5A46D2B292B201A9DFF8B40856
:103DB00004F06AF90EB0BDEC048BBDE8F18F000091
:103DC00008FF00084E290020B42800202C0C0020F9
:103DD0004C2900202DE9F041002400250026002771
:103DE000DFF880080078C0B2FF2872D0DFF87808CA
:103DF0000178C9B20906DFF874080078C0B251EA48
:103E00000041DFF86C080078C0B251EA0021DFF809
:103E100064080078C0B201430C00DFF85C08017848
:103E2000C9B20906DFF854080078C0B251EA00416F
:103E3000DFF84C080078C0B251EA0021DFF84408EE
:103E40000078C0B201430D00DFF83C080178C9B228
:103E50000906DFF838080078C0B251EA0041DFF8FF
:103E600030080078C0B251EA0021DFF82808007855
:103E7000C0B201430E00DFF820080178C9B209067C
:103E8000DFF818080078C0B251EA0041DFF81008E6
:103E90000078C0B251EA0021DFF808080078C0B20B
:103EA00001430F00DFF81C8118F12401200000F00D
:103EB00077FD18F12C01280000F072FD18F128019F
:103EC000300000F06DFD18F13001380000F068FDA1
:103ED00008E03C48002141620021C162002181626A
:103EE00000210163BDE8F0817C0700202DE9F04747
:103EF0002DED028B8EB00400F0EE408AB0EE608AA9
:103F0000322100226D46280002F0A4F90025002687
:103F10000027DFF8A8A08AF800408AED028ACAEDDF
:103F2000018A9AED020A00F0FFFE80469AED010A2E
:103F300000F0FAFE814668469AF800102A00D2B2D4
:103F400081546D1C4146090E2A00D2B281546D1C69
:103F50004146090C2A00D2B281546D1C4146090A1F
:103F60002A00D2B281546D1C2900C9B200F8018028
:103F70006D1C4946090E2A00D2B281546D1C494677
:103F8000090C2A00D2B281546D1C4946090A2A0044
:103F9000D2B281546D1C2900C9B200F801906D1C89
:103FA0002A00D2B292B26946DFF8FC0604F06CF83F
:103FB0000EB0BDEC028BBDE8F0870000E0280020C9
:103FC000282900208C26002070B500240025DFF869
:103FD000D8060078C0B2FF283DD0DFF8D066DFF801
:103FE000D00600783070DFF8CC060178C9B2090637
:103FF000DFF8C4060078C0B251EA0041DFF8BC0621
:104000000078C0B251EA0021DFF8B4060078C0B2EF
:1040100001430C00DFF8AC060178C9B20906DFF8ED
:10402000A8060078C0B251EA0041DFF8A006007887
:10403000C0B251EA0021DFF898060078C0B201430F
:104040000D0016F10801200000F0AAFC311D280027
:1040500000F0A6FC08E0DFF8540600210170DFF84C
:10406000741681600021416070BD00007C0000205A
:104070005B29002000040048000C00482DE9F84F9F
:104080002DED048B8EB0F0EE409AB0EE608AF0EE2B
:10409000418AB0EE619A3221002201AC200002F088
:1040A000D9F85FF0000B00200090002400250026C6
:1040B000DFF82CA1CAED009A8AED018ACAED028AC6
:1040C0008AED039A9AED000A00F02EFE07009AEDA1
:1040D000010A00F029FE80469AED020A00F024FE53
:1040E00081469AED030A00F01FFE824601A83900BE
:1040F000090E5A46D2B281541BF1010B3900090C4A
:104100005A46D2B281541BF1010B3900090A5A46B2
:10411000D2B281541BF1010B5946C9B247541BF16D
:10412000010B4146090E5A46D2B281541BF1010BD4
:104130004146090C5A46D2B281541BF1010B41464B
:10414000090A5A46D2B281541BF1010B5946C9B231
:1041500000F801801BF1010B4946090E5A46D2B204
:1041600081541BF1010B4946090C5A46D2B28154C5
:104170001BF1010B4946090A5A46D2B281541BF180
:10418000010B5946C9B200F801901BF1010B5146D1
:10419000090E5A46D2B281541BF1010B5146090C4B
:1041A0005A46D2B281541BF1010B5146090A5A46B4
:1041B000D2B281541BF1010B5946C9B200F801A0DB
:1041C0001BF1010B5A46D2B292B201A9DFF80805E1
:1041D00003F05AFF0EB0BDEC048BBDE8F18F000078
:1041E000C42800202DE9F0410024002500260027E6
:1041F000DFF8E4040078C0B2FF2871D0DFF8DC04F7
:104200000178C9B20906DFF8D8040078C0B251EAD3
:104210000041DFF8D0040078C0B251EA0021DFF895
:10422000C8040078C0B201430C00DFF8C004017874
:10423000C9B20906DFF8B8040078C0B251EA0041FB
:10424000DFF8B0040078C0B251EA0021DFF8A8041A
:104250000078C0B201430D00DFF8A0040178C9B2B4
:104260000906DFF89C040078C0B251EA0041DFF88B
:1042700094040078C0B251EA0021DFF88C04007881
:10428000C0B201430E00DFF884040178C9B2090608
:10429000DFF87C040078C0B251EA0041DFF8740412
:1042A0000078C0B251EA0021DFF86C040078C0B297
:1042B00001430F00DFF864844146200000F070FBEA
:1042C00018F10401280000F06BFB18F10801300020
:1042D00000F066FB18F10C01380000F061FB0BE008
:1042E000DFF83804DFF8EC13016000214160DFF8EB
:1042F000301481600021C160BDE8F08178B591B0D3
:1043000004000D003C21002202AE300001F0A2FFAB
:104310000020ADF804000321032001F072F80B2007
:1043200000900023DFF8FC2301A902A800F022FB83
:104330004FF47A73BDF8042002A9DFF8EC0302F011
:1043400086FE12B070BD00005C29002078B591B0E7
:1043500004000D003C21002202AE300001F07AFF83
:104360000020ADF80400BF4803F05EFECE4803F025
:104370005BFECE4800210170D6498160002141607A
:104380000D2000900023DFF8A42301A902A800F06B
:10439000F1FA4FF47A73BDF8042002A9DFF888031C
:1043A00002F055FE12B070BD0428002038B590B060
:1043B00004000D0003A8DFF87813322203F0A8FEF2
:1043C000DFF87003D0E90023CDE9012303A80190B1
:1043D0000023DFF86403027802A903A800F055FA6D
:1043E00002200090002377A202A903A800F0C2FADD
:1043F0004FF47A73BDF808200199CB4802F027FEEC
:1044000011B030BDF8B504000D000026206800781A
:1044100030283ADB206800783A2836DA0027002076
:104420000100C9B2A28889B291420FD2216802006C
:10443000D2B2895C302905DB21680200D2B2895CE6
:104440003A2900DB02E07F1C401CE9E73900C9B2D1
:10445000206800F047FB0600B6F5807F0DD2B64815
:1044600041783000C0B200F0CCFF4FF47A730222E2
:1044700078A1AD4802F0EBFD0EE04FF47A7305220F
:10448000AE49A94802F0E3FD06E04FF47A73052235
:10449000AA49A54802F0DBFDF1BD38B590B0040093
:1044A0000D0003A8A649322203F032FEA548D0E948
:1044B0000023CDE9012303A8019000239E48427800
:1044C00002A903A800F0E1F90220009000233DA218
:1044D00002A903A800F04EFA4FF47A73BDF8082041
:1044E0000199914802F0B3FD11B030BDF8B5040058
:1044F0000D00002620680078302839DB206800781D
:104500003A2835DA002700200100C9B2A28889B212
:1045100091420FD221680200D2B2895C302905DBBA
:1045200021680200D2B2895C3A2900DB02E07F1CDC
:10453000401CE9E73900C9B2206800F0D3FA060050
:104540000C2E0DD23100C9B27B48007800F059FF23
:104550004FF47A7302223FA1734802F078FD0EE017
:104560004FF47A73052275496F4802F070FD06E03A
:104570004FF47A73052271496B4802F068FDF1BD72
:10458000DC27002080B5FFF725FCFFF71DFDFFF7B6
:1045900029FE6D486D49C0F8A4136D49C0F8B413E5
:1045A0006C49C0F8C4136C49C0F8D4136B49C0F807
:1045B000E4136B49C0F8F41302F0D5FC02F0C4FC1C
:1045C00001BD00000D0A00007C00002070B5002035
:1045D000002400252800C0B2092836DA614E2800E0
:1045E000C0B200013044407801282CD101200400E1
:1045F0002800C0B200013044406800280ED001F00D
:1046000071FB2900C9B2090131444968401A2900E7
:10461000C9B2090131448968884214D300202900B5
:10462000C9B209013144487001F05CFB2900C9B2EC
:104630000901314448602800C0B22900C9B209010B
:104640003144C96888476D1CC4E72000C0B270BD02
:104650000C0800204F4B00005A2900200008004899
:104660003C22002000080208020802080308020891
:1046700004080208050802080608020807080208DC
:1046800008080208090802080A0802080B080208BC
:104690000C0802080D0802080E0802080F0802089C
:1046A000100802081108020800100208E028002083
:1046B0000210020803100208041002080510020884
:1046C0000610020807100208081002080910020864
:1046D0000A1002080000FA44002002080220020822
:1046E0000320020804200208052002080620020810
:1046F0000720020808200208092002080A200208F0
:104700000B2002080C2002080D2002080E200208CF
:104710000F2002081020020811200208C4280020DF
:104720000000A042F8FC00082C21002024FA000818
:1047300000E9000810FF00087C0C002000FF0008C2
:10474000F8F6000818FF00081C080020FD420008C9
:104750004D430008AD430008054400089B44000891
:10476000ED4400087C07002001000800C0B20028CA
:1047700001D1012021E00800C0B2FF2801D10A20A8
:104780001BE00800C0B2FE2801D1642015E008003B
:10479000C0B2FD2802D14FF47A700EE00800C0B21A
:1047A000FC2802D142F2107007E00800C0B2FB28DA
:1047B00002D1DFF8480500E0012070472DE9F24FF3
:1047C00082469346002000210A260027B046B946BB
:1047D000009A1588BBF1000F08D5DBF100042D20ED
:1047E0002A0092B20AF802006D1C00E05C4620002C
:1047F000002142464B4603F0DFFC002901D100288E
:1048000008D0A6FB080106FB091107FB081180462A
:104810008946ECE7404649460A22002303F0CCFCD7
:1048200006000F00002F01D1002E28D0200000210B
:1048300032003B0003F0C0FC3030290089B20AF896
:1048400001006D1CA0465FF000092000002132002D
:104850003B0003F0B1FCA6FB002306FB013307FB82
:104860000033B8EB020079EB03010400300039009B
:104870000A22002303F0A0FC06000F00D2E70098F4
:1048800005802800C0B2BDE8F28F2DE9FE4F06007A
:104890000F0090460020ADF8000000200024002109
:1048A0005FF0000BB7F80090B8F1000F02D5D8F117
:1048B000000500E04546424639003000FFF77EFF24
:1048C000B7F800A0002D4FD09DF80800FFF74CFF6F
:1048D00001008D4205D20A2045431BF1010B002D3A
:1048E000F7D15846C0B2002821D050460200D2B2BB
:1048F000324412F8012C2D2A06D00200D2B24B46C7
:1049000092B29BB29A4208D130220300DBB2F25439
:104910001AF1010ABBF1010BE3E70200D2B2324403
:1049200012F8012C0300DBB2F254401EDEE70A202D
:10493000B1FBF0F450468346002C15D00A20B4FB9E
:10494000F0F45846C0B2304410F8010C5946C9B2D0
:104950007054BBF1010B002CEED12E205946C9B288
:1049600070541AF1010AE7E7A7F800A05046C0B258
:10497000BDE8FE8FF0B4049C00252E00B6B2A6421E
:104980000BD20E88771C0F802F00BFB217FA83F767
:10499000D75DB6B287556D1CEFE7F0BC70470000DD
:1049A0002DE9F34F81B02DED028B9FED658A002438
:1049B00001250026F7EE008A00273800C0B2202823
:1049C00064DA0398F84010F0010004003800C0B227
:1049D000172829DA18EE900A01F0E8F882468B468B
:1049E0002000C0B201F0D4F8804689463800C0B239
:1049F000D0F117005FF0FF31484300F04FFF41EC6A
:104A0000110B9FED500B00F062FF51EC100B424672
:104A10004B4603F0E9FC52465B4603F0B7FD01F05C
:104A200083F808EE900A2FE03800C0B21F2824DA7D
:104A30003000C0B201F0ACF882468B462000C0B214
:104A400001F0A6F8804689463800C0B2173800F059
:104A500025FF41EC110B9FED3B0B00F038FF51ECB3
:104A6000100B42464B4603F0BFFC52465B4603F038
:104A70008DFD03F049FE060006E02000C0B20128CB
:104A800002D15FF0FF3005007F1C96E7280040B29E
:104A900000F004FF804689463000C0B27F3800F045
:104AA000FDFE41EC110B9FED270B00F010FF51ECC8
:104AB000100B42464B4603F097FC8046894618EEA1
:104AC000900A01F073F842464B4603F08DFC01F06A
:104AD0002BF800EE100A049880ED000ABDEC028B62
:104AE000BDE8F78F70B403000022002400200025E9
:104AF0002A000E00D2B2F6B2B2421FD22A00D2B2BF
:104B00009A5C302A0ADB2A00D2B29A5C3A2A05DA89
:104B10002A00D2B29A5C303A140001E0002214005C
:104B20002A00D2B2002A03D12200D2B2100003E040
:104B30000A22504350FA84F06D1CD9E770BC7047CC
:104B40000000000000000000000000402DE9F041DE
:104B50002DED028B07000E009FED678A3000C0B27A
:104B600000280BD0FB2800F09E80FC2877D0FD2881
:104B700051D0FE282CD0FF2807D0B7E000EE107AE5
:104B8000B8EEC00AB0EE408AB0E00A2097FBF0F021
:104B900000EE100AB8EEC00A5FF00A0810EE100A24
:104BA00001F004F804000D0097FBF8F008FB107802
:104BB000404600F073FE524A524B03F015FC2200AF
:104BC0002B0003F0E3FC00F0AFFF08EE100A8DE0CD
:104BD000642097FBF0F000EE100AB8EEC00A5FF018
:104BE000640810EE100A00F0E1FF04000D0097FBCE
:104BF000F8F008FB1078404600F050FE424A434B64
:104C000003F0F2FB22002B0003F0C0FC00F08CFF4D
:104C100008EE100A6AE04FF47A7097FBF0F000EEAD
:104C2000100AB8EEC00A4FF47A7810EE100A00F0BD
:104C3000BDFF04000D0097FBF8F008FB107840461C
:104C400000F02CFE324A334B03F0CEFB22002B0047
:104C500003F09CFC00F068FF08EE100A46E042F208
:104C6000107097FBF0F000EE100AB8EEC00A42F2A6
:104C7000107810EE100A00F099FF04000D0097FB69
:104C8000F8F008FB1078404600F008FE224A234B5B
:104C900003F0AAFB22002B0003F078FC00F044FF95
:104CA00008EE100A22E0154897FBF0F000EE100A1B
:104CB000B8EEC00ADFF8448010EE100A00F076FF6C
:104CC00004000D0097FBF8F008FB1078404600F058
:104CD000E5FD134A134B03F087FB22002B0003F082
:104CE00055FC00F021FF08EE100AFFE7B0EE480A7D
:104CF000BDEC028BBDE8F08100000000A086010041
:104D00009A9999999999B93F7B14AE47E17A843F72
:104D1000FCA9F1D24D62503F2D431CEBE2361A3F05
:104D2000F168E388B5F8E43E10B42DED010A0020E7
:104D30006A460023042B07D2D45C1900C9B2C9000B
:104D40008C4020435B1CF5E712BC7047020000203A
:104D5000704730B40200DFF8A40A00230468858895
:104D6000635583885B1C8380DFF8943A1B78046862
:104D70008588635583885B1C8380012030BC704725
:104D8000F8B504000D00002000212E002268330039
:104D9000DBB2D25C23683700FFB23B445F7857EA4E
:104DA00002273A0092B2B2F5807F23DA380080B24F
:104DB00000281FD0DFF8440A21683200D2B2895C93
:104DC00002688388D1548188491C8180216832001F
:104DD000D2B21144497802688388D1548188491C31
:104DE0008180DFF81C0A41783800C0B200F009FB6E
:104DF000012000E00020F2BD30B40200DFF8FC0921
:104E0000002304688588635583885B1C8380DFF8F2
:104E1000F0395B7804688588635583885B1C8380E0
:104E2000012030BC7047F8B504000D0000200021BF
:104E30002E0022683300DBB2D25C23683700FFB259
:104E40003B445F7857EA02273A0092B20B2A1FDAF6
:104E5000DFF8A80921683200D2B2895C0268838831
:104E6000D1548188491C818021683200D2B211441A
:104E7000497802688388D1548188491C818039002F
:104E8000C9B2DFF87C09007800F0BBFA012000E02D
:104E90000020F2BDF8B504000D000026DFF864091B
:104EA00090ED050AFFF740FF0100DFF850090A0006
:104EB000120A03688788DA558288521C8280026849
:104EC0008388D1548288521C82800A00120E0368A3
:104ED0008788DA558288521C82800A00120C036887
:104EE0008788DA558288521C82800120F2BDF8B58D
:104EF00004000D000026DFF80C0990ED080AFFF70A
:104F000013FF0100DFF8F4080A00120A036887881B
:104F1000DA558288521C828002688388D154828844
:104F2000521C82800A00120E03688788DA55828834
:104F3000521C82800A00120C03688788DA55828826
:104F4000521C82800120F2BDF8B504000D0000263D
:104F5000DFF8B00890ED070AFFF7E6FE0100DFF882
:104F60009C080A00120A03688788DA558288521C56
:104F7000828002688388D1548288521C82800A0011
:104F8000120E03688788DA558288521C82800A00D4
:104F9000120C03688788DA558288521C82800120AF
:104FA000F2BDF8B504000D000026DFF8580890EDBA
:104FB000060AFFF7B9FE0100DFF840080A00120AEE
:104FC00003688788DA558288521C82800268838849
:104FD000D1548288521C82800A00120E036887888E
:104FE000DA558288521C82800A00120C0368878876
:104FF000DA558288521C82800120F2BD30B4020052
:10500000DFF8F807002304688588635583885B1CF4
:105010008380DFF8F03793F848300468858863555B
:1050200083885B1C8380012030BC704730B4020051
:10503000DFF8C807002304688588635583885B1CF4
:105040008380DFF8C03793F849300468858863555A
:1050500083885B1C8380012030BC704730B4020021
:10506000DFF89807002304688588635583885B1CF4
:105070008380DFF8903793F84A3004688588635559
:1050800083885B1C8380012030BC704730B40200F1
:10509000DFF86807002304688588635583885B1CF4
:1050A0008380DFF8603793F849300468858863555A
:1050B00083885B1C8380012030BC704730B40200C1
:1050C000DFF83807002304688588635583885B1CF4
:1050D0008380DFF8303793F849300468858863555A
:1050E00083885B1C8380012030BC704730B4020091
:1050F000DFF80807002304688588635583885B1CF4
:105100008380DFF804371B780468858863558388BB
:105110005B1C8380012030BC7047F8B504000D0093
:10512000002000212E0022683300DBB2D25C23680D
:105130003700FFB23B445F7857EA02273A0092B249
:10514000012A03D0380080B2002822D1DFF8AC0653
:1051500021683200D2B2895C02688388D154818888
:10516000491C818021683200D2B21144497802681A
:105170008388D1548188491C8180DFF88C06D0ED6A
:10518000020A90ED010A3800C0B2FEF7AFFE01201E
:1051900000E00020F2BDF8B504000D000026DFF8A5
:1051A000680690ED020AFFF7BFFD0100DFF84C062C
:1051B0000A00120A03688788DA558288521C8280A6
:1051C00002688388D1548288521C82800A00120EA1
:1051D00003688788DA558288521C82800A00120C84
:1051E00003688788DA558288521C82800120F2BDCC
:1051F0002DE9F84304000D00002600200090002750
:10520000A84620684146C9B20844817820684246D1
:10521000D2B21044C07850EA012021684246D2B28E
:10522000895C22684346DBB21A4492F8019059EA3D
:10523000012959EA0049DFF8C40521684246D2B283
:10524000895C02688388D1548188491C81802168E7
:105250004246D2B21144497802688388D154818889
:10526000491C818021684246D2B211448978026883
:105270008388D1548188491C818021684246D2B2FA
:105280001144C97802688388D1548188491C81807F
:1052900069464846FFF784FBDFF86C05DDED000A40
:1052A00090ED010A0078FEF721FE0120BDE8F283AF
:1052B000F8B504000D000026DFF84C0590ED010A5A
:1052C000FFF732FD0100DFF834050A00120A036817
:1052D0008788DA558288521C828002688388D1547C
:1052E0008288521C82800A00120E03688788DA5571
:1052F0008288521C82800A00120C03688788DA5563
:105300008288521C82800120F2BD2DE9F8430400FE
:105310000D000026002000900027A8462068414686
:10532000C9B20844817820684246D2B21044C0789D
:1053300050EA012021684246D2B2895C2268434685
:10534000DBB21A4492F8019059EA012959EA00495E
:10535000DFF8A80421684246D2B2895C02688388DB
:10536000D1548188491C818021684246D2B21144BF
:10537000497802688388D1548188491C81802168DA
:105380004246D2B21144897802688388D154818818
:10539000491C818021684246D2B21144C978026812
:1053A0008388D1548188491C818069464846FFF72B
:1053B000F7FADFF85404D0ED020A9DED000A0078F8
:1053C000FEF794FD0120BDE8F28370B504000D00E6
:1053D000DFF83864012220213000FCF738FF0A2072
:1053E00001F0E4FD4FF47A732A0092B22100DFF855
:1053F000200401F02CFE002220213000FCF727FFC2
:1054000070BD7CB504000D00082100226E463000FE
:1054100000F020FF0026DFF8E803047045706946BD
:1054200002783300DBB2CA54761C40783200D2B224
:105430008854761C3200D2B292B26946DFF8D403A7
:1054400002F022FE73BDDFF8CC030078C0B2FF2863
:105450000AD0DFF8AC03DFF8C01309780170DFF879
:10546000BC130978417005E0DFF894030321017053
:105470000321417070472DE9F04F87B004000027E9
:105480005FF000085FF000090025DFF89423D2E9FF
:105490000001CDE902010026DFF88823D2E90001EE
:1054A000CDE90401DFF854A35046FCF739FFA0888A
:1054B0000828C0F29E812068A188084410F8010CD9
:1054C0002168A288114411F8021C51EA0021ADF8AC
:1054D0001810A188891E206801F0B8F9ADF81A00EB
:1054E000BDF81A00BDF81810884240F0808120688D
:1054F0000078C3490978884240F079812068807833
:105500002168CF7857EA002720684078032807D021
:10551000042805D006286DD0102800F0C48062E170
:10552000206800792168497951EA00210D005FF077
:1055300001084046C0B20F2836DA5FF01409DFF8E0
:10554000E8B24046C0B209FB00F058444068390058
:1055500089B2884225D1280080B24146C9B209FBF0
:1055600001F15944896888421BDB00210020424632
:10557000D2B209FB02F25A44D268904701280FD1F7
:105580004046C0B209FB00F0584480682D1A4046DE
:10559000C0B209FB00F90BEB09008068C71900E0F5
:1055A00002E018F10108C4E7BAF80400002820D08E
:1055B000BAF80400022190FBF1F201FB120000286E
:1055C00017D1DAF800000190BAF80400022190FB2C
:1055D000F1F080B200903B009BB2206842782068D6
:1055E000017804A801F012FABDF814100498FFF72E
:1055F000ECFEFAE004200100C9B2A288921E91429A
:105600000EDA21680200D2B2895C029ABDF80C3031
:10561000D154BDF80C10491CADF80C10401CEAE741
:105620005FF001084046C0B20F2817DA14227E4B03
:105630004046C0B2504318444068390089B288429D
:1056400009D1002102A8C4465FFA8CFC02FB0CF2CF
:105650001A441269904718F10108E3E7BAF8040008
:1056600000281FD0BAF80400022190FBF1F201FBE0
:105670001200002816D1DAF800000190BAF80400F0
:10568000022190FBF1F080B200903B009BB2062219
:105690002068017804A801F00AFABDF814100498F3
:1056A000FFF793FEA1E00020060020680079216842
:1056B000497951EA00210D0007200100C9B2A288F2
:1056C000921E91420EDA21680200D2B2895C029ADF
:1056D000BDF80C30D154BDF80C10491CADF80C10BD
:1056E000401CEAE7280080B240002168897988429E
:1056F0004DD1BDF80C002168897989B2884246D124
:105700005FF001084046C0B20F2840DA5FF014098C
:10571000DFF814B14046C0B209FB00F058444068BD
:10572000390089B288422FD1280080B24146C9B2DF
:1057300009FB01F159448968884225DB310089B2AF
:1057400002A84246D2B209FB02F25A4412699047BB
:10575000012818D14046C0B209FB00F058448068C7
:10576000400010FA86F64046C0B209FB00F05844EB
:1057700080682D1A4046C0B209FB00F90BEB090006
:105780008068C71900E002E018F10108BAE7BAF82A
:105790000400002826D0BAF80400022190FBF1F2A0
:1057A00001FB120000281DD1206880782168C9788B
:1057B00051EA00210F00DAF800000190BAF8040065
:1057C000022190FBF1F080B200903B009BB21022CE
:1057D0002068017804A801F06AF9BDF81410049853
:1057E000FFF7F3FD01E0002004E0012002E00020CB
:1057F00000E0002007B0BDE8F08F00003407002073
:105800007C0C00208C260020E028002000040048AA
:10581000B421002000000208020002080300020870
:10582000F0FE0008F8FE0008DC05002000F101038E
:10583000810704D010F8011B820781B1FAD10268F8
:10584000A2F10131914311F0803104BF50F8042FCF
:10585000F6E709BAB1FA81F100EBD100401CC01A99
:10586000704730B4002513E050F8042BD30744BF31
:10587000A9F101039A18091F042942F8045BFAD21E
:1058800013468C0744BF15809B1CC90748BF1D7079
:1058900050F8041B0029E7D130BC7047C11768B12C
:1058A0004840401AB0FA80F29040D21CC907C2F5B5
:1058B000846241EA025202EBD0214005704702683F
:1058C000531C03601170704741EC100B01BD80B593
:1058D00053EC112B51EC100B02F034FFF4E72E00C7
:1058E000F0B540F2FF7581EA030C0CF0004C15EAAC
:1058F00011541DBF15EA1357AC42AF42E5E0BC415D
:10590000C1F31301C3F31303801A994143F48013C5
:1059100004D2641E4000494180185941C90241EA3D
:105920005051B1FBF3F603FB1611A2FB0675D7EB42
:10593000C020A94102D2761E80185941C90241EA0D
:105940005051B1FBF3FE03FB1E11A2FB0E75D7EB0A
:10595000C020A94103D2AEF1010E8018594189023D
:1059600041EA9051760546EA8E2EB1FBF3F603FB31
:105970001611A2FB0675D7EB8020A94102D2761E34
:1059800080185941C90241EA50514EEA060EB1FB56
:10599000F3F603FB1611A2FB0675D7EBC020A94155
:1059A00002D2761E80185941C90241EA5051B1FB1A
:1059B000F3F703FB1711A2FB0735D3EBC020A94176
:1059C00067F100070CBF004247F0010766F3D527D7
:1059D0004FEA1E31B80814F5806412DDBD0775F179
:1059E000004250EB0E5051EB045111F5801F5CBF8B
:1059F00041EA0C01F0BD4CF07F6141F0E041002034
:105A0000F0BDBD076D0840EA0E5041F48011D4F19D
:105A10000104B4F120060ADAC4F120060200E040D5
:105A200001FA06F3E1401843B24015430EE0342C6E
:105A300013DCC6F1200445EA40056D0820FA06F2A1
:105A4000154321FA06F0A1400D43002175F10042F3
:105A500050F1000051EB0C01F0BD00205FEA0C0199
:105A6000F0BDCFB992185B41B3FA83F704BFB2FA25
:105A700082F6BF190B3FB7F120062FBF02FA06F3DB
:105A8000BB40C7F1200622FA06F638BF3343BA40BE
:105A90001CB1E419641E33E77F4231F00041B1FAD2
:105AA00081F404BFB0FA80F6A4190B3CB4F12006CF
:105AB0002FBF00FA06F1A140C4F1200620FA06F635
:105AC00038BF3143A0403C1B1AE7AC421ABF05EA7D
:105AD0001357AF4212E050EA41061CBF52EA430698
:105AE000BFE750EA4107304661461CBF41EA055115
:105AF000F0BD52EA430C08BFC143F0BD00204FF493
:105B0000001616EB410F98BF16EB430F08BF16EBBC
:105B1000410F24BFC14305E016EB430F0CBF6146A4
:105B20004CEA0551F0BD000001F000428B1AA3F1D0
:105B30006051B1F5801F0ADBB1F17F6F1FD242EADD
:105B4000C102C10071F1004142EB507070470B156A
:105B5000C3F10903212B10D2890241EA905180023E
:105B60000128494141F0004121FA03F0C3F120032B
:105B7000994071F1004150417047100070476FF03B
:105B8000000013EB103F5CBF000E42EAC0507047AC
:105B9000014648B1B0FA80F18840C91CC1F5846162
:105BA000090501EBD021400570470000C0F3C75143
:105BB00081B1FF2906D0C110400721F0E04101F179
:105BC0006051704741020CBF40F4E0016FF00041AA
:105BD0000020704700F0004100020AD0B0FA80FCBB
:105BE00000FA0CF001F16051A1EB0C5101EBD02156
:105BF000400570470CB430B583B00A4606A902913F
:105C0000044600250194009502AB01A90848784498
:105C10001E3003F00DF9019A157000284EBF04469E
:105C20000198041B204603B030BC5DF80CFB00BF9C
:105C30008FFCFFFF80B5012240212348FCF707FBC2
:105C40002249234800F04EFA00F01EF8012000F02F
:105C500005F800F0D1FA00F01FFA01BD704711B548
:105C600081B0194C002240212000FCF7F0FA4FF4DB
:105C70007A73012201A9174804F03AF90122402160
:105C80002000FCF7E4FA13BD10B50F4C00224021B0
:105C90002000FCF7DCFA002280212000FCF7D7FA74
:105CA000012000F019F8052000F016F801228021EB
:105CB0002000FCF7CCFA052000F00EF8012240216C
:105CC0002000FCF7C4FA10BD000800480829002095
:105CD00034110020C425002010B50400200001F07C
:105CE00065F910BD01480068704700BF1829002001
:105CF00070B4039CDFF88052286029716A71AB711F
:105D0000EC7100262E7270BC70472DE9F84F04002C
:105D10000D00160000275FF00008DFF85C9299F88C
:105D20000500082880F2FC80300099F80610C0B207
:105D3000884205D399F807003100C9B2884201D2E0
:105D40002E200600402099F80510491C90FBF1F028
:105D50002900C9B2814280F2E38099F8040050FA28
:105D600084F0802880F2DC8099F805305B1C99F87B
:105D7000050003FB05035B1CDBB299F80420121934
:105D8000D2B299F80500401C15FB00F1C9B2200001
:105D9000C0B200F029F90021080099F80420C0B22F
:105DA000904280F0BD80002015FB00F00200D2B2CE
:105DB000082392FBF3F21700C0B2082290FBF2F323
:105DC00002FB13008046FF226C4BD3F800C0380062
:105DD000C0B250FA85FE802000FB0EFE5EFA84FE03
:105DE000D3F800A03800C0B250FA85FB802000FB39
:105DF0000BFB5BFA84F01AF800A0D8F1080B100036
:105E000050FA0BF010EA0A0A0CF80EA0D3F800C002
:105E10003800C0B250FA85FE802000FB0EFE5EFA0C
:105E200084F00090D3F800E03800C0B250FA85FA50
:105E3000802000FB0AFA5AFA84F01EF800E0D9F834
:105E400000A0B3465FFA8BFB99F80600BBEB00009D
:105E500099F804B00BFB00FB0AEB0B008A465FFAD3
:105E60008AFA10F80A0010FA08F050EA0E00DDF87D
:105E700000E00CF80E00D3F800C03800C0B250FAB1
:105E800085FE802000FB0EFE5EFA84F08444D3F889
:105E900000E03800C0B250FA85FA802000FB0AFA10
:105EA0005AFA84F0704490F8800012FA08F2024026
:105EB0008CF880201A683800C0B250FA85FC802027
:105EC00000FB0CFC5CFA84F002441B683800C0B292
:105ED00050FA85FC802000FB0CFC5CFA84F018442E
:105EE00090F88030D9F800C0B6465FFA8EFE99F877
:105EF0000600BEEB000E99F8040000FB0EFE0CEB52
:105F00000E008C465FFA8CFC10F80C00D8F1080CDF
:105F100050FA0CF0034382F88030641C491C3BE7C4
:105F2000BDE8F18FF8B507000C001600124D687936
:105F3000082820DA307800281DD032782100C9B234
:105F40003800C0B2FFF7E1FE761C2879401CC71963
:105F5000287950FA87F0401C812802DB00200700D6
:105F6000641C40206979491C90FBF1F02100C9B202
:105F70008142DFDBFFE7F1BDD42800200C2900209F
:105F8000020001200B00DBB21B01134458700020FB
:105F90000B00DBB21B01134458600120704738B579
:105FA00004000D0001202900C9B2090121444870F4
:105FB000FFF798FE2900C9B2090121444860012079
:105FC00032BD020000200B00DBB21B0113445870ED
:105FD0000120704780B5034800F024FC00F0CDF8A4
:105FE00001BD000058ED000870B40400E4B2802C3C
:105FF00001DB7F2420001400E4B2802C01DB7F242D
:1060000022000C00E4B2402C01DB3F2421001C00E4
:10601000E4B2402C01DB3F242300354C0500266808
:106020003678EDB2B54201D2256828702568AD7882
:106030001600F6B2B54201D22568AA700D00266896
:106040007678EDB2B54201D2256869702568ED78A1
:106050001E00F6B2B54201D22468E37070BC7047EE
:1060600023487F21026811700021026891703F214E
:106070000268517000210068C17070471C480021FF
:10608000026811707F2102689170002102685170CE
:106090003F210068C170704770B54FF480640025DF
:1060A000144806682A002100300000F0D3F83F238E
:1060B0007F2200210020FFF797FF00F05EF870BDFF
:1060C00070B54FF4806400250A4806682A00210054
:1060D000300000F0BFF83F237F2200210020FFF7AF
:1060E00083FF70BD034A1060014A116070470000D1
:1060F000102900200C29002010B5040000224FF4C4
:1061000080713A48FCF7A3F82000C0B2FFF7A7FD62
:1061100010BD10B5040001224FF480713348FCF724
:1061200096F82000C0B2FFF79AFD10BD10B504002C
:1061300014F00F0050F0B000C0B2FFF7DDFF10BD4B
:1061400010B504002000C0B200F005F82000C0B275
:1061500000F00CF810BD10B504002000C0B200091A
:1061600050F01000C0B2FFF7C7FF10BD10B504001B
:1061700014F00F00FFF7C0FF10BD70B50024200021
:10618000C0B210282EDA1A4D286840782100C9B212
:10619000491CB0EBC10F23DA2868C0782100C9B2CE
:1061A000B0EBC10F1EDB2000C0B2FFF7BFFF2868B5
:1061B0000078FFF7C5FF28680678286880783100E6
:1061C000C9B288420CD30B4801682200D2B28020A9
:1061D000424352FA86F0085CFFF79BFF761CECE71F
:1061E000641CCCE7FFF73CFF70BD000000080048CE
:1061F000102900200C29002080B5AE20FFF77CFF7D
:10620000A220FFF779FFA020FFF776FFC820FFF755
:1062100073FF2F20FFF770FF322000F0C7FEA4208D
:10622000FFF76AFF4020FFF767FF2520FFF764FFB5
:106230000A2000F0BBFE8120FFF75EFF1220FFF76F
:106240005BFFFFF729FFAF20FFF756FF052000F0A7
:10625000ADFE01BD62F30F2262F31F42401810F041
:10626000030308D0C91A1FD3DB0748BF00F8012D6C
:1062700028BF20F8022D130030B4144615461039FB
:1062800028BF20E93C00FAD8490728BF20E90C00C4
:1062900048BF40F8042D890028BF20F8022D48BFD0
:1062A00000F8012D30BC7047C91818BF00F8012D47
:1062B000CB0728BF00F8012D7047000070B4039C85
:1062C000DFF88453286029716A71AB71EC71012683
:1062D0002E7270BC70472DE9F74F04000D00DFF8F7
:1062E00068639DF80800B179884204D3F0799DF87D
:1062F0000810884202D22E208DF80800307A00283B
:1063000045D1002738003179C0B288423DD231688A
:106310009DF80820B079121A3079424301EB02004F
:106320003900C9B210F80190002080464046C0B242
:10633000082828DA3800C0B250FA84F0802805DA3C
:106340004046C0B250FA85F0402801DB00205DE1F4
:10635000012010FA08F04946C9B2014208D00122D2
:1063600018EB0501C9B23819C0B200F06FF907E0A7
:10637000002218EB0501C9B23819C0B200F066F965
:1063800018F10108D2E77F1CBCE730793EE1307A92
:10639000012840F08E807079082190FBF1F201FB1A
:1063A0001200012806DB7079082190FBF1FB1BF13C
:1063B000010B03E07079082190FBF1FB317958461D
:1063C000C0B24143491C8DF8011031689DF8082086
:1063D000B079121A9DF80100424301EB02000178E6
:1063E0008DF80010401C01905FF0000840469DF8B9
:1063F0000010C0B2884259D25FF0000948465946A1
:10640000C0B2C9B288424ED201994246D2B2584671
:10641000C0B2424301EB02004946C9B210F801A0E4
:10642000002007003800C0B2082839DA4046C0B260
:1064300050FA84F0802808DA4846C0B2C00050FA0A
:1064400085F050FA87F0402801DB0020DEE0484666
:10645000C0B2C00050FA87F0717988421EDA01217B
:10646000B9405046C0B208420CD001225FFA89F907
:1064700015EBC9017918C9B218EB0400C0B200F0DD
:10648000E5F80BE000225FFA89F915EBC9017918EC
:10649000C9B218EB0400C0B200F0D8F87F1CC1E705
:1064A00019F10109AAE718F101089FE79DF800001A
:1064B000ACE0307A022840F0A8807079082190FB87
:1064C000F1F0401C8DF8000030799DF8001010FBB1
:1064D00001F08DF8020031689DF80820B079121A99
:1064E0009DF80200424301EB0200019096F804B0CF
:1064F00000208DF8010000210020002210009DF8EE
:106500000030C0B298420CD23079431E9DF8010091
:106510001B1A13FB02F0019BC0B2185C0100521C55
:10652000ECE70800C0B200280BD1BBF1010B5846C4
:10653000C0B2002805D09DF80100401C8DF8010074
:10654000D9E7002738009DF80010C0B2884259D220
:106550005FF0000840465946C0B2C9B288424FD2E7
:1065600001993A00D2B23079424301EB0200414630
:10657000C9B210F801905FF0000A5046C0B2082876
:106580003BDA4046C0B250FA84F0802808DA38007E
:10659000C0B2C00050FA85F050FA8AF0402801DB02
:1065A000002033E03800C0B2C00050FA8AF07179A0
:1065B00088421FDA012111FA0AF14846C0B20842A6
:1065C0000CD00122FFB215EBC7011AEB0101C9B2D1
:1065D00018EB0400C0B200F039F80BE00022FFB263
:1065E00015EBC7011AEB0101C9B218EB0400C0B2E8
:1065F00000F02CF81AF1010ABFE718F10108A9E729
:106600007F1C9FE75846C0B200E00020BDE8FE8F27
:10661000F8B504000F0015000B484079D0F13F0099
:106620003900C9B288420EDB287800280BD02A78BE
:106630003900C9B22000C0B2FFF74DFE0600701C41
:1066400004196D1CF0E7F1BDD4280020F8B5040052
:106650000D0016002000C0B2802803DA2800C0B266
:10666000402800DB57E03000C0B2002824D02900C9
:10667000C9B20822DFF8CC312800C0B2082790FB4D
:10668000F7F78020474357FA84F72800C0B25FF03D
:10669000080C90FBFCFC802000FB0CFC5CFA84F0F6
:1066A000185C5FF0010C91FBF2FE02FB1E111CFA5C
:1066B00001F10143D95524E02900C9B20822DFF8CD
:1066C00084312800C0B2082790FBF7F780204743A9
:1066D00057FA84F72800C0B25FF0080C90FBFCFC6E
:1066E000802000FB0CFC5CFA84F0185C5FF0010C6D
:1066F00091FBF2FE02FB1E111CFA01F130EA0101CE
:10670000D9552B00DBB22200D2B22900C9B2200039
:10671000C0B2FFF769FCF1BD2DE9F84F05000E008E
:10672000170098460A9C3800C0B22900C9B2401A26
:1067300003F0F7FD81464046C0B23100C9B2401AAD
:1067400003F0EFFD814502DA5FF0010B01E05FF03D
:10675000000B5846C0B2002805D0280035000600BE
:1067600038004746804638002900C0B2C9B2884286
:1067700005D228003D0007003000464680464346CB
:10678000DBB23A00D2B23100C9B22800C0B2FFF782
:106790002BFC781B8DF800004046C0B23100C9B216
:1067A000401A03F0BEFD8DF801009DF800000221A3
:1067B00090FBF1F930004146C0B2C9B2884202D222
:1067C0005FF0010A01E05FF0FF3A38002900C0B233
:1067D000C9B2884224D35846C0B2002808D022004B
:1067E000D2B22900C9B23000C0B2FFF72FFF07E0D4
:1067F0002200D2B23100C9B22800C0B2FFF726FF92
:106800009DF80100B9EB0009484640B2002805D5C3
:106810001AEB06069DF8000010EB09096D1CD4E781
:10682000BDE8F18FF8B504004FF4806526000648F6
:1068300007682A003100380001F06AFCFFF71EFCEF
:10684000F1BD0000341100200C29002030B40300F9
:106850004FF6FF7000248C4213DA1A5D5040082274
:10686000002A0CD0C50706D580B2400880F420402D
:1068700090F0010001E080B24008521EF0E7641C75
:10688000E9E780B230BC70472DE9F84305000E00FF
:1068900017009846089C5FF000092868494689B2AD
:1068A000465419F101092868494689B2475419F13B
:1068B0000109404680B2000A29684A4692B28854CB
:1068C00019F101092868494689B200F8018019F1D7
:1068D0000109200080B2000A29684A4692B2885411
:1068E00019F101092868494689B2445419F101098E
:1068F000494689B22868FFF7A9FF010028684A467F
:1069000092B2815419F10109080080B2000A2A6884
:106910004B469BB2D05419F10109A5F8049001200F
:10692000BDE8F2832DE9F84F06000F009046994626
:106930000A9DDDF82CA0002400213068220092B2CC
:106940008754641C3068220092B200F80280641CF4
:10695000484680B2000A326823009BB2D054641CBF
:106960003068220092B200F80290641C4046C0B227
:10697000062802D0102807D01CE0280080B2012889
:1069800001D0002040E015E0280080B2000A326803
:1069900023009BB2D054641C3068220092B285540C
:1069A000641C2800C0B24000326823009BB2D0545F
:1069B000641CFFE75FF0000B584680B2290089B2E3
:1069C000B0EB410F0BDA584680B21AF8000031687C
:1069D000220092B28854641C1BF1010BECE72100E9
:1069E00089B23068FFF732FF01003068220092B2AE
:1069F0008154641C080080B2000A326823009BB2F4
:106A0000D054641CB4800120BDE8F28F2DE9F84F0A
:106A100005000E00170098460A9CDDF82C905FF0E8
:106A2000000B002029685A4692B28E541BF1010BCC
:106A300029685A4692B28F541BF1010B2100C9B24A
:106A400049002A685B469BB2D1541BF1010B5FF0F1
:106A5000000A504680B2210089B2B0EB410F0CDA37
:106A6000504680B219F8000029685A4692B28854FC
:106A70001BF1010B1AF1010AEBE7594689B22868AC
:106A8000FFF7E4FE010028685A4692B281541BF1D8
:106A9000010B080080B2000A2A685B469BB2D05402
:106AA0001BF1010BA5F804B00120BDE8F28F2DE920
:106AB000F84F05000E00170098460A9CDDF82C9050
:106AC0005FF0000B5FF0000A2868594689B246540F
:106AD0001BF1010B2868594689B247541BF1010B81
:106AE000404680B2000A29685A4692B288541BF187
:106AF000010B2868594689B200F801801BF1010B8F
:106B00003800C0B2062802D010281DD02CE020008A
:106B100080B2012801D000203EE00020824650468D
:106B200080B2210089B2B0EB410F0CDA504680B23E
:106B300019F8000029685A4692B288541BF1010BDB
:106B40001AF1010AEBE70FE0200080B2000A296881
:106B50005A4692B288541BF1010B2868594689B2F3
:106B600044541BF1010BFFE7594689B22868FFF72F
:106B70006DFE010028685A4692B281541BF1010B48
:106B8000080080B2000A2A685B469BB2D0541BF111
:106B9000010BA5F804B00120BDE8F28F80B5D44800
:106BA000D44901605FF4E13141600021816000213E
:106BB000C160002101610C2141610021816100213E
:106BC00001620021416200F005FA002801D003F0C3
:106BD0000BFC01BD80B5C848C84901604FF416518F
:106BE0004160002181600021C160002101610C2110
:106BF0004161002181610021C16100210162002108
:106C0000416200F0E7F9002801D003F0EDFB01BD7F
:106C100080B5BB48BB4901604FF41651416000216B
:106C200081600021C160002101610C2141610021CE
:106C300081610021C161002101620021416200F0F7
:106C4000C9F9002801D003F0CFFB01BD38B59EB0D3
:106C5000040014220021684603F0C8FB60220021D2
:106C600006A803F0C3FB2068A249884252D1202025
:106C700006900020119006A803F0C2FB002801D066
:106C800003F0B2FBA048016851F001010160006807
:106C900010F00100059005989C48016851F0020130
:106CA0000160006810F00200059005984FF4406004
:106CB0000090022001900120029003200390082000
:106CC000049069469248FBF723F9924D9248286058
:106CD000042068600020A8600020E860802028610F
:106CE000002068610020A8610020E861002028627F
:106CF000280003F0F9FD002801D003F075FB65675B
:106D0000AC6200220021462004F08FF8462004F0F7
:106D1000A1F8ABE020687949884251D10120069062
:106D200000200E9006A803F06BFB002801D003F0B2
:106D30005BFB7A48016851F480410160006810F4FF
:106D40008040059005987148016851F0020101608A
:106D5000006810F0020005900598C0200090022005
:106D600001900020029003200390072004906946C0
:106D70006748FBF7CDF86A4D6A48286002206860D2
:106D80000020A8600020E860802028610020686161
:106D90000020A8610020E86100202862280003F09C
:106DA000A3FD002801D003F01FFB6567AC62002241
:106DB0000021252004F039F8252004F04BF855E097
:106DC00020685049884251D104200690002010903C
:106DD00006A803F015FB002801D003F005FB52487C
:106DE000016851F480210160006810F48020059052
:106DF00005984648016851F004010160006810F0F0
:106E00000400059005984FF4406000900220019026
:106E10000020029003200390072004906946434815
:106E2000FBF776F8424D4348286002206860002056
:106E3000A8600020E86080202861002068610020B0
:106E4000A8610020E86100202862280003F04CFDC2
:106E5000002801D003F0C8FA6567AC620022002167
:106E6000272003F0E2FF272003F0F4FF1FB030BD1E
:106E700010B5040020681F49884210D122480168DB
:106E80004908490001604FF440612148FBF721F9AE
:106E9000606F03F099FD462003F0E3FF27E02068D0
:106EA000164988420FD11D48016831F480410160C4
:106EB000C0211748FBF70DF9606F03F085FD252011
:106EC00003F0CFFF13E020680E4988420FD1164827
:106ED000016831F4802101604FF440611348FBF7F1
:106EE000F8F8606F03F070FD272003F0BAFF10BDC3
:106EF0002C21002000800040B421002000380140F7
:106F00003C220020004800405C1002404C1002402F
:106F100000040048D826002080040240601002408F
:106F20002027002058000240581002400008004866
:106F3000682700203000024080B51848FBF7F0F9C0
:106F400002201749087001BD80B501221549164875
:106F500000F0E3F800220121272003F066FF27203C
:106F600003F078FF01BD704738B504000B480D49A8
:106F70000A78036885885A558288521C82808288E4
:106F800040F2FF139A4201D3002282800122064878
:106F900000F0C3F801200249087031BD2C0C00201C
:106FA0005F2900205E2900203C22002070B50400EB
:106FB000FEF798FE0500260016F1010F02D00448E6
:106FC00000783618FEF78EFE401BB042FAD370BD33
:106FD0007F0C002010B50400002C01D1012035E009
:106FE000A0690028FFD1E06F002805D1002084F8B7
:106FF00078002000FFF72AFE2420E0672068006860
:107000004008400021680860606A002802D0200023
:1070100000F0DEFB200000F05FFA012801D1012022
:1070200014E02068406830F490402168486020688F
:10703000806830F02A00216888602068006850F07D
:10704000010021680860200000F02FFC10BD2DE930
:10705000FC4706000D0017009846F06F202859D114
:10706000002D03D0380080B2002801D1012052E069
:107070000020C6F884002120F067FEF733FE814629
:10708000A6F85070A6F85270B068B0F5805F05D1D0
:107090003069002802D10024AA4602E02C005FF0EB
:1070A000000AB6F85200002822D0CDF800804B46E6
:1070B00000228021300000F061FC002803D0202055
:1070C000F067032027E0002C08D1BAF80000C005C3
:1070D000C00D316808851AF1020A03E02078316892
:1070E0000885641CB6F85200401EA6F85200D8E786
:1070F000CDF800804B4600224021300000F03EFCDD
:10710000002803D02020F067032004E02020F0674F
:10711000002000E00220BDE8F68770B505000C00F5
:107120001600D5F88000202824D1002C03D0300090
:1071300080B2002801D101201DE0002028662868C7
:10714000DFF8901388420ED02868406800020AD504
:10715000286850E8000F50F0806001002A6842E87B
:1071600000100028F4D1320092B22100280000F073
:1071700054FC00E0022070BD2DE9F04706003068A5
:10718000C7693068D0F800803068D0F8089040F6C1
:107190000F043C40002C0BD1B80609D55FEA88608B
:1071A00006D5B06E002802D03000B16E88478FE15E
:1071B000002C00F0AA805FEAC97005D4DFF8080649
:1071C00018EA000F00F0A18017F00100C0B20028FB
:1071D0000BD05FEAC85008D5012031680862D6F8A4
:1071E000840050F00100C6F88400B8070DD519F0EE
:1071F0000100C0B2002808D0022031680862D6F829
:10720000840050F00400C6F8840078070DD519F00A
:107210000100C0B2002808D0042031680862D6F806
:10722000840050F00200C6F88400380710D55FEAE9
:10723000886004D419F00100C0B2002808D00820EA
:1072400031680862D6F8840050F00800C6F884005F
:1072500038050CD55FEA481009D54FF40060316855
:107260000862D6F8840050F02000C6F88400D6F8F2
:107270008400002848D0B80608D55FEA886005D5A4
:10728000B06E002802D03000B16E8847D6F8840076
:10729000050030688068400602D415F0280F2DD014
:1072A000300000F09EFC30688068400622D53068CF
:1072B000083050E8000F30F040000100306810F155
:1072C000080242E800100028F1D1706F00280DD0AC
:1072D000DFF8F804716F8863706F03F055FC0028C5
:1072E00012D0706F716F896B88470DE0300003F02A
:1072F00011FE09E0300003F00DFE05E0300003F060
:1073000009FE0020C6F88400E2E0306E012840F05B
:10731000BD80F80640F1BA805FEAC86040F1B680EF
:107320001020316808623068806840066DD5706F43
:107330000068D0F804A0504680B2002852D05046D1
:10734000B6F8581080B288424CD2A6F85AA0706F96
:1073500000680068800639D4306850E8000F30F4C7
:1073600080700100326842E800100028F4D13068D3
:10737000083050E8000F400840000100306810F16C
:10738000080242E800100028F1D13068083050E8C7
:10739000000F30F040000100306810F1080242E8B0
:1073A00000100028F1D12020C6F8800000203066AF
:1073B000306850E8000F30F010000100326842E8F9
:1073C00000100028F4D1706F03F0B4FB0220706647
:1073D000B6F85810B6F85A00091A89B2300003F00E
:1073E0007AFD11E05046B6F8581080B288420BD1B1
:1073F000706F00680068800606D502207066B6F8D7
:107400005810300003F067FD62E0B6F85800B6F897
:107410005AA0B0EB0A0AB6F85A00002835D05046F8
:1074200080B2002831D0306850E8000F30F49070FE
:107430000100326842E800100028F4D130680830BA
:1074400050E8000F400840000100306810F10802C9
:1074500042E800100028F1D12020C6F8800000206A
:1074600030660020B066306850E8000F30F0100041
:107470000100326842E800100028F4D10220706652
:10748000514689B2300003F026FD21E0F8020AD50A
:107490005FEA492007D55FF4801031680862300048
:1074A00003F0CAFD14E0380609D55FEA086006D586
:1074B000F06E002802D03000F16E884708E07806B0
:1074C00006D55FEA486003D5300000F054FCFFE7C2
:1074D000BDE8F087008000402DE9F0470400002659
:1074E000DFF8A81920688842FFD0A268206902430B
:1074F00060690243E069024320680368DFF890098D
:1075000003401343206803602068436833F440530A
:10751000E068034320684360D4F8188020688842FC
:1075200002D0206A50EA08082068806830F4306091
:1075300058EA0000226890602068DFF8482A9042EC
:1075400016D1DFF8440A006810F00300002805D0C7
:10755000022805D006D3032806D007E0012760E003
:1075600002275EE004275CE008275AE0102758E075
:107570002068DFF8182A904217D1DFF80C0A00685B
:1075800010F00C00002806D0042808D0082804D0E9
:107590000C2806D007E0002743E0022741E004273B
:1075A0003FE008273DE010273BE02068DFF8E029B6
:1075B000904217D1DFF8D009006810F030000028A1
:1075C00006D0102808D0202804D0302806D007E0A4
:1075D000002726E0022724E0042722E0082720E0F5
:1075E00010271EE0206888421AD1DFF89C09006845
:1075F00010F44060002809D0B0F5806F0AD0B0F5D3
:10760000006F05D0B0F5406F06D007E0002708E016
:10761000022706E0042704E0082702E0102700E024
:1076200010272068884246D13800C0B2002806D012
:10763000022808D0042809D008280BD00DE004F057
:107640006BF981460DE0DFF84C990AE004F0F7F899
:10765000814606E04FF4004903E05FF00009012095
:107660000600B9F1000F00F0A580616803204143D6
:10767000894505D361684FF480504143494502D2A2
:107680000120060096E04FF48072606840080021F7
:10769000E2FB09016268002300F08EFD0500B5F5EC
:1076A000407F05D3B5F5801F02D22068C56081E018
:1076B000012006007EE0E069B0F5004F41D13800BE
:1076C000C0B2002808D001280AD002280CD0042813
:1076D0000DD008280FD011E004F01EF9814611E00A
:1076E00004F027F981460DE0DFF8A8980AE004F0DD
:1076F000A6F8814606E04FF4004903E05FF0000978
:1077000001200600B9F1000F54D06068400810EB6A
:1077100049006168B0FBF1F00500102D0ED3B5F5FE
:10772000803F0BD24FF6F0712940C5F34200014370
:107730008A46504680B22168C8603BE001200600BE
:1077400038E03800C0B2002808D001280AD002284A
:107750000CD004280DD008280FD011E004F0DCF87C
:10776000814611E004F0E5F881460DE0DFF8249849
:107770000AE004F064F8814606E04FF4004903E0B3
:107780005FF0000901200600B9F1000F12D0606817
:1077900019EB50006168B0FBF1F00500102D07D324
:1077A000B5F5803F04D2280080B22168C86001E0AE
:1077B000012006000020A0660020E0663000C0B274
:1077C000BDE8F08700000000200100045D7D000896
:1077D00090F82410090707D501684A6832F400427E
:1077E000416B0A4301684A6090F82410C90707D525
:1077F00001684A6832F40032816A0A4301684A60CB
:1078000090F82410890707D501684A6832F480325D
:10781000C16A0A4301684A6090F82410490707D5F5
:1078200001684A6832F48022016B0A4301684A60A9
:1078300090F82410C90607D501688A6832F480528E
:10784000816B0A4301688A6090F82410890607D585
:1078500001688A6832F40052C16B0A4301688A6089
:1078600090F82410490613D501684A6832F4801252
:10787000016C0A4301684A60016CB1F5801F07D1B1
:1078800001684A6832F4C002416C0A4301684A60E8
:1078900090F82410090607D501684A6832F40022DE
:1078A000816C0A4301684A60704738B504000020C3
:1078B000C4F88400FEF716FA050020680068000787
:1078C0001DD57FF07E4000902B0000225FF4001158
:1078D000200000F053F8002811D0206850E8000F75
:1078E00030F080000100226842E800100028F4D146
:1078F0002020E067002084F8780003203DE0206825
:10790000006840072CD57FF07E4000902B000022BD
:107910005FF48001200000F031F8002820D02068BA
:1079200050E8000F30F490700100226842E8001027
:107930000028F4D12068083050E8000F40084000CB
:107940000100206810F1080242E800100028F1D17F
:107950002020C4F88000002084F8780003200CE088
:107960002020E0672020C4F880000020206600204E
:107970006066002084F87800002032BD2DE9F041D7
:1079800005000E0090461F00069C2868C069304024
:10799000B04201D1012000E000204146C9B2884236
:1079A00038D114F1010FF0D0FEF79CF9C01B8442CE
:1079B00001D3002C01D103202DE028680068400786
:1079C000E3D5802EE1D0402EDFD02868C0690007C3
:1079D0000DD5082029680862280000F002F9082067
:1079E000C5F88400002085F87800012013E028689D
:1079F000C0690005C9D54FF40060296808622800F5
:107A000000F0EFF82020C5F88400002085F8780009
:107A1000032000E00020BDE8F08130B40300596588
:107A2000A3F85820A3F85A20002098669868B0F56B
:107A3000805F0BD11869002804D140F2FF10A3F831
:107A40005C0023E0FF20A3F85C001FE0986800289A
:107A50000AD11869002803D1FF20A3F85C0015E0C3
:107A60007F20A3F85C0011E09868B0F1805F0AD134
:107A70001869002803D17F20A3F85C0006E03F20AE
:107A8000A3F85C0002E00020A3F85C000020C3F82B
:107A900084002220C3F880001868083050E8000FE6
:107AA00050F001000400186810F1080545E8004096
:107AB0000028F1D19868B0F5805F06D118690028D8
:107AC00003D10FF2D130986602E00FF2D52098660C
:107AD000186900280BD0186850E8000F50F4907017
:107AE00004001D6845E800400028F4D10AE0186849
:107AF00050E8000F50F0200004001D6845E80040E9
:107B00000028F4D1002030BC704770B504000D008F
:107B100016006565A4F858600020C4F8840022208F
:107B2000C4F88000606F002821D00FF21510616F3B
:107B3000C8620FF2B110616F08630FF2D110616F6C
:107B400048630020616F886333009BB2626D2068D8
:107B500010F12401606F02F0A1FF002807D010206F
:107B6000C4F884002020C4F8800001202AE02069A5
:107B700000280AD0206850E8000F50F480700100FF
:107B8000226842E800100028F4D12068083050E84C
:107B9000000F50F001000100206810F1080242E8D7
:107BA00000100028F1D12068083050E8000F50F094
:107BB00040000100206810F1080242E8001000288F
:107BC000F1D1002070BD016851E8001F31F0C00103
:107BD0000A00036843E800210029F4D12021C1678D
:107BE0007047016851E8001F31F490710A00036882
:107BF00043E800210029F4D10168083151E8001F51
:107C0000490849000A00016811F1080343E800210E
:107C10000029F1D1016E01290AD1016851E8001F44
:107C200031F010010A00036843E800210029F4D173
:107C30002021C0F880100021016600218166704774
:107C400038B50400A56A2068006880063AD4002090
:107C5000A5F85A00286850E8000F30F48070010041
:107C60002A6842E800100028F4D12868083050E85B
:107C7000000F400840000100286810F1080242E8A7
:107C800000100028F1D12868083050E8000F30F0CB
:107C900040000100286810F1080242E800100028A6
:107CA000F1D12020C5F88000286E01280AD128686B
:107CB00050E8000F30F0100001002A6842E8001080
:107CC0000028F4D100206866286E012805D1B5F897
:107CD0005810280003F0FFF802E0280003F0E0F855
:107CE00031BD000038B50400A56A01206866286E21
:107CF000012807D1B5F85810490889B2280003F0C7
:107D0000EAF802E0280003F097FE31BDF8B5040060
:107D1000A56AEE6FD5F8807028688068000607D5E0
:107D2000212E05D10020A5F852002800FFF74BFFB7
:107D300028688068400607D5222F05D10020A5F8C5
:107D40005A002800FFF74DFFD5F8840050F01000CE
:107D5000C5F88400280003F0DDF8F1BD38B5040053
:107D6000A56A0020A5F85A000020A5F852002800B6
:107D700003F0D0F831BD10B50400206850E8000FC2
:107D800030F040000100226842E800100028F4D1E1
:107D90002020E0670020E066200003F04EFE10BDCA
:107DA00070B50500B5F85C60D5F88000222866D172
:107DB0002868808C040016EA0400696D0870686DFC
:107DC000401C6865B5F85A00401EA5F85A00B5F881
:107DD0005A00002859D1286850E8000F30F49070FC
:107DE00001002A6842E800100028F4D12868083011
:107DF00050E8000F400840000100286810F1080218
:107E000042E800100028F1D12020C5F880000020B1
:107E1000A8660020686628681C4988420ED0286839
:107E2000406800020AD5286850E8000F30F08060F2
:107E300001002A6842E800100028F4D1286E0128C9
:107E400019D100202866286850E8000F30F0100093
:107E500001002A6842E800100028F4D12868C069AF
:107E6000C00602D5102029680862B5F8581028000D
:107E700003F031F809E0280003F012F805E0286863
:107E8000008B50F008002968088370BD0080004016
:107E9000F369FFEFF8B50500B5F85C70D5F8800020
:107EA000222867D12868808C0400686D060017EAD4
:107EB00004003080686D801C6865B5F85A00401E6B
:107EC000A5F85A00B5F85A00002859D1286850E89A
:107ED000000F30F4907001002A6842E8001000287A
:107EE000F4D12868083050E8000F40084000010035
:107EF000286810F1080242E800100028F1D1202083
:107F0000C5F880000020A86600206866286822491D
:107F100088420ED02868406800020AD5286850E8D8
:107F2000000F30F0806001002A6842E8001000284D
:107F3000F4D1286E012819D100202866286850E85D
:107F4000000F30F0100001002A6842E800100028FD
:107F5000F4D12868C069C00602D5102029680862DB
:107F6000B5F85810280002F0B6FF09E0280002F02A
:107F700097FF05E02868008B50F008002968088307
:107F8000F1BD00000038014088100240004400406C
:107F9000004800400024F400008000402DE9F74F25
:107FA00082B000265FF0000A5FF0000B54465D4689
:107FB000002000900127DDF80C80DDF8089004987F
:107FC00010F0070F2BD10498C008002182468B4681
:107FD00003F08CFD4FF47A7003F0A0FD0020060042
:107FE000300080B20021594517D801D3504514D232
:107FF000D8E9000104000D0022002B0049460020B2
:1080000003F01CFD07003800C0B2012805D019F1AB
:10801000080918F10808761CE2E703F078FD38003B
:10802000C0B205B0BDE8F08F70B50400012503F0C3
:108030005DFD06004FF47A7003F070FD3000C0B2B1
:1080400000280FD1C4F3CC20B0F5807F05D20121E8
:10805000C4F3CC2003F0CEFD04E00121C4F3CC2016
:1080600003F0C8FD4FF47A7003F058FD0500054891
:10807000016831F00201016003F049FD2800C0B23F
:1080800070BD0000142002402DE9F041C0B0040092
:108090000D00160000274FF480710022E84640468C
:1080A000FEF7D8F82000FFF7BFFFA5208DF80000ED
:1080B00030008DF801005FF000084046310080B2CA
:1080C00089B288420AD2404680B2285C694642465C
:1080D00092B21144887018F10108EEE7B61C300026
:1080E00080B20821B6B20836361A90FBF1F001FBD7
:1080F0000066320092B269462000FFF74FFF002869
:1081000001D0002000E0012040B0BDE8F081000077
:1081100062B38B0708D0521E11F8013B00F8013BF7
:1081200000F024808B07F6D1830740F0208000BF49
:10813000103A07D330B4B1E83810103AA0E838103C
:10814000F9D230BC530724BFB1E80810A0E80810EA
:1081500044BF51F8043B40F8043BD20724BF31F838
:10816000022B20F8022B44BF0B7803707047121FBC
:1081700017D35B0009D151F8043B20F8023B1B0CDC
:10818000121F20F8023BF6D20BE051F8043B00F836
:10819000013B1B0A20F8023B1B0C121F00F8013B9D
:1081A000F3D238BF121D521E24BF11F8013B00F854
:1081B000013BF8D870470000BBBBE1B1B2F5803F8E
:1081C00080F07E80022A1ED98C46B1FBF2F102FBC0
:1081D00011C31B0443EA1043B3FBF2FC02FB1C3344
:1081E00080B240EA0343B3FBF2F002FB103240EAF4
:1081F0000C4000237047022A05D98446B0FBF2F0F8
:1082000002FB10C270474AB105D100F001024908D3
:108210005FEA3000704700220023704703F03ABD48
:108220000B000200002100207047904271EB030C0C
:10823000F6D3B3F5803F2FD2F0B5B3FA83F7B1FA96
:1082400081F4A7F10F0E3D1B5340CEF1200602FA38
:108250000EF2F3415340B5F10F0746D80F3C2C44C2
:108260004140C4F12006A040F1414140B1FBF3F68A
:1082700003FB1611A2FB0645001BA94102D2761E84
:108280008018594180EA010221FA0EF362FA0EF2D7
:1082900000215A403046F0BD30B4B1FBF3FC03FB83
:1082A0001C11A2FB0C45001BA94103D2ACF1010C2F
:1082B0008018594130BC02460B4660460021704789
:1082C000B2F1807F65D3F0B5B2FA82F7B1FA81F4EA
:1082D000C7F10F063D1B22FA06F307F1110EF2411A
:1082E00020355A40B5F10F07B8D94140C4F12006F6
:1082F000A040F1414140B1FBF3FC03FB1C11A2FB88
:108300000C45001BA94103D2BCF1010C8018594156
:108310000F2F12D30F3FC90341EA5041B1FBF3F6CF
:1083200003FB1611A2FB0645D4EBC030A94102D2D3
:10833000761E8018594146EACC3C07B34140C7F14C
:108340002006B840F1414140B1FBF3F603FB1611A2
:10835000A2FB0645001BA94102D2761E8018594196
:1083600080EA010221FA0EF3C7F1200462FA0EF24C
:108370000CFA07F05A402CFA04F13043F0BD80EAC1
:10838000010221FA0EF3002162FA0EF260465A4011
:10839000F0BD8C46B1FBF2F102FB11C31B0243EAB4
:1083A0001063B3FBF2FC02FB1C331B024CEA0020FF
:1083B00043EA1063B3FBF2FC02FB1C331B024CEAE2
:1083C000002043EA1063B3FBF2FC02FB1C331B02E8
:1083D0004CEA002043EA1063B3FBF2FC02FB1C32C0
:1083E0004CEA002000237047B0B581EA030C0CF082
:1083F000004C40F2FF7515EA11541DBF15EA1357E2
:10840000AC42AF4239E0E41923EA455343F4801308
:10841000C90241F0004141EA505EC7021100A7FBCA
:10842000020200284FF00000EEFB01204FF0000197
:10843000E3FB072118BF42F0010240180021494127
:10844000E3FB0E01A4F580640F0302D25200404109
:10845000494154F101046CDD470872F1004250F1CA
:10846000000051EB0451A1F580115CBF41EA0C0101
:10847000B0BD4CEA05510020B0BD05EA1357AC422F
:1084800014BFAF4241E050EA410E1CBF52EA430E16
:1084900002E061460020B0BD24423C441BD15FEAAB
:1084A000070EF6D0090302BF01460020AEF1140EFC
:1084B000B1FA81F7AEEB070401FA07FE0C37C7F1FA
:1084C000200100FA07F7C8404EEA000E23EA4553A0
:1084D00043F48013A2E733F00043B3FA83F704BFF9
:1084E000B2FA82FE77440B3FE41BB7F1200E2FBF98
:1084F00002FA0EF3BB40C7F1200E22FA0EFE38BF7F
:1085000043EA0E03BA40641C82E750EA410E14BFEE
:1085100052EA430E6FF000014FF4001717EB430FC0
:108520008ABF194617EB410FB5E74CEA0551002009
:10853000B0BDD4F10104B4F120070FDAC4F1200773
:10854000520828BF42F0010210FA07F501FA07F7B6
:10855000E1BF2A43E0403843E1400FE0352C98DC8E
:10856000C7F1200452EA400220FA07F218BF42F095
:10857000010231FA07F0A1400A43002172F10042E2
:1085800050F1000051EB0C01B0BD000070B44FF091
:10859000004591EA030F43F187836B40841A71EB26
:1085A000030604D26E40001BB141121973414FF40F
:1085B000001C1CEB410F34BF7CEB430683E00C0D29
:1085C000A4EB1356362E00F37C80012E45EAC3231C
:1085D00041DC43EA525312BFD20292025B082405E7
:1085E00045EAC12141EA5051D2EBC020994125D43E
:1085F00007D1B0FA80F610FA06F162D000202036DA
:1086000008E0B1FA81F6B140C6F1200220FA02F288
:108610001143B0404FEAF474B4EB465434F0010611
:108620004FEA74040AD8D6F50016760D04F000441B
:10863000F04061FA06F25040F1404840C00A40EA7A
:10864000415021F0004128BF5FEA500550F1000081
:1086500044EBD12135E0DB0A45EAC121C90AB6F174
:1086600020050EDD42EA0242120CC5F1200603FA93
:1086700006F6EB4042EA06056D42984161F10001C1
:108680000DE062FA06F5F240554063FA06FC82EA14
:108690000C02F3405A406D42904161EB030111F42A
:1086A000801F05D1641E620502D06D004041494122
:1086B00021F48011430875F1004350F1000041EBB3
:1086C000045170BC70471CEB410F15D223F00043DE
:1086D00052EA43060BD04FEA4C0CBCEB410F04D8D6
:1086E0000C0D661E342EB7DDEBE7801A994150EA77
:1086F000410608BF0021E4E708BF1CEB430F28BF79
:108700006FF00001DDE70000C1F30A5340F2FE32D2
:108710009B1A14DDD3F120034FEAE17208DDC90290
:1087200041EA505141F00040D84080185040704715
:1087300003F2E13010B1D24382F0004070470020D4
:10874000704700002DE9F04D2DED0A8B41EC190B1F
:1087500043EC182B51EC180B20F0000431F00045CD
:1087600008BF002C84B000F0088353EC192B0020C4
:10877000DFF88C1603F002FB00F0FF82DFF814161E
:1087800003F0FCFA08D151EC180B48004015401CCE
:1087900002D1090300F0F18251EC190B4800401599
:1087A000401C00F00E8251EC190B31F0004108BF63
:1087B000002800F0068251EC180B48004015401CC0
:1087C00000F0FF8151EC180B4B0043EAD0734200DC
:1087D000002B08BF002A04D1B0EE48AAF0EE68AA28
:1087E00019E040F23344A4EB5352352A04DB00F085
:1087F000000001F000410CE0202A03DD203AD140C6
:10880000914000E001D1002003E0002AC4BFD04025
:10881000904041EC1A0B51EC190BC80F0BD053ECE4
:10882000182B51EC1A0B03F0A9FA04D0AFF3008017
:108830009FED3F9BA3E253EC192B23F00041B1F5D0
:10884000801F22F000000DD20022002908BF00285E
:10885000009216D06A4651EC190B03F09FFA41ECD6
:10886000190B0EE0DFF8AC45DFF82C7504EB115066
:1088700000903B40DFF82405924643EA000B4BECA6
:1088800019AB51EC190BC80F36D021F0004053EC56
:10889000192B034643EC192B51EC1A0B4B0043EAFE
:1088A000D0734200002B08BF002A04D1B0EE4A0A60
:1088B000F0EE6A0A19E040F23444A4EB5352352A30
:1088C00004DB00F0000001F000410CE0202A03DD91
:1088D000203AD140914000E001D1002003E0002A7D
:1088E000C4BFD040904041EC100B53EC1A2B51EC1C
:1088F000100B03F043FA01D1002600E00126009896
:1089000001281DD151EC190BDFF89424DFF89434C1
:1089100003F07CFA14D253EC192B00204FF0804165
:10892000FFF762FD00279FED04BB41EC190B27E028
:10893000FFFFFFFFFFFFFF7F000000000000F03F90
:1089400053EC192B0020DFF86014FFF74DFD9FED6D
:1089500078AB53EC1A2BFFF719FEFFF7D5FEA0F109
:1089600020042046FCF79AFF0022DFF84034FFF78E
:108970003BFD53EC1A2BFFF709FE41EC1B0B670183
:1089800051EC190B53EC1B2B03F086F941EC1A0B3D
:1089900053EC192B51EC1B0BFFF7F8FD02460B466D
:1089A00051EC1A0BFCF79CFF41EC190B53EC192B03
:1089B000FFF71AFD41EC1C0B53EC1C2BDFF8F00306
:1089C000DFF8F013FFF710FDDFF8EC23DFF8EC33EE
:1089D000FFF7DCFD53EC1C2BFFF706FDDFF8E0236F
:1089E000DFF8E033FFF7D2FD53EC1C2BFFF7FCFC64
:1089F000DFF8D423DFF8D433FFF7C8FD53EC1C2B8A
:108A0000FFF7F2FCDFF8C823DFF8C833FFF7BEFD3D
:108A100053EC1C2BFFF7E8FCDFF8BC23DFF8BC337A
:108A2000FFF7B4FD53EC1C2BFFF7DEFCDFF8B0239F
:108A3000DFF8B033FFF7AAFD53EC1C2BFFF7D4FC93
:108A400053EC1A2B03F028F904460D460020DFF8FA
:108A5000B01353EC1B2B03F01FF900224FF080439F
:108A6000FFF7C2FC22462B46FFF790FD53EC192B73
:108A7000FFF7BAFC41EC100BDFF86C03784400F50B
:108A80005A70074453EC1A2B51EC100BFFF77EFD84
:108A900041EC190B0098FCF701FFD7E90023FFF721
:108AA00075FD41EC1A0B53EC192BDFF84003DFF88E
:108AB0004013FFF799FC53EC1A2BFFF767FD53ECBB
:108AC000182BFFF791FC0022DFF8283303F09EF902
:108AD00041EC1B0B69D30122C74B03F0AFF961D9FD
:108AE000C80F53EC1B2B1ABF0020C449AB49FFF73A
:108AF0004DFDFFF709FE0022C14BCDE90123804661
:108B0000CDF8008053EC192B51EC180BFFF76CFCDF
:108B100004460D46D7E90201D7E90423FFF736FDE5
:108B200053EC182BFFF760FC9FEDB6BB04E000BFD1
:108B3000000000000000E03F53EC1B2BFFF754FC4B
:108B400022462B46FFF722FD07468B4653EC1A2B95
:108B500051EC180BFFF748FC04460D464046FCF765
:108B60009DFE02460B462046294603F095F853EC3D
:108B70001B2BFFF739FC3A465B46FFF707FDDDE9A3
:108B8000012303F073F941EC190B31F0004108BFE8
:108B900000280AD051EC190B48004015401C06D1A2
:108BA000090304D19FEDA09B01E09FED9B9B002E4C
:108BB00000F0E58051EC190B81F0004141EC190BFC
:108BC000DDE051EC190B48004015401C02D10903AF
:108BD00040F0D58051EC180B48004015401C06D1E0
:108BE000090304D0B0EE489AF0EE689AC7E051EC61
:108BF000180B480001244015401C61D051EC180BA3
:108C00004B0043EAD0734200002B08BF002A04D176
:108C1000B0EE48AAF0EE68AA19E040F23345A5EBA1
:108C20005352352A04DB00F0000001F000410CE053
:108C3000202A03DD203AD140914000E001D10020FC
:108C400003E0002AC4BFD040904041EC1A0B53EC23
:108C5000182B51EC1A0B03F091F818BF00244B00AD
:108C600043EAD0734200002B08BF002A04D1B0EEC3
:108C70004A0AF0EE6A0A19E040F23445A5EB535275
:108C8000352A04DB00F0000001F000410CE0202A4E
:108C900003DD203AD140914000E001D1002003E003
:108CA000002AC4BFD040904041EC100B44B153ECBB
:108CB0001A2B51EC100B03F061F80CBF00240124B7
:108CC00051EC190B48004015401C0AD1090308D18A
:108CD00051EC190BC80F21D153EC182BDA0F49D0E6
:108CE00040E051EC180B48004015401C1ED1090310
:108CF0001CD153EC192B23F00041B1F5801F22F059
:108D0000000021D20022002908BF002800921FD0B5
:108D10006A4651EC190B03F041F819E051EC180BBD
:108D2000C80F01D1002C21E0E4B10AE0002C1ABFE9
:108D300051EC190BC80F002053EC182BDA0F14D18B
:108D400080B19FED329B1AE0324C04EB1150009041
:108D500051EC180BC80F009802D100280ADC01E082
:108D6000002807DD9FED2C9B09E0002818BF9FED30
:108D70002C9B04D19FED2C9B01E09FED049B04B044
:108D800051EC190BBDEC0A8BBDE8F08D0000000022
:108D90000000F03F0000F0BFFFFF0F800000E03F49
:108DA000CD3B7F669EA0E63F000050400000903F14
:108DB000F7DE29BFD8F8C23FF4B3FECC1A99C33FFF
:108DC00062CB68D96F46C73FC6C912DAC471CC3FBF
:108DD0004AE98A942449D23FF75F97999999D93FF4
:108DE000BC5555555555E53F505B0000FE822B653F
:108DF0004715F73F0000E0C00000E0400000E0BF82
:108E00000000F03FEF39FAFE422EE63F000000007E
:108E10000000008002FCFFFF0000000000000000D6
:108E2000000000000000F0FF000000000000F07FE4
:108E30002DE9F14FB0B0924604910DF142013A9AFA
:108E40002B9199464A7000200AE01AF8011B0498F9
:108E5000309A90470028049000F0B6860D98401C88
:108E60000D909AF8000050B12528EED10021002283
:108E70000791089209910A920B910C9204E00D98C7
:108E800000F0A4BE41F001011AF8010F2028F9D02A
:108E900023280CD02B2804D02D2805D0302809D029
:108EA0000BE041F00201EFE741F00401ECE741F093
:108EB0000801E9E741F01001E6E72A280FD1D9F8C7
:108EC000002052F8040BC9F8002000280F9003D5A9
:108ED00040420F9041F004010AF1010A14E00F92A0
:108EE000DFF828380AE00F98984205DA00EB800492
:108EF00002EB4402303A0F920AF1010A9AF800207C
:108F0000A2F130000A28EED39AF800002E2803D0F0
:108F10004FF0FF320E9229E01AF8010F2A2809D1EA
:108F2000D9F8000050F8042BC9F800000E920AF19D
:108F3000010A1BE02D280CBF0AF1010A00200022C3
:108F40000E92DFF8C8470BE040B90E9AA24205DA4C
:108F500002EB820503EB4503303B0E930AF1010A55
:108F60009AF80030A3F130020A2AEDD3ADF8401090
:108F7000DFF89C07784400F5F3609AF8001003F0DE
:108F800069F908B11AF8010B8DF842009DF842000A
:108F9000682805D19AF8000068280CD1622106E003
:108FA0006C2804BF9AF800006C2804D171218DF858
:108FB00042100AF1010A12A806901AF801BBBBF18F
:108FC00025012CD01C3900F0D081091F022940F264
:108FD000CC81133900F02385093900F0C681891E40
:108FE00000F0B885491E00F06585491E022940F24F
:108FF000BC81091F00F05E85491F00F02881491ED1
:1090000000F00D85491E00F0D080C91E0DD0891ECC
:1090100000F00585C91E00F0028500F0A6BD2523DD
:109020008DF84830012100F0ABBDD9F8000050F8B0
:10903000044BC9F80000002C059440F0A3802B9944
:109040004878002800F099804FF0FF340FF6843004
:1090500003F00CF9201A40F0B78500F092BD6D1EA8
:1090600040F0A9853096079D12AF75B1309E17F874
:10907000012B02A9304600F073FE002801D46D1EBA
:10908000F5D10028309640F09F850A9D3020002DB4
:109090008DF804000CDD309E012301AA02A93046A0
:1090A00000F06EFE002840F08F856D1EF4D13096E2
:1090B000059F089D75B1309E17F8012B02A9304617
:1090C00000F04EFE002801D46D1EF5D10028309628
:1090D00040F07A850B9D3020002D8DF804000CDDCA
:1090E000309E012301AA02A9304600F049FE002863
:1090F00040F06A856D1EF4D1309605980899099D57
:10910000471875B1309E17F8012B02A9304600F0C0
:1091100027FE002801D46D1EF5D10028309640F0BE
:1091200053850C9D3020002D8DF804000CDD309E01
:10913000012301AA02A9304600F022FE002840F0D7
:1091400043856D1EF4D130969DF8400041077FF5B0
:1091500088AE2020002C8DF804007FF782AE309D71
:10916000012301AA02A9284600F00AFE002840F0C7
:109170002B85641EF4D1309573E60FF6644005909C
:1091800000F0FFBC0E9D002D04D52046FCF74EFBE1
:10919000044607E02A46204603F088F8002814BF5A
:1091A000041B2C46089400F0ECBCD9F8001051F8D0
:1091B000040BC9F8001020F00004002121F0FF3555
:1091C00012ABCDE902450593DDE9022306993C2463
:1091D00013B90AB90E9898B102F00F053035641E24
:1091E000EEB23A2EA8BF2735120942EA03721B09D4
:1091F0000D5508BF002A03D005980D19A842EBD3DE
:1092000008190590C4F13C020E98089282420ADACD
:10921000BDF84010821A4FF6EF7001400A92ADF887
:10922000401000F0AEBC002840F1AB849DF8400037
:1092300000F01400102840F0A4840F9B07990A98AE
:109240005B1A1B1A9A1A002A40F39B84E5E32B99B8
:10925000487820B14FF0FF340FF65430F8E69DF80F
:109260004200622861D0682817D06A283FD06C2855
:1092700006D0712847D074282CD07A281DD064E0FD
:10928000D9F8001051F8040BC9F80010002868D173
:109290004FF0FF340FF63030DAE6D9F8001051F80D
:1092A000040BC9F8001020B94FF0FF340FF6183046
:1092B000CEE60D99018000F064BCD9F8001051F899
:1092C000040BC9F8001000284BD14FF0FF340FF603
:1092D000F820BDE6D9F8001051F8040BC9F80010C9
:1092E00000283ED14FF0FF340FF6DC20B0E6D9F86D
:1092F000001051F8040BC9F8001080B94FF0FF348A
:109300000FF6C420A4E6D9F8001051F8040BC9F8F0
:10931000001020B94FF0FF340FF6AC2098E60D9AFC
:10932000D317C0E9002300F02CBCD9F8001051F885
:10933000040BC9F8001020B94FF0FF340FF6882055
:1093400086E60D99017000F01CBCD9F8001051F8A8
:10935000040BC9F8001020B94FF0FF340FF6682055
:1093600076E60D99016000F00CBCD9F80020D21D02
:1093700022F00702C9F80020D2E900010832C9F83A
:109380000020CDE90201C80F02D007982D210AE084
:10939000BDF84000810702D507982B2103E0C007E4
:1093A00005D50798202112AA1154401C0790DDE929
:1093B0000223079912A8CDE92C2308444BF0200181
:1093C0006129059021AC0BD00E99002902D5062108
:1093D0000E9105E001BF4BF02001672901220E929A
:1093E000DDE9022359004915491C0DD11A030BD0A0
:1093F000ABF1610503211A2D089102D20FF6E41199
:1094000010E00FF6E4110DE059004915491C0DD18B
:109410001A030BD1ABF1610503211A2D089119D361
:109420000FF6CC110322FEF773FEAAE3DDE9020179
:10943000CDE92E01DDE92E2323F00047B7F5801F8B
:1094400022F000060DD20022002F08BF002E00924D
:1094500003D116E00FF69411E4E76A4602F09EFC91
:109460000FE0DFF8DC08DFF8DC1800EB17500090A5
:10947000DDE92E234FF0FF301940DFF8CC781040A3
:109480003943CDE902014BF0200061280DD1059848
:1094900030210170821CBBF1610F05920CBF782155
:1094A000582141700798801C0790DDE9020120F0E7
:1094B000000231F0004308BF002A02D10026002537
:1094C00068E14BF02008B8F1610F40F0B4800E98CD
:1094D000002847BF21210191401C0190019FDDE937
:1094E0002C017F1C00220023DDE9024502F08EFCE6
:1094F00000998DF8842038BF85F00045091F002FA2
:1095000000910DF1850653DD2046294600220023F7
:1095100002F094FC4CD24800400D00F11C0212D025
:10952000002A10DD40F2FF739A4206DBDFF81C18B8
:1095300005F000400143002011E06FF31E5141EAA5
:10954000025120460BE024F0000035F0004108BF36
:1095500000280FBF29461C22294602F0D3FE0446EC
:109560000D46FFF7D1F8FF1F002F804609DDFCF7FD
:1095700095F902460B462046294602F08DFB04462B
:109580000D46F01D0721B8F1000F0CDD491E5EBF2E
:1095900008F00F0200F8012D4FEA2818F3D502E079
:1095A000002200F8012D491EFAD5C61D002FABDCA4
:1095B0000DF18500361A01988642D8BF3046002842
:1095C0000DF1850430D4B04206DA0DF185010A5C54
:1095D000082AA8BF0F2100DA0021024621AB13445C
:1095E00000E0401E13F80159521E8D42F9D00F2998
:1095F00004D10DF185018B5C5B1C8B54002A04D5D2
:109600000099091D21AC401C0091411E0CD4621828
:10961000ABF13A0613783033DDB23A2DA8BFF31818
:10962000491E02F80139F5D50E99002940F1B080A4
:10963000421E0E92ACE00099DFF8142747F29750D3
:10964000414391FBF2F2DDE92C45009225F0004503
:10965000D2F1070204DD2046294600F04EFB0BE064
:1096600052420020DFF8EC1600F047FB02460B46A2
:1096700020462946FCF734F90446B8F1660F0E98E7
:1096800006BF009F0A3706273F18142FC8BF1427AC
:1096900030200D468DF884000DF18506002F39DD50
:1096A0002046294602F0CCFE01460A4606F1080390
:1096B00004200A26B2FBF6F606EB860EA2EB4E025B
:1096C000303203F8012C0A22B6FBF2F202EB820ED2
:1096D000A6EB4E063036401E03F8026DE9D1083F76
:1096E000002F03F10806D9DD0846FCF751FA0246BF
:1096F0000B462046294602F0CFFA0022DFF8583602
:10970000FEF772FE04460D46CAE700BFCBCCCC0C78
:10971000486800000DF18500361A0DF1850404E05B
:109720000098401E761E0090641C20783028F7D0E8
:10973000B8F1660F02D10099491C04E0B8F1650F39
:109740000CBF012100210E9808188642B8BF701E78
:1097500000281DD4B04204DA215C3429C8BF392165
:1097600000DC30210246631E9D1800E0401E15F803
:109770000169521E8E42F9D0392902D1A15C491CDF
:10978000A154002A04D50099491C1C46401C009194
:109790000646009D02F068FE406A0778DDF83880D2
:1097A00030B2002802DC01260FF248644BF02000A2
:1097B000662808BF6D1C16D0672846D128B210F164
:1097C000040F48DB404546DA9DF840006D1C010758
:1097D00003D430B24045B8BF804628B2B8EB000889
:1097E00048BF4FF000080FFA85FBBBF1000F00F3F4
:1097F000B5800898411C0891302205990A54B8F1A7
:10980000000F03DC9DF84000010704D50898411CB7
:10981000089105990F5418EB0B0FB8BFC8F100055C
:109820002DB268420B90A84432B29045B8BF46466C
:10983000059B089836B20996324621461844FEF731
:1098400067FCA8EB06000C90D2E0BBF1610F17D1CA
:109850004FF0700B19E030B2404504DA9DF840102B
:109860000A0758BF8046B8F1010848BF4FF000080A
:10987000BBF1670F14BF4FF0450B4FF0650B04E0D1
:10988000BBF1410F08BF4FF0500B0898411C0891E5
:10989000B8F1000F059914F8012B0A5403DC9DF868
:1098A000400001071AD50898411C0891B8F1000F33
:1098B00005990F5412DD761E30B280450598089B3D
:1098C000B8BF464632B221461844FEF721FC08993B
:1098D00036B271180891A8EB06000B90059808990C
:1098E000084429B2002980F800B003D42B2242702A
:1098F000821C04E02D2242700D46821C6D42002124
:109900002CAB28460AE004460A2094FBF0F000EB5A
:109910008005A4EB450403F8014B491C00B2002864
:10992000F1DC012906DC4BF02000652804BF302063
:1099300002F8010B00292CAB08D1302002F8010BF2
:1099400006E0491E585C303002F8010B0029F8DCB3
:10995000059908980844121A099249E030B229B2D0
:1099600088421CDA0598089B32B221461844FEF75B
:10997000CFFB089936B27118ABEB0606B8F1000FB1
:1099800008910B9603DC9DF84000020704D505986A
:1099900047540999491C0991CDF8308028E0059871
:1099A000089B2AB221461844FEF7B2FB0898761BA2
:1099B0005844B8F1000F089003DC9DF840100A07E6
:1099C00003D5411C089105990F5430B28045059884
:1099D000089BB8BF464632B204EB0B011844FEF7B1
:1099E00097FB089836B230180890A8EB06000B9049
:1099F0009DF8400000F01400102840F0C280079A43
:109A000008990B988A18099982180C988A18821854
:109A10000F98824280F2B580821A0A92B1E09DF8D6
:109A20004200622808D068280ED06A2814D06C281A
:109A30001FD0712810D01CE0D9F8001051F8040B89
:109A4000C9F80010C0B21AE0D9F8001051F8040BA0
:109A5000C9F8001080B212E0D9F80020D21D22F01F
:109A60000702C9F80020D2E900010832C9F8002035
:109A700006E0D9F8001051F8040BC9F800100021D5
:109A8000CDE902019DF8400001075AD5DDE9022326
:109A9000002B08BF002A54D04BF02000782850D16A
:109AA000079812A930220A54401C431C079301F85E
:109AB00000B046E09DF84200622808D068280ED029
:109AC0006A2814D06C281FD0712810D01CE0D9F857
:109AD000001051F8040BC9F8001040B21AE0D9F890
:109AE000001051F8040BC9F8001000B212E0D9F8C8
:109AF0000020D21D22F00702C9F80020D2E900019F
:109B00000832C9F8002006E0D9F8001051F8040B1B
:109B1000C9F80010C117CDE90201002902D5079844
:109B20002D210AE0BDF84000810702D507982B21BE
:109B300003E0C00705D50798202112AA1154401C44
:109B4000079012A807990144059102A8594600F010
:109B50004FF816E001200790D9F8000050F8041BD8
:109B6000C9F800008DF848100BE025210122BBF157
:109B7000000F8DF84810079203D08DF849B00221EC
:109B800007910F9A07980A990C9C121A0898521A72
:109B90000B99121A0998521A121A9DF84000141BB8
:109BA00041073FF560AA2020002C8DF804007FF7C4
:109BB0005AAA309E2546012301AA02A9304600F088
:109BC000DFF800283FF44BAA4FF0FF3031B0BDE87A
:109BD000F08F00007072696E74665F733A20626184
:109BE0006420257320617267756D656E74000000D6
:109BF0002DE9FC4307466F293E6908BF082405D0BC
:109C000041F02000782814BF0A2410243C25D7E90D
:109C10000023642918BF69299046994605D1002B75
:109C200003D5D8F1000869EB4909B9F1000F08BF65
:109C3000B8F1000F0CD1386B50B9082C39D197F816
:109C40003800010735D530203B2586F83B0030E051
:109C50008DF80010404649462246E317FEF7ACFA5D
:109C60003032D0B26D1E3A28019504DB9DF8000019
:109C7000A0F151018A187255404649462246E31721
:109C8000FEF79AFA80465FEA010908BFB8F1000FB3
:109C900003D0F86871198842DCD3082C09D197F8F1
:109CA0003800010705D5705D302802D06D1E3020C8
:109CB0007055C5F13C02BA617119F960386B824286
:109CC00008DA821A3A624FF6EF70398F014039870D
:109CD000BDE8F38300280ED597F8380000F0140093
:109CE000102808D17B6B7969386A5B1A1B1A9A1A9B
:109CF000002AC8BF3A62BDE8F3832DE9D043064687
:109D00000F4614464FF00008DFF8509012E0E007CD
:109D100007D542464B4630463946FEF765FB0646B8
:109D20000F464046494642464B46FEF75DFB6410EF
:109D300080468946002CEAD130463946BDE8D083BA
:109D400002FCFFFFFFFF0F800000E03F0000F07FFC
:109D5000A08601000000F03F84D797410000244016
:109D600010B503460C461146A0689847A06020B184
:109D7000E06A401CE062002010BD4FF0FF3010BDD3
:109D8000F8B505460E4617461C4600205CB117F88C
:109D9000011BB068A847B06030B1F06A401CF062A7
:109DA0000020641EF3D1F2BD4FF0FF30F2BD000081
:109DB0007072696E74665F733A20256E20646973F1
:109DC000616C6C6F776564007072696E74663A20BE
:109DD00062616420256E20617267756D656E740026
:109DE000000000006E616E004E414E00696E66001C
:109DF000494E46003000000010B50400002C01D18F
:109E0000012074E0606A002806D16068B0F5827FA6
:109E100006D00020E06103E00020206100206061A6
:109E20000020A06294F85D00002805D1002084F88D
:109E30005C00200002F044FB022084F85D002068F2
:109E4000006830F0400021680860E06840F201716D
:109E5000884201D3002101E04FF48051E068B0F561
:109E6000706F05D0E068B0F5E06F01D00020A0620F
:109E7000606810F48270A26812F404421043227CDD
:109E800012F002021043227D12F001021043A26977
:109E900012F400721043227F12F03802104394F83B
:109EA000202012F080021043A26A12F400521043E4
:109EB00022681060A269120C12F0040294F82400C7
:109EC00010F01000024394F8340010F00800024330
:109ED000E06810F47060024311F48050024320687F
:109EE000426000202066012084F85D00002010BD43
:109EF0002DE9F84306000D0017001C00FBF7F2FEE9
:109F00008046B94696F85D00012801D00220ECE0B9
:109F1000002D03D0380080B2002801D10120E4E0F8
:109F200096F85C00012801D10220DEE0012086F8CD
:109F30005C00032086F85D0000203066B563B787BB
:109F4000F787002030640020A6F844000020A6F81F
:109F50004600002030650020F064B068B0F5004F86
:109F60000BD13068006830F040003168086030681C
:109F7000006850F48040316808603068006840062E
:109F800005D43068006850F0400031680860F0681F
:109F900040F20171884235D37068002803D04846EA
:109FA00080B2012809D1B06B00883168C860B06BFD
:109FB000801CB063F08F401EF087F08F002873D0B4
:109FC0003068806880070AD5B06B00883168C86047
:109FD000B06B801CB063F08F401EF087EDE7FBF79D
:109FE00081FEB0EB0800A04202D314F1010F01D1B1
:109FF000002CE2D1012086F85D00002086F85C008C
:10A00000032072E07068002803D0484680B201281F
:10A0100017D1F08F02280AD3B06B00883168C8606E
:10A02000B06B801CB063F08F801EF08709E0B06BCE
:10A03000007831680873B06B401CB063F08F401E2D
:10A04000F087F08F00282FD030688068800718D5FF
:10A05000F08F02280AD3B06B00883168C860B06BFB
:10A06000801CB063F08F801EF087EAE7B06B007849
:10A0700031680873B06B401CB063F08F401EF087EE
:10A08000DFE7FBF72FFEB0EB0800A04202D314F18C
:10A09000010F01D1002CD4D1012086F85D000020F1
:10A0A00086F85C00032020E042462100300000F0EA
:10A0B00003F9002801D020203066B068002808D1BC
:10A0C000002000903068C068009030688068009080
:10A0D0000098012086F85D00002086F85C00306E54
:10A0E000002801D0012000E00020BDE8F2832DE926
:10A0F000FC4705000E0017009846DDF82890FBF796
:10A10000F1FD0400B8EB040419EB0404FBF7EAFDCD
:10A110008246684800684001000D00FB04F0009092
:10A12000286880683040B04201D1012000E0002062
:10A130003900C9B2884243D018F1010FF0D0FBF7C3
:10A14000D1FDB0EB0A00A04201D2002C2FD128682B
:10A15000406830F0E000296848606868B0F5827FA8
:10A160000DD1A868B0F5004F03D0A868B0F5806F96
:10A1700005D12868006830F0400029680860A86AA6
:10A18000B0F5005F0BD12868006830F400502968F2
:10A1900008602868006850F40050296808600120B1
:10A1A00085F85D00002085F85C00032009E0009838
:10A1B000002801D1002004000098401E0090AFE765
:10A1C0000020BDE8F6872DE9FE4F06000F001400C1
:10A1D0009846DDF8309000208DF80000FBF782FDF6
:10A1E0000500B8EB050519EB0505FBF77BFD82467D
:10A1F000306810F10C0B2F48016823204143090DF2
:10A2000001FB05F10191306880683840A0424ED0D2
:10A21000B7F5C06F07D1002C05D19BF800008DF871
:10A2200000009DF8000018F1010FECD0FBF75AFD7B
:10A23000B0EB0A00A84201D2002D2FD1306840684F
:10A2400030F0E000316848607068B0F5827F0DD171
:10A25000B068B0F5004F03D0B068B0F5806F05D19D
:10A260003068006830F0400031680860B06AB0F5CE
:10A27000005F0BD13068006830F40050316808602E
:10A280003068006850F4005031680860012086F89A
:10A290005D00002086F85C00032009E0019800289A
:10A2A00001D1002005000198401E0190ABE700207D
:10A2B000BDE8FE8F580500207CB504000D00160097
:10A2C00000962B0000224FF4C0512000FFF77BFFC7
:10A2D000002805D0206E50F02000206603201FE0EB
:10A2E00000962B00002280212000FFF700FF0028AD
:10A2F00005D0206E50F020002066032010E000966C
:10A300002B0000224FF4C0612000FFF75CFF002803
:10A3100005D0206E50F020002066032000E00020D1
:10A3200076BD002848BF4042704780B502F004F96E
:10A3300000F011F802F012F902F0F8F9FCF72EFC27
:10A3400002F024FA02F094F8FCF744FCFCF760FCFD
:10A3500002F048FBFEE710B596B04421002205ACA0
:10A360002000FBF777FF142100226C462000FBF74A
:10A3700071FF4FF4007002F011FD002801D000F0D1
:10A3800033F81820059001200A9001200B9000203E
:10A390000C9060200D9002200F9001201090012061
:10A3A0001190282012900720139002201490022070
:10A3B000159005A800F042FE002801D000F014F826
:10A3C0000F200090032001900020029000200390B5
:10A3D000002004900421684601F074F9002801D09F
:10A3E00000F002F816B010BD72B6FEE710B50446D4
:10A3F00010460A4601462046FBF72CFF204610BDBA
:10A400002DE9F84F05005FF00008002728680005D7
:10A4100027D5686C00280DD0B0F5000F03D0B0F53B
:10A42000400F0DD00DE0DFF82403016851F48031B6
:10A43000016008E00021281D00F092F9804602E04A
:10A4400001E0012080464046C0B2002808D1DFF874
:10A450000C130A6832F44002686C02430A6000E0A0
:10A460004746286880037AD55FF00009DFF8E0A24C
:10A47000DAF80000C0000DD4DAF8000050F0805087
:10A48000CAF80000DAF8000010F080500090009840
:10A4900001208146DFF8BCB2DBF8000050F4807088
:10A4A000CBF80000FBF71EFC0600DBF80000C0053F
:10A4B00006D4FBF717FC801B0328F6D30320804645
:10A4C0004046C0B200283FD1DFF88CB2DBF8000074
:10A4D00010F440700400002C15D0E86D844212D0B6
:10A4E000DBF8000030F440700400DBF8000050F4AA
:10A4F0008030CBF80000DBF8000030F48030CBF87F
:10A500000000CBF80040E0070FD5FBF7EBFB06009F
:10A51000DBF80000800708D4FBF7E4FB801B41F266
:10A5200089318842F4D3032080464046C0B20028D7
:10A5300008D1DBF8001031F44071E86D0143CBF82D
:10A54000001002E0474600E047464846C0B20128F6
:10A5500005D1DAF8000030F08050CAF80000287801
:10A56000C00707D5DFF8F4110A6892089200286A3C
:10A5700002430A602878800707D5DFF8E0110A68EF
:10A5800032F00C02686A02430A602878400707D557
:10A59000DFF8C8110A6832F03002A86A02430A6084
:10A5A0002878800607D5DFF8B4110A6832F44062D3
:10A5B000E86A02430A602868800507D5DFF89C1125
:10A5C0000A6832F44022E86B02430A6028684005BA
:10A5D00007D5DFF888110A6832F44012286C02436C
:10A5E0000A602878400607D5DFF870110A6832F44F
:10A5F0004052286B02430A602878000607D5DFF82E
:10A600005C110A6832F44042686B02430A602868B1
:10A61000C00507D5DFF844110A6832F44032A86B50
:10A6200002430A602868800420D5DFF830110A68E8
:10A6300032F04062A86C02430A60A86CB0F1006F6F
:10A6400006D1DFF80801016851F4801101600DE0C6
:10A65000A86CB0F1806F09D10121281D00F080F8AD
:10A6600080464046C0B2002800D047462868000314
:10A6700020D5DFF8E8100A6832F04062E86C024347
:10A680000A60E86CB0F1006F06D1DFF8C000016825
:10A6900051F4801101600DE0E86CB0F1806F09D1D8
:10A6A0000121281D00F05CF880464046C0B2002819
:10A6B00000D047462868400320D5DFF8A0100A687C
:10A6C00032F04062286D02430A60286DB0F1006FDD
:10A6D00006D1DFF87800016851F4801101600DE0C7
:10A6E000286DB0F1806F09D10121281D00F038F8E4
:10A6F00080464046C0B2002800D047462868400443
:10A7000015D5DFF858100A6832F04052686D0243E0
:10A710000A60686DB0F1805F09D10221281D00F048
:10A720001FF880464046C0B2002800D0474628683F
:10A73000000407D5DFF824100A6832F08042A86DC3
:10A7400002430A603800C0B2BDE8F28F0C1002402C
:10A7500058100240007000409010024088100240E3
:10A760002DE9F04105000C0000275949086810F058
:10A77000030F12D0086810F003002A68904209D134
:10A780002868002806D00868C0F30210401C6968D9
:10A79000884232D0012007002FE02868012804D029
:10A7A0001BD303280FD007D317E04A48006880075F
:10A7B00001D40120070012E046480068400501D49A
:10A7C000012007000BE043480268920304D40068AC
:10A7D000400301D40120070001E0012007003800F8
:10A7E000C0B2002809D10A6832F073022868024317
:10A7F0006868401E52EA00120A603800C0B20028A1
:10A8000061D1DFF8D080D8F8000030F08060C8F85F
:10A810000000FBF767FA0600D8F80000000106D533
:10A82000FBF760FA801B0328F6D3032007003800EB
:10A83000C0B2002847D1002C0BD127490A6827480D
:10A840000240A86852EA0022E86852EAC0620A6040
:10A850001CE0012C0DD120490A6821480240A8685B
:10A8600052EA002228694008401E52EA40520A601B
:10A870000CE019490A681B480240A86852EA002205
:10A8800068694008401E52EA40620A60D8F8000039
:10A8900050F08060C8F80000FBF724FA0600D8F8F2
:10A8A0000000000106D4FBF71DFA801B0328F6D335
:10A8B000032007003800C0B2002804D106490A6806
:10A8C000A86902430A603800C0B2BDE8F081000008
:10A8D0000C1002400010024010100240FF80FF07E1
:10A8E000FF809FFFFF80FFF930B40100002901D1F4
:10A8F000012067E00868624A90420AD20A6861480B
:10A9000082181420B2FBF0F0800048645E480864AE
:10A9100009E00A685D4882181420B2FBF0F080005C
:10A9200048645B480864022081F8250008680268D2
:10A930006FF30E128B68C8680343086903434869C4
:10A94000034388690343C8690343086A03431A43FE
:10A95000086802608868B0F5804F2AD0086C4A4BBE
:10A96000984213D14B4803680F2491F8445015F0D6
:10A970001C05AC40A343036003684C6891F8445045
:10A9800015F01C05AC402343036012E04248036805
:10A990000F2491F8445015F01C05AC40A34303600C
:10A9A00003684C6891F8445015F01C05AC402343F3
:10A9B00003600020C863012081F82500002081F891
:10A9C0002400002030BC704710B40100002901D1E0
:10A9D000012053E008680068400840000A681060E1
:10A9E0000868274A90420AD20A682648821814202A
:10A9F000B2FBF0F0800048642348086409E00A686C
:10AA0000224882181420B2FBF0F0800048642048ED
:10AA1000086400200A681060012091F8442012F0B8
:10AA20001C0290400A6C5060086C174A90420AD190
:10AA3000184802680F2391F8444014F01C04A34006
:10AA40009A43026009E0144802680F2391F84440D9
:10AA500014F01C04A3409A4302600020C862002046
:10AA6000086300204863002088630020C86300203A
:10AA700081F82500002081F82400002010BC7047D8
:10AA800008040240F8FFFDBF00000240F8FBFDBFD4
:10AA900000040240A8000240A80402402DE9F04151
:10AAA00004000D0016001F005FF0000894F8240059
:10AAB000012801D102203BE0012084F8240094F811
:10AAC000250001282DD1022084F825000020E06314
:10AAD0002068006840084000216808603B003200A0
:10AAE0002900200000F0F8F8206B002806D020682C
:10AAF000006850F00E00216808600BE020680068D4
:10AB000030F00400216808602068006850F00A00F6
:10AB1000216808602068006850F001002168086022
:10AB200004E0002084F82400022080464046C0B2A1
:10AB3000BDE8F0810100002291F82500022806D02E
:10AB40000420C863002081F8240001201BE008686D
:10AB5000006830F00E000B68186008680068400854
:10AB600040000B681860012091F8443013F01C037A
:10AB700098400B6C5860012081F82500002081F876
:10AB800024001000C0B2704738B50400002594F8C6
:10AB90002500022804D00420E063012005001FE006
:10ABA0002068006830F00E002168086020680068A6
:10ABB0004008400021680860012094F8441011F01A
:10ABC0001C018840216C4860012084F82500002089
:10ABD00084F82400A06B002802D02000A16B8847D5
:10ABE0002800C0B232BD70B50400206C0568206832
:10ABF0000668042094F8441011F01C0110FA01F1C9
:10AC00000D4219D0710717D521680968890605D446
:10AC10002168096831F004012268116094F8441039
:10AC200011F01C018840216C4860206B002852D034
:10AC30002000216B88474EE0022094F8441011F068
:10AC40001C0110FA01F10D421FD0B1071DD521687A
:10AC50000968890608D42168096831F00A01226868
:10AC60001160012184F8251094F8441011F01C01A2
:10AC70008840216C4860002084F82400E06A0028A5
:10AC800029D02000E16A884725E0082094F8441084
:10AC900011F01C01884005421DD030071BD52068EB
:10ACA000006830F00E0021680860012094F844101C
:10ACB00011F01C018840216C48600120E0630120F4
:10ACC00084F82500002084F82400606B002802D05E
:10ACD0002000616B884770BD30B4012490F8445067
:10ACE00015F01C05AC40056C6C60046863608468FA
:10ACF000102C04D10468A2600468E16003E00468D9
:10AD0000A1600468E26030BC7047000010B410F02D
:10AD10000703DFF8684122684FF6FF010A40DFF8B9
:10AD2000601151EA03210A43226010BC7047DFF82A
:10AD30004C010068C0F3022070470000010049B2D6
:10AD400000290AD4012210F01F018A40DFF83411D3
:10AD500003005BB25B0941F823207047010049B250
:10AD600000290DD4012210F01F018A40464903003A
:10AD70005BB25B0941F82320BFF34F8FBFF36F8FA6
:10AD8000704710B4020052B2002A05D40A013F4BAA
:10AD9000040064B21A5508E00A013D4B040064B295
:10ADA00014F00F04234403F8042C10BC704770B453
:10ADB000030013F00704D4F10700052801D3042091
:10ADC00001E0D4F10700251D072D01D2002500E088
:10ADD000E51E012616FA00F0401E0140A94016FAB1
:10ADE00005F56D1E2A401143080070BC704710B570
:10ADF0000400601EB0F1807F01D301200EE0601ED0
:10AE0000244908600F215FF0FF30FFF7BAFF0020F0
:10AE100021490860072021490860002010BD10B5B5
:10AE200004002000FFF772FF10BD2DE9F04104007F
:10AE30000D0016000027FFF77AFF80463200290038
:10AE40004046FFF7B4FF0100200040B2FFF799FF32
:10AE5000BDE8F08110B50400200040B2FFF76EFF9E
:10AE600010BD10B50400200040B2FFF777FF10BD01
:10AE700010B504002000FFF7BAFF10BD0CED00E094
:10AE80000000FA0500E100E080E100E000E400E0FD
:10AE900018ED00E014E000E018E000E010E000E051
:10AEA00010B50400206841490968884202D1012098
:10AEB00001F069FE20683E490968884202D10120FC
:10AEC00001F0C0FF20683B490968884202D1012097
:10AED000FCF74AF810BD38B504000D00206833496E
:10AEE0000968884203D1280080B201F04CFE206836
:10AEF0002F490968884203D1280080B201F0A2FFDF
:10AF000020682C490968884203D1280080B2FCF7E8
:10AF10002BF831BD10B50400206824490968884227
:10AF200002D100202449087020682149096888421C
:10AF300002D102202049087020681E490968884211
:10AF400002D104201C49087002211C48FBF718F8A4
:10AF500010BD1CB5184C20780090194B0022002120
:10AF6000032001F097FF207800280ED101F00AFE9F
:10AF700014480188491C01800188142903DB002141
:10AF8000018001F0E9FD01F0EBFD20782078022836
:10AF900003D101F056FF01F045FF20782078042806
:10AFA00003D1FBF7E0FFFBF7CFFF13BD2C210020FF
:10AFB000B42100203C220020632900205C050020F1
:10AFC000B4F800085029002070B505000C001600E8
:10AFD000D5F8800020282DD1002C03D0300080B27D
:10AFE000002801D1012026E00120286600206866A3
:10AFF000320092B221002800FCF787FD0100080012
:10B00000C0B2002813D1286E01280ED110202A6862
:10B010001062286850E8000F50F0100002002B6802
:10B0200043E800200028F4D101E0012001000800DD
:10B03000C0B200E0022070BD704700002DE9FE4F55
:10B040000500002D01D101203AE3DFF80499D9F879
:10B05000004014F00C04DFF81889D8F8007017F0DD
:10B0600003072878C00640F1C680002C03D00C2CC2
:10B070007AD1012F78D1DFF8D4A8DAF80000800760
:10B0800004D5A869002801D1012019E3DAF80000ED
:10B09000000704D5DAF8000010F0F00005E0DFF852
:10B0A00060090068000910F0F000296A88421ED289
:10B0B000286A00F05FFC002801D0012000E3DAF8E4
:10B0C000000050F00800CAF80000DAF8001031F073
:10B0D000F001286A0143CAF80010DFF82809016866
:10B0E00031F47F41EA6951EA022101601FE0DAF898
:10B0F000000050F00800CAF80000DAF8001031F043
:10B10000F001286A0143CAF80010DFF8F808016866
:10B1100031F47F41EA6951EA02210160002C06D135
:10B12000286A00F027FC002801D00120C8E200F0C6
:10B1300086FBDFF8D418D9F80020C2F30312895C2B
:10B1400011F01F01C840DFF80C180860DFF808088C
:10B15000006801F0BDFF8DF800009DF80000002898
:10B1600049D09DF80000ABE2A86900282DD0DFF897
:10B17000DC97D9F8000050F00100C9F80000FAF798
:10B18000B1FD0600D9F80000800706D4FAF7AAFD41
:10B19000801B0328F6D3032092E2D9F8000050F078
:10B1A0000800C9F80000D9F8001031F0F001286A51
:10B1B0000143C9F80010DFF84C08016831F47F4101
:10B1C000EA6951EA0221016015E0DFF88097D9F8B9
:10B1D000000040084000C9F80000FAF783FD0600AF
:10B1E000D9F80000800706D5FAF77CFD801B0328FC
:10B1F000F6D3032064E22878C00754D5082C03D086
:10B200000C2C0BD1032F09D1DFF840070068800315
:10B2100049D56868002846D1012051E26868B0F538
:10B22000803F06D1DFF82407016851F480310160C6
:10B2300018E06868B0F5A02F0AD1DFF810070168A0
:10B2400051F480210160016851F48031016009E00E
:10B25000DFF8F806016831F480310160016831F4EB
:10B2600080210160686800280ED0FAF73BFD0600D7
:10B27000DFF8D8060068800315D4FAF733FD801B89
:10B280006528F5D303201BE2FAF72CFD0600DFF852
:10B29000BC060068800306D5FAF724FD801B6528EC
:10B2A000F5D303200CE22878800752D5042C03D074
:10B2B0000C2C15D1022F13D1DFF890060068400541
:10B2C00004D5E868002801D10120F9E1DFF834074E
:10B2D000016831F0F8512A6951EA0261016038E0F1
:10B2E000E86800281FD0DFF86496D9F8000050F411
:10B2F0008070C9F80000FAF7F5FC0600D9F80000E4
:10B30000400506D4FAF7EEFC801B0328F6D3032091
:10B31000D6E1DFF8F006016831F0F8512A6951EA08
:10B320000261016015E0DFF82496D9F8000030F4DE
:10B330008070C9F80000FAF7D5FC0600D9F80000C3
:10B34000400506D5FAF7CEFC801B0328F6D3032070
:10B35000B6E1287800072ED56869002815D0DFF8F7
:10B36000A096D9F8000050F00100C9F80000FAF7E3
:10B37000B9FC0600D9F8000080071CD4FAF7B2FC2B
:10B38000801B0328F6D303209AE1DFF87496D9F8DE
:10B39000000040084000C9F80000FAF7A3FC0600CE
:10B3A000D9F80000800706D5FAF79CFC801B03281B
:10B3B000F6D3032084E12878400740F181805FF0D4
:10B3C0000009DFF848A6DAF80000C0000DD4DAF86A
:10B3D000000050F08050CAF80000DAF8000010F0C9
:10B3E00080500190019801208146DFF824B6DBF8F7
:10B3F0000000C00513D4DBF8000050F48070CBF8D7
:10B400000000FAF76FFC0600DBF80000C00506D468
:10B41000FAF768FC801B0328F6D3032050E1A868E4
:10B42000012806D1DFF8EC05016851F00101016047
:10B4300017E0A86805280AD1DFF8D805016851F09F
:10B4400004010160016851F00101016009E0DFF8C9
:10B45000C4050168490849000160016831F0040130
:10B460000160A868002810D0FAF73CFC0600DFF85D
:10B47000A4050068800719D4FAF734FC801B41F258
:10B4800089318842F3D303201AE1FAF72BFC060036
:10B49000DFF880050068800708D5FAF723FC801BD9
:10B4A00041F289318842F3D3032009E14846C0B212
:10B4B000012805D1DAF8000030F08050CAF8000009
:10B4C000287880062ED5686A002815D0DFF84895C0
:10B4D000D9F8000050F00100C9F80000FAF702FCAA
:10B4E0000600D9F8000080071CD4FAF7FBFB801B8C
:10B4F0000328F6D30320E3E0DFF81C95D9F8000019
:10B5000040084000C9F80000FAF7ECFB0600D9F843
:10B510000000800706D5FAF7E5FB801B0328F6D369
:10B520000320CDE0A86A002800F0C980A86A02289C
:10B5300040F0A380D8F80000070017F00300E96A84
:10B54000884222D117F07000296B491EB0EB011F11
:10B550001BD117F4FE40696BB0EB012F15D117F02A
:10B560007840A96BB0EBC16F0FD117F4C000E96B45
:10B570004908491EB0EB415F07D117F0C060296C44
:10B580004908491EB0EB416F57D00C2C53D0DFF85F
:10B59000BCA3DAF80000400101D5012090E0DAF800
:10B5A000000030F08070CAF80000FAF79BFB81467B
:10B5B000DAF80000800107D5FAF794FBB0EB090038
:10B5C0000328F5D303207BE0D8F80010DFF84C0403
:10B5D0000140E86A0143286B401E51EA0011686B84
:10B5E00051EA0021E86B4008401E51EA4051286CA6
:10B5F0004008401E51EA4061A86B51EAC061C8F89A
:10B600000010DAF8000050F08070CAF80000D8F896
:10B61000000050F08070C8F80000FAF763FB0600E5
:10B62000DAF8000080014AD4FAF75CFB801B03289B
:10B63000F6D3032044E0012042E0DFF81093D9F86C
:10B64000000080013BD4D9F8000050F08070C9F8A8
:10B650000000D8F8000050F08070C8F80000FAF739
:10B6600041FB0600D9F80000800128D4FAF73AFB24
:10B67000801B0328F6D3032022E00C2C1DD0DFF81A
:10B68000CC92D9F8000030F08070C9F80000FAF7C9
:10B6900029FB0600D9F80000800106D5FAF722FB45
:10B6A000801B0328F6D303200AE0D8F80010DFF847
:10B6B00070030140C8F8001001E0012000E0002004
:10B6C000BDE8FE8F2DE9F04104000D00002C01D1F2
:10B6D0000120B2E0DFF84C73386810F00700A84290
:10B6E0000BD23868C008C00028433860386810F0B2
:10B6F0000700A84201D001209FE0207880070DD5E7
:10B70000DFF84C12086810F0F000A268904205D2F1
:10B710000A6832F0F002A06802430A602078C0078D
:10B7200042D56068032806D1DFF820020068800156
:10B730001CD4012081E06068022806D1DFF80C02E9
:10B740000068800312D4012077E06068002806D1E9
:10B75000DFF8F8010068800708D401206DE0DFF809
:10B76000EC010068400501D4012066E0DFF8E081CB
:10B77000D8F800108908890060680143C8F80010F3
:10B78000FAF7B0FA0600D8F8000010F00C00616873
:10B79000B0EB810F08D0FAF7A5FA801B41F289318E
:10B7A0008842F0D3032048E0207880070CD5684910
:10B7B000A0680A6812F0F002904205D20A6832F0DE
:10B7C000F002A06802430A60386810F00700854262
:10B7D0000BD23868C008C00028433860386810F0C1
:10B7E0000700A84201D0012027E02078400706D5B5
:10B7F00057490A6832F4E062E06802430A60207840
:10B80000000707D55248016831F46051226951EAB6
:10B81000C201016000F013F8DFF8EC114C4A126825
:10B82000C2F30312895C11F01F01C8404949086046
:10B830004948006801F04CFCC0B2BDE8F0812DE938
:10B84000F041002600204249096811F00C01DFF8A0
:10B8500020C1DCF8007017F00307002903D00C2981
:10B860001AD1012F18D1DFF8E4E0DEF800805FEA9A
:10B87000087806D4DFF888E1DEF800E0CEF3032E86
:10B8800003E0DEF800E0CEF3031E674E56F82E60AC
:10B8900000290CD130000AE0042903D1DFF88CE143
:10B8A000704604E0082902D1DFF884E170460C29D3
:10B8B0002DD1DCF800E01EF0030E73469E46BEF16B
:10B8C000020F03D0BEF1030F03D005E0DFF85CE107
:10B8D00003E0DFF85CE100E0B646DCF80020C2F3EC
:10B8E0000212521C1500DCF80020C2F3062202FBF3
:10B8F0000EFEBEFBF5F2DCF800C0CCF3416C1CF18F
:10B90000010C5FEA4C0C6446B2FBF4FC6046BDE8F7
:10B91000F08110480068704780B5FFF7FAFF45498D
:10B920000B4A1268C2F30222895C11F01F01C84061
:10B9300002BD80B5FFF7EDFF3E49054A1268C2F32C
:10B94000C222895C11F01F01C84002BD00100240F4
:10B9500008100240580500203405002028490868D6
:10B9600010F07E400A6852F400020A60704700003E
:10B970000C1002407CB504000025244E3068C00045
:10B9800003D501F005FA01000FE0306850F0805057
:10B990003060306810F080500090009801F0F8F9A5
:10B9A0000100306830F080503060B1F5007F09D17F
:10B9B000812C15D3A12C02D30220050010E0012018
:10B9C00005000DE0812C02D30320050008E0802C47
:10B9D00002D10220050003E0702C01D101200500F6
:10B9E00010480268D208D2002A430260006810F0B2
:10B9F0000700A84201D0012000E0002076BD000031
:10BA0000941002400410024014FA0008581002403A
:10BA10000070004090100240981002408C809D0100
:10BA2000FCFFEEFE002002402CF700080024F4008A
:10BA300000127A00E8FE0008704770472DE9F84FC1
:10BA400082468B4614001D000026DFF8847138788A
:10BA5000012801D1022047E0012038704CF2503813
:10BA6000404600F05BF881464846C0B2002837D116
:10BA700000207860DFF85C010168490506D501689F
:10BA800031F4806101600220387701E000203877CE
:10BA9000BAF1000F07D122002B00584600F071F8D0
:10BAA000012006000FE0BAF1010F02D0BAF1020F37
:10BAB00009D12100584600F071F8BAF1020F02D105
:10BAC0005FF480200600404600F028F88146002EF2
:10BAD00004D0DFF804010168B143016000F09FF871
:10BAE000002038704846C0B2BDE8F28F00203A49C5
:10BAF0000A68002A09D53C4A3C4B13603C4B136052
:10BB00000968002901D501210800C0B270473248F8
:10BB1000016851F0004101600020704770B50400D9
:10BB2000FAF7E0F805002D4A1068C00309D514F1B2
:10BB3000010FF8D0FAF7D6F8401BA042F3D3032048
:10BB40001EE0116826480140002913D020484368B0
:10BB50000B43436011F0404F05D0224B1E6811F09B
:10BB6000404006431E60880002D021F04040106033
:10BB7000012005E01068C00701D5012010600020F9
:10BB800070BD10B414490C6854F001040C600260DC
:10BB9000BFF36F8F011D0B6010BC704770B4402362
:10BBA00004000D000C4A166856F480261660EFF368
:10BBB000108272B62E682660241D2D1D5B1E1E008D
:10BBC000F6B2002EF6D182F3108870BC70470000E8
:10BBD00038050020002002401420024010200240BE
:10BBE000FAC30200182002400820024023016745E2
:10BBF000AB89EFCD10B4DFF89820136833F47E736F
:10BC0000C40014F4FF6423431360136853F0020369
:10BC10001360136853F48033136010BC7047DFF86F
:10BC20006800017F0A00D2B2012A03D00A00D2B212
:10BC3000032A11D1DFF85420136833F40073136022
:10BC4000136853F400631360136833F400631360E4
:10BC5000136853F4007313600A00D2B2022A03D0AF
:10BC60000A00D2B2032A0CD1084A136853F4805355
:10BC70001360136833F480531360136853F48063C4
:10BC80001360002202777047380500200020024030
:10BC9000142002407047000070B44FF0004591EA54
:10BCA000030F7CF57BAC6B40841A71EB030603D267
:10BCB000001BB141121973414FF4001C1CEB410FE2
:10BCC00034BF7CEB430442E00C0DA4EB1356352E3D
:10BCD0004FDC45EAC323DB0A45EAC121C912B6F1AC
:10BCE00020050DDD63FA05F6EB4086EA03051242F6
:10BCF00018BF45F00105C01851F100010CD213E046
:10BD000062FA06F5F2405540F3415A40B340F34021
:10BD10005A408018594107D349085FEA30005FEA6A
:10BD2000350528BF45F0010501F58011420875F180
:10BD3000004250F1000041EB04514E0016F5001F87
:10BD400070BC38BF70470020090D090570471CEB17
:10BD5000410F10D252EA43060BD0BCEB410F05D87D
:10BD60000C0DAB43661E342EB6DD02E0AB438018EB
:10BD7000594170BC704770BC7047000090420CD1B4
:10BD800041EA030C50EA4C0C07D0994205D14FF41C
:10BD9000001C1CEB410F38BF8942704710B5144698
:10BDA00000F002F8226010BDC1F30A5343B14A000B
:10BDB00012F5001F28D2A3F2FE32A1EB0251704708
:10BDC00050EA410C20D001F0004C31EA0C01B1FAEC
:10BDD00081F204BFB0FA80F3D2180B3AB2F120031B
:10BDE0002CBF00FA03F1914041EA0C013EBFC2F1C1
:10BDF000200C20FA0CF319439040524240F2FD33DC
:10BE0000D21A01EB03517047002270474FF4001C17
:10BE10001CEB410F94BF1CEB430F09E041EA030CFC
:10BE200050EA4C0C52EA0C0C03D2994208BF9042E3
:10BE3000704714BF8B428242704700004FF4001CD1
:10BE40001CEB410F94BF1CEB430F09E041EA030CCC
:10BE500050EA4C0C52EA0C0C03D28B4208BF8242CF
:10BE6000704714BF9942904270470000F8B52DED1D
:10BE70000A8B41EC1A0B48004015109D401C43EC06
:10BE8000182B23D051EC1A0B31F0004108BF0028C9
:10BE90001CD051EC180B48004015401C16D051EC3A
:10BEA000180B31F0004108BF00280FD051EC1A0BDD
:10BEB0000022DFF84833FFF7A9FF80F0A38055EC9C
:10BEC000184B9FED800B05F00042ACE051EC1A0BD3
:10BED00048004015401C02D1090340F0898151EC13
:10BEE000180B48004015401C01D1090353D151ECF7
:10BEF000180B31F0004308BF002A08D151EC1A0B8F
:10BF000048004015401C46D1090344D10DE04800CB
:10BF10004015401C12D1090310D151EC1A0B4800F6
:10BF20004015401C37D1090335D1AFF30080BDEC7B
:10BF30000A8B4FF0FF306FF00041F4BD51EC1A0B4B
:10BF400031F0004108BF002828D151EC180B4800FF
:10BF5000400D05EB000234D151EC180B31F00041DB
:10BF600008BF002806D02A4651EC180B00F0CAF989
:10BF700041EC180B51EC180B20F0000231F000439B
:10BF800008BF002A05D048004015401C03D1090312
:10BF900001D1AFF3008051EC180B2BE151EC1A0BDF
:10BFA00048004015401C26D1090324D153EC1A2B1C
:10BFB00051EC180BBDEC0A8B01B0BDE8F040FCF76A
:10BFC00013BA002AC8DD40F2FF70824209DB9FED00
:10BFD0009F0B53EC102B01F000410B4343EC182B4B
:10BFE000C8E76FF31E5141EA025155EC184B0D465C
:10BFF00045EC184BBEE755EC184B9FED320B05F0A6
:10C00000004210E001227E4BFFF718FF11D89FED90
:10C010008F0B51EC100B55EC184BAFF3008005F073
:10C02000004040EA010251EC100BBDEC0A8B1146B6
:10C03000F4BD53EC1A2B73487349FCF7D5F941EC66
:10C04000100B53EC102B9FED719B03F0004251EC51
:10C05000190B0C46144353EC192B51EC100B2346CF
:10C06000FCF794FAFCF750FB0446F9F717FC41EC97
:10C070001B0B53EC1B2B4FF078406649FCF7B4F9CF
:10C0800002460B4651EC1A0BFFF706FE06460F461A
:10C0900053EC1B2B60486149FCF7A6F902460B469E
:10C0A00030463946FFF7F8FD41EC1A0B21F000410C
:10C0B00000225B4BFFF7AAFE08D2B0EE48AAF0EED2
:10C0C00068AA55E0000000000000000053EC1A2BA5
:10C0D00051EC1A0BFCF788F941EC1B0B53EC1B2BB2
:10C0E00050485149FCF780F9504A514BFCF74EFA41
:10C0F00053EC1B2BFCF778F941EC1C0B53EC1B2B7E
:10C100004C484D49FCF770F94C4A4D4BFCF73EFA50
:10C1100053EC1B2BFCF768F953EC192BFCF736FAA0
:10C1200053EC1A2BFCF760F941EC190B53EC1C2B68
:10C13000FCF72CFA9FED43AB53EC1A2BFCF726FAD5
:10C1400006460F4651EC1C0B53EC192BFFF7A4FDD0
:10C1500053EC1A2BFCF71AFA02460B4630463946C6
:10C16000F9F7BEFB53EC182BFCF73EF941EC1A0B28
:10C1700051EC1A0B2A194800400D02EB000319D0AC
:10C18000002B17DD40F2FF70834209DB9FED2F0B80
:10C1900053EC102B01F000410B4343EC1A2B16E03B
:10C1A0006FF31E5141EA035155EC1A4B0D4645EC15
:10C1B0001A4B0CE051EC1A0B31F0004108BF00287B
:10C1C00005D051EC1A0B00F09DF841EC1A0B51EC24
:10C1D0001A0B20F0000231F0004308BF002A05D0FE
:10C1E00048004015401C03D1090301D1AFF3008082
:10C1F00051EC1A0BBDEC0A8BF4BD000000C89CC0CA
:10C2000000C89C40FE822B654715F73F00000000E8
:10C210000000E03F422EE63FF2E4D5BCE7E84B3EAB
:10C220000000903C112E5781A03F503F5843128C84
:10C230008F71BC3F4BE8A541B752013F0BBDF3DA0C
:10C24000E8708C3F000000000000F03F000000009C
:10C250000000F07FC9B202788A421AB11CBF10F800
:10C26000012FF9E718BF00207047000080B500B922
:10C2700006A005490B681BB122220021984701E066
:10C2800000F056FF222002BD40290020636F6E732C
:10C29000747261696E742068616E646C65723A20B4
:10C2A000626164206D65737361676500C9B283075D
:10C2B00006D0521E22D310F8013B9942F7D11FE05D
:10C2C000083A13D302F1040241EA012141EA014193
:10C2D00050F8043B121F21BF4B40A3F1013C2CEA54
:10C2E000030C1CF0803FF3D0C9B2001F083210F8D5
:10C2F000013B521E28BF91EA030FF8D818BF012056
:10C30000401E7047124254D440F2FF7C1CEA115385
:10C310000FD0634531D09B1863453CBF01EB025100
:10C32000704701F0004141EA0C510020AFF300805A
:10C33000704750EA410320D001F0004C91EA0C0113
:10C340001CD0B1FA81F30B3B9A420DD9D21A994015
:10C3500051EA0C01C3F1200C20FA0CFC6144984016
:10C36000531C40F2FF7CD7E7914041EA0C01C2F137
:10C37000200C20FA0CF3194390407047B0FA80F378
:10C380001533202BE0D3202AEED3203A203B9A42CB
:10C3900009D9D21A00FA03F141EA0C010020531C1A
:10C3A00040F2FF7CB8E700FA02F141EA0C010020FC
:10C3B0007047524240F2FF7C1CEA11530DD0634596
:10C3C000DBD0B2EB030C3CBFA1EB025170470CF188
:10C3D000010221EA035141F4801150EA410CCCD012
:10C3E00001F0004C352A27DC30B481EA0C01B2F1AF
:10C3F000200309DAC2F12003044601FA03F5D04014
:10C400002843D1409C400CE0C3F12002450020FAB3
:10C4100003F418BF44F0010421FA03F091400C43E7
:10C42000002174F1004550F1000051EB0C01244251
:10C4300030BC7FF47BAF70476146002076E7000098
:10C44000400D491840EA81200CD2490DA1F58061C8
:10C45000491C40F0004005DBD1F11F0154BFC8402A
:10C46000C01770470020704700487047440C0020F8
:10C4700080B52C482C4901604FF482714160002145
:10C4800081604FF4E061C1600021016100214161E0
:10C490004FF4007181610021C1610021016200211E
:10C4A0004162002181620721C162002101630821EC
:10C4B0004163FDF7A1FC002801D0FDF795FF01BD08
:10C4C00010B586B004001422002101A8FDF78EFFEC
:10C4D00020681549884222D11448016851F48041EE
:10C4E0000160006810F480400090009810480168D6
:10C4F00051F002010160006810F002000090009805
:10C500004FF420400190022002900020039003206D
:10C5100004900520059001A90648F5F7F9FC06B03E
:10C5200010BD0000C4250020003800405810024013
:10C530004C1002400004004810B500240320FEF710
:10C540006EFC0F2000F0C4FD002802D00120040082
:10C5500001E000F0F1FD2000C0B210BD70B586B062
:10C56000142200216846FDF741FF6B48016851F035
:10C5700004010160016811F0040105910599016849
:10C5800051F080010160016811F080010591059969
:10C59000016851F001010160016811F0010105918C
:10C5A0000599016851F002010160016811F0020172
:10C5B00005910599016851F008010160006810F0CB
:10C5C000080005900598554C002243F2C131200027
:10C5D000F5F73DFE00224FF4F8515FF09040F5F77B
:10C5E00036FE4F4D002204212800F5F730FE4D4E57
:10C5F000002238213000F5F72AFE42F2C1300090C7
:10C600000120019000200290002003906946200044
:10C61000F5F77EFC4CF21E000090032001900020F4
:10C62000029069462000F5F773FC0B200090032070
:10C6300001900020029069463B48F5F769FC48F2FA
:10C64000FF000090032001900020029069465FF0F7
:10C650009040F5F75DFC2020009000200190012023
:10C66000029069462000F5F753FC07200090002057
:10C6700001900120029069463000F5F749FC4FF423
:10C68000A6400090032001900020029069463000EF
:10C69000F5F73EFC4FF4F850009001200190002087
:10C6A00002900020039069465FF09040F5F730FC5F
:10C6B0004FF4805000900120019000200290032050
:10C6C000039069462000F5F723FC04200090012028
:10C6D0000190002002900020039069462800F5F7A1
:10C6E00017FC1820009001200190002002900020EB
:10C6F000039069463000F5F70BFC202000900120E4
:10C700000190002002900320039069463000F5F765
:10C71000FFFB06B070BD00BF4C100240000800488F
:10C72000000C004800040048001C004880B5164872
:10C73000016851F002010160016811F002010091ED
:10C740000099016851F001010160006810F00100DA
:10C7500000900098002200210D20FEF766FB0D20BE
:10C76000FEF778FB002200210F20FEF75EFB0F2072
:10C77000FEF770FB002200214520FEF756FB452006
:10C78000FEF768FB01BD00BF4810024018B591B02C
:10C790001422002101A8FDF729FE04220021684689
:10C7A000FDF724FE2C22002106A8FDF71FFE484CB1
:10C7B00048482060002060607F20A060FF20E0608B
:10C7C00000202061002060610020A0610020E06165
:10C7D000200000F0CDFC002801D0FDF705FE002070
:10C7E0008DF8040000208DF8050000208DF806006B
:10C7F0000020049000200590012201A9200000F0F3
:10C800001CFD002801D0FDF7EFFD01208DF8000090
:10C8100001208DF8010001208DF8020000208DF824
:10C82000030001226946200000F0B5FD002801D078
:10C83000FDF7DAFD00208DF8180000208DF81900B2
:10C8400000208DF81A000020079000200990002099
:10C850000A9000200B9000200D9000200E900120E7
:10C860008DF83C004FF480701090012206A9200042
:10C8700000F020FE002801D0FDF7B6FD12B010BD7B
:10C8800010B598B00400602200216846FDF7AEFDA7
:10C8900020681049884219D15FF4003000904FF4AD
:10C8A000007017906846FDF7ABFD002801D0FDF73A
:10C8B0009BFD0948016851F40041016000220021FC
:10C8C0002920FEF7B2FA2920FEF7C4FA18B010BDED
:10C8D0002C280020002800409010024010B50400D1
:10C8E00001F0F1F8012010BD38B50400DFF85C1448
:10C8F000087800280ED101200870DFF854048088E1
:10C90000DFF8501408802100C9B2DFF84C04F9F7B1
:10C9100046FB22E0DFF83C04DFF83454AA880388A1
:10C920009A4212D100200870AA8829680220F5F7DF
:10C9300015FD93A10220F5F727FD0121280001F044
:10C9400067F92800F5F7ECFC07E0A98801802100D1
:10C95000C9B2DFF80404F9F722FB012032BD10B59B
:10C960000400FEF7F6FA012010BD10B50400DFF850
:10C97000EC130320F5F716FD0421DFF8DC03F9F7CB
:10C980000EFB012010BD01000120704701000120B5
:10C99000704701000120704780B500F0B1FF01F041
:10C9A00025FA01BD1CB500F03BF801F0ACFAF7F731
:10C9B000E9FDF5F77BFDF7F7E5FDDFF8A44300207F
:10C9C00000900FF2291300225FF0FF31200000F0E9
:10C9D000A1FFDFF89013200001F058F8200000F0CC
:10C9E000BFFF13BDF8B50024FFF7D6FFFFF7DAFF4E
:10C9F00000F096F8012803D14FF4FA60FAF7D6FA5E
:10CA0000002500F01DF806002E4301F087FA07000C
:10CA10003743F7F7DBFD38430400F5F7DDFDEFE7BB
:10CA200080B500F099F800F09BF80FF2B500DFF840
:10CA3000381308600FF2D100DFF83013086001BD31
:10CA400070B50020002400252800C0B207283ADA7B
:10CA5000C14E2800C0B2000130444078012830D1D6
:10CA60002800C0B2042801D0012004002800C0B270
:10CA700000013044406800280ED0F9F733F929004E
:10CA8000C9B2090131444968401A2900C9B20901F3
:10CA900031448968884214D300202900C9B20901B1
:10CAA00031444870F9F71EF92900C9B2090131442F
:10CAB00048602800C0B22900C9B209013144C968E0
:10CAC00088476D1CC0E7A44A92F84100002803D1B2
:10CAD00004211000F9F763FA2000C0B270BD000015
:10CAE00080B500219C48F9F74BFA01BD10B5040050
:10CAF0009F490320F5F748FC05219748F9F740FACC
:10CB000000F001F810BD704738B504000D004FF477
:10CB10007A732A0092B221009648FAF798FA31BD4A
:10CB200038B500250024FEF719FF0100880110D454
:10CB3000C8000ED488000CD448000AD4002908D4B8
:10CB4000480102D50120040003E0080101D50120BD
:10CB500004002000C0B232BD80B5FAF71FF801BD55
:10CB600080B5012284498348FAF7D7FA00220121CF
:10CB70004620FEF75AF94620FEF76CF901BD000089
:10CB80000D0A000070472DE9F04104000025002146
:10CB90007A4A16887A4FF869002823D16C4882882F
:10CBA00012FA84F2B2F5966F01D3002282805FF010
:10CBB00000084146220089B292B291420ED2016829
:10CBC00082881144424692B26E4BC4461FFA8CFCD6
:10CBD00013F80C308B5418F10108EAE781886118CA
:10CBE000818077E03000230080B29BB2984229D246
:10CBF000A01B05005648838813FA85F3B3F5966F9A
:10CC000001D3002383805FF0000841462B0089B2E6
:10CC10009BB2994212D201688388194443469BB261
:10CC2000DFF860C1C6461FFA8EFE1EFA86FE1CF8AB
:10CC30000EC001F803C018F10108E6E78188691801
:10CC4000818046E0D6F164000500414B988810FAD7
:10CC500084F010FA85F0B0F5966F01D3002098802B
:10CC600000200100AC4689B21FFA8CFC614513D24A
:10CC70001968B3F804C0614484461FFA8CFCDFF8DD
:10CC800004E180461FFA88F818FA86F81EF808E0D2
:10CC900001F80CE0401CE4E75FF00008404621008A
:10CCA00080B289B2884210D21868998808444146F7
:10CCB00089B2DFF8D0C0C6461FFA8EFE1CF80EC03F
:10CCC00000F801C018F10108E8E79988281941180F
:10CCD00099801480F86900280AD1642229492548DE
:10CCE000FEF772F93868006830F0040039680860AF
:10CCF00001211948F9F744F9BDE8F0810100224803
:10CD000001600020704780B52048016851F48041DF
:10CD10000160016831F4804101601648FAF7A8F813
:10CD2000002002BD38B504000D00104A106800282C
:10CD300004D0290089B220001268904700201249CF
:10CD400009688847002032BD0000000058290020F3
:10CD5000D40500204A2900205C050020D0F80008F6
:10CD60009C28002080A903002C2900203C290020B9
:10CD700098F800082C21002057290020482900207D
:10CD8000D82600202826002020290020401002401C
:10CD9000DFF88000006810F4C06070470200B2F550
:10CDA000007F26D1DFF86C00036813F4C063B3F58D
:10CDB000007F2CD0036833F4C06353F40073036026
:10CDC000DFF85400036832204343DFF85000B3FB20
:10CDD000F0F0401C0100DFF8480003685B0503D554
:10CDE000002901D0491EF6E7006840050FD5032051
:10CDF0000EE0DFF82000036813F4C063B3F5806F22
:10CE000005D0036833F4C06353F4806303600020EB
:10CE100070470000007000405805002040420F009D
:10CE20001470004080B5012217491848FAF775F9C7
:10CE3000002201212520FDF7F8FF2520FEF70AF842
:10CE400001BD704738B504000D480F490A780368E2
:10CE500085885A558288521C8280828840F2FF134E
:10CE60009A4201D30022828001220848FAF755F93C
:10CE700001200449087002210548F9F790F831BDF6
:10CE8000340C00206129002060290020B4210020FA
:10CE90003C0700202DE9F84785B005000E0014007E
:10CEA0001F000020ADF802005FF0000ADFF80C223E
:10CEB000107AA84202D27FF0040055E0D0683040DA
:10CEC000B04202D07FF005004EE05068002806D046
:10CED000002C04D00DF1020101A8526890470DF119
:10CEE000380843463A004FF40071DFF8DC0101F0E6
:10CEF00020F9814600F0CFF86946BDF8020010EB3A
:10CF0000090080B200F076F810F1010F28D05FF030
:10CF1000000A5046BDF8021080B2884210D201A823
:10CF2000514689B2405CDFF89811BDF80020885462
:10CF3000BDF80000401CADF800001AF1010AE8E756
:10CF400043463A004FF40071DFF87401BDF800C0A9
:10CF5000604401F0EEF800F0A3F800F008F803E0F8
:10CF600000F09EF87FF0020006B0BDE8F08770B5D3
:10CF70000024002500F099F8002837D100F08BF844
:10CF80004E4E308A718A88422ED0B07801280ED158
:10CF90003188308A091AB1820220B07000203080B6
:10CFA000B08A002803D10020B07000203082B07811
:10CFB00000280CD1308A718A884204D2718A308A62
:10CFC000091AB18203E0308AD0F58060B0823C4813
:10CFD000318A0844050000F079F8B18A2800394AFE
:10CFE00092689047040001E000F05AF8200040B237
:10CFF00070BD000070B402005FF0FF302F4B5C8A00
:10D000001D8AAC4216D15C8AD4F5806415002600D6
:10D01000ADB2B6B2B5422BD315001E8AADB2B54241
:10D0200026D201259D705D8A1D801D8A2C00002559
:10D030005D821DE01C8A5D8AAC4216D25C8AD4F502
:10D04000806415002600ADB2B6B2B54210D315000B
:10D050001E8AADB2B5420BD201259D705D8A1D803E
:10D060001D8A2C0000255D8202E01D8A5C8A2C1B33
:10D0700015002600ADB2B6B2B54209D25D8A0D8068
:10D080005D8A15FA82F5AD05AD0D5D8200231800AD
:10D0900000B270BC70470948C18A491CC182704700
:10D0A0000648C18A491EC18270470448C08A0028C8
:10D0B00001D1002000E001207047000084280020FA
:10D0C00034150020ECFC00083419002070470000E3
:10D0D00038B5040000251349087800281DD04FF406
:10D0E0007A700978B0FBF1F00F490968B1FBF0F0F4
:10D0F000FDF7BEFE00280DD1102C08D20022210021
:10D100005FF0FF30FDF791FE0848046007E0012062
:10D11000050004E00120050001E0012005002800D1
:10D12000C0B232BD7F0C002058050020340500201D
:10D13000012001F0EFB8000081B00B48016851F008
:10D1400001010160006810F001000090009807489C
:10D15000016851F080510160006810F0805000902B
:10D16000009801B0704700BF6010024058100240A4
:10D1700070B504000125002C5CD094F82100002833
:10D1800005D1002084F820002000FFF779FB022061
:10D1900084F821002068C068C00642D4CA202168F3
:10D1A0004862532021684862200000F02AFB0600F4
:10D1B0003000C0B200281AD120688168DFF8E80684
:10D1C00001402068816020688168626820690243AC
:10D1D000A0690243114320688160E068216808610A
:10D1E00020680069A16850EA0140216808612000B8
:10D1F00000F02DFB05002800C0B200280DD12068EA
:10D20000C06C800880002168C8642068C16CE26935
:10D210006069024311432068C164FF2021684862AD
:10D2200001E0002005002800C0B2002802D1012042
:10D2300084F821002800C0B270BD2DE9F047050038
:10D240000E00140095F82000012801D102206DE0A5
:10D25000012085F82000022085F82100CA202968D5
:10D260004862532029684862280000F0CAFA8046C4
:10D270004046C0B200284AD1002C20D128688068DE
:10D28000400601D40020F070307800F01FFB824689
:10D29000707800F01BFB8146B07800F017FB5FFA56
:10D2A0008AFA5FFA89F95FEA092959EA0A49C0B29C
:10D2B00050EA0909F07859EA80594F4610E0286889
:10D2C0008068400601D40020F0703078717809023F
:10D2D00051EA0041B0780143F07851EA80510F00E3
:10D2E000DFF8C8053840296808602868806830F48D
:10D2F00080202968886028688168F2683069024364
:10D30000114328688160280000F0A1FA8046FF20C0
:10D31000296848624046C0B2002802D1012085F841
:10D320002100002085F820004046C0B2BDE8F0870B
:10D33000F8B505000E0014002868806A706028683F
:10D3400000694004400CB06028680768DFF85C059D
:10D3500007403800000C10F03F0030703800000A21
:10D3600010F07F00707017F07F00B0703800800DF3
:10D3700010F00100F070002C0BD1307800F0B4FAFE
:10D380003070707800F0B0FA7070B07800F0ACFADD
:10D39000B0700020F2BD2DE9F04105000E00140030
:10D3A00095F82000012801D1022058E0012085F8DD
:10D3B0002000022085F82100002C07D17078C006DB
:10D3C00004D5707810F0EF000A307070002C16D180
:10D3D000F07800F07BFA8046707800F077FA07006A
:10D3E000B07800F073FA5FFA88F8FFB23F0257EAAC
:10D3F0000847C0B20743307857EA403709E0F07871
:10D4000077783F0257EA0047B0780743307857EA09
:10D410004037CA202968486253202968486228009A
:10D4200000F0EFF980464046C0B2002808D1DFF88E
:10D430008004384029684860280000F008FA8046D7
:10D44000FF20296848624046C0B2002802D101206E
:10D4500085F82100002085F820004046C0B2BDE8D4
:10D46000F081F8B505000E00140028684768DFF861
:10D47000400407403800000CF0703800000A10F03B
:10D480001F00707017F03F00B0703800400B10F0B4
:10D4900007003070002C0BD1F07800F025FAF07006
:10D4A000707800F021FA7070B07800F01DFAB0705A
:10D4B0000020F2BD2DE9F84305000E00140095F898
:10D4C0002000012801D10220E5E0012085F820009C
:10D4D000022085F82100002C2DD1286880684006A4
:10D4E00001D40020F070306A0028FFD0307800F0BE
:10D4F000EDF98046707800F0E9F90700B07800F0A7
:10D50000E5F9814696F8240000F0E0F95FFA88F822
:10D51000FFB23F0257EA08475FFA89F959EA07075D
:10D52000F17857EA8157C0B257EA0067306A07437B
:10D530007069074317E028688068400601D400201E
:10D54000F070307877783F0257EA0047B0780743A9
:10D55000F07857EA805796F8240057EA0067306A57
:10D56000074370690743D6F80480F06950EA080859
:10D57000CA2029684862532029684862B06AB0F519
:10D58000807F39D12868806830F48070296888608D
:10D590002868C06810F0800070F4C0702968C86006
:10D5A000F8F7A0FB81462868C068C00712D4F8F7D6
:10D5B00099FBB0EB090040F2E9318842F3D3FF2038
:10D5C00029684862032085F82100002085F82000A2
:10D5D000032060E02868C7612868C0F84480286894
:10D5E000806850F48070296888602868806850F4EA
:10D5F00080502968886038E02868806830F40070BE
:10D60000296888602868C06810F0800070F4207075
:10D610002968C860F8F766FB81462868C0688007FB
:10D6200012D4F8F75FFBB0EB090040F2E931884211
:10D63000F3D3FF2029684862032085F821000020E9
:10D6400085F82000032026E0286807622868C0F8D3
:10D6500048802868806850F40070296888602868CD
:10D66000806850F4005029688860DFF8480201683B
:10D6700051F480210160DFF84002016851F48021FB
:10D680000160FF2029684862012085F82100002000
:10D6900085F820000020BDE8F28370B504000D007D
:10D6A00094F82000012801D1022062E0012084F8D2
:10D6B0002000022084F82100CA20216848625320FB
:10D6C00021684862B5F5807F24D12068806830F4F5
:10D6D0008070216888602068806830F480502168FC
:10D6E0008860F8F7FFFA06002068C068C00736D4E3
:10D6F000F8F7F8FA801B40F2E9318842F4D3FF20B2
:10D7000021684862032084F82100002084F820006A
:10D7100003202EE02068806830F400702168886063
:10D720002068806830F4005021688860F8F7DAFAE1
:10D7300006002068C068800711D4F8F7D3FA801B70
:10D7400040F2E9318842F4D3FF2021684862032087
:10D7500084F82100002084F82000032009E0FF2045
:10D7600021684862012084F82100002084F820000C
:10D77000002070BD10B504005FF480204F490860A0
:10D7800020688068C0040ED52068C068C0050AD52E
:10D790002068C06810F0800070F4C0702168C86014
:10D7A000200000F049FE2068806880040ED52068C3
:10D7B000C06880050AD52068C06810F0800070F449
:10D7C00020702168C860200000F082FF012084F8EA
:10D7D000210010BD38B5040039482168C860F8F749
:10D7E00081FA05002068C068800608D4F8F77AFA44
:10D7F000401B40F2E9318842F4D3032000E00020CE
:10D8000032BD70B5040000262068C06840061BD4F5
:10D810005FF0FF302168C860F8F764FA05002068FF
:10D82000C068400610D43000C0B203280CD0F8F70E
:10D8300059FA401B40F2E9318842F0D30320060038
:10D84000032084F82100EAE73000C0B270BD70B553
:10D85000040000251B48016831F0800101601A4E68
:10D86000306880060AD42000FFF7B4FF002817D0E4
:10D87000032084F821000320050011E0306830F017
:10D88000200030602000FFF7A5FF002804D003200F
:10D8900084F8210003200500306850F0200030603B
:10D8A0002800C0B270BD0000BFFF8FFF7F7F7F00E8
:10D8B0003FFFFF0000040140080401401404014040
:10D8C0005FFF03000C2800400828004001000022F0
:10D8D00008000300DBB20A2B02D3521C0A38F8E717
:10D8E00050EA0210C0B270470100C9B209090A2209
:10D8F00011FB02F110F00F004018C0B27047000099
:10D9000080B50020DFF800130860DFF8000300682E
:10D91000804702BD2DE9F04104000D0016001F00F4
:10D92000DDF81880002C18D03800002815D0002011
:10D9300020602800DFF8D412496A88476060002020
:10D940002072002060720020A072E760C4F810808E
:10D95000E67200206061002000E00120BDE8F08157
:10D960002DE9F04704005FF00008002C3BD02000B8
:10D9700000F002F9002836D1607A002833D16068BF
:10D980000700DFF88892D9F8200080470600B742E8
:10D9900000D2370027600020207201206072002032
:10D9A000A072DFF864A2DAF80000002806D1D9F8E6
:10D9B00010008047200000F019F916E0D9F818008F
:10D9C000804705002068281820602068DAF80010D9
:10D9D0000968884203D2200000F008F905E0200021
:10D9E00000F0EDF801E0012080464046C0B2BDE8FD
:10D9F000F0872DE9F04105000026002D40D0DFF82A
:10DA00000882D8F80070D8F800400120A872D8F831
:10DA10000000002836D000206872D8F80000A84224
:10DA20001AD10020D8F800100872D8F80000406918
:10DA3000002809D0D8F800004069C8F80000D8F8DC
:10DA4000000000F0A6F818E0DFF8C001C0688047C9
:10DA50000020C8F8000010E0002C0ED0AC4209D124
:10DA60006069002802D064697C6102E00020040043
:10DA70007C6102E027006469EEE70020060001E017
:10DA8000012006003000C0B2BDE8F08170B504008E
:10DA90000D000026002C02D10120060010E0280015
:10DAA0005A49496A88476060200000F065F80028FC
:10DAB00006D02000FFF79DFF2000FFF751FF060072
:10DAC0003000C0B270BD2DE9F843504D6869804701
:10DAD0000600286980470700B7EB0608DFF82891A1
:10DAE000D9F8000000280FD0D9F800000400206801
:10DAF000804504D22068B0EB0800206001E00020DF
:10DB000020606469002CF2D1D9F80000002824D0EC
:10DB1000D9F800000068002806D0A8698047D9F825
:10DB200000100968814218D2D9F800000400D9F821
:10DB300000004069C9F800000020207200206072D7
:10DB40002069E1688847E07A0128DDD1A07A0028C1
:10DB5000DAD12000FFF704FFD6E7D9F8000000284B
:10DB600008D0D9F80000007A002803D1D9F80000C5
:10DB700000F00FF8BDE8F183020023480168002996
:10DB800005D0914201D1012002E04969F7E7002068
:10DB9000704770B504001D4D286A804706000120BB
:10DBA0002072A869804721683018814203D2A86991
:10DBB0008047301820602068A968884770BD10B47D
:10DBC00011490A6809684B695169002909D0196827
:10DBD0000468A14202D21A005B69F5E75061436113
:10DBE00002E050610021416110BC704738B505006A
:10DBF00005480468002C01D0002121726C61056089
:10DC00000068FFF7C6FF31BD302900205CF700082F
:10DC10002DE9FC4704000D005FF0FF3600226E4B3B
:10DC2000D3E90001CDE900015FF000094846A18871
:10DC300080B2884224D22068494689B2405C3D289F
:10DC400005D02068494689B2405C3F2800D117E0E2
:10DC50002068494689B2405C41280EDB206849466D
:10DC600089B2405C5B2808DA2068494689B2405C8A
:10DC7000203021684A4692B2885419F10109D5E74B
:10DC800000273800C0B2412880F2A280DFF84C8122
:10DC900021003800C0B200014044083000F019FDF6
:10DCA0000600002E00F192803800C0B2000140440E
:10DCB0004068002800F08A803800C0B2000140446B
:10DCC0004068002808D14FF47A73A28821004448A4
:10DCD000F9F7BDF901207CE0DFF808A15046F4F720
:10DCE0001FFB0020010089B2A288921B914223DA17
:10DCF00021683144020092B2895C3F290AD0216830
:10DD00003144020092B2895C3D2903D0BAF8041074
:10DD1000802900DB10E021683144020092B2895C66
:10DD2000DAF80020BAF80430D154BAF80410491CCB
:10DD3000AAF80410401CD5E73900C9B209014144D2
:10DD4000898916FA81F6B1464846A18880B2884290
:10DD500026D22068494689B2405C0D280CD148463D
:10DD600080B2A188491E884206DA2068494689B2F5
:10DD7000084440780A2813D0BDF8040080280CD24B
:10DD80002068494689B2405C0099BDF80420885457
:10DD9000BDF80400401CADF8040019F10109D3E7F7
:10DDA000114805702800C0B2401E012802D9801E0B
:10DDB00009D009E0002168463A00D2B2120142447B
:10DDC0005268904700E0FFE7012002E07F1C58E71F
:10DDD0000020BDE8F68700BF40FF00081C080020B7
:10DDE0002C210020140800205D29002010B586B0E9
:10DDF000DFF84840002201A92000FFF799FA00222D
:10DE000069462000FFF72DFBDFF834009DF806106F
:10DE100081709DF8051041709DF8041001709DF807
:10DE20000010C1709DF8021001719DF80110417140
:10DE30009DF80310817106B010BD00002C28002051
:10DE4000EC28002010B50400012210215448F4F7FA
:10DE5000FEF9012010BD70B50400524D524E3078CD
:10DE60006978884207D05148697850F8210000F05D
:10DE70002BF8687830702100C9B24D48F8F78FF858
:10DE8000012070BD10B504004A48C078012802D1B5
:10DE90004948F7F7F0FA03214548F8F780F8464873
:10DEA000F4F73EFA012010BD10B504003F483D498B
:10DEB000497850F8210000F007F82100C9B23C4829
:10DEC000F8F76DF8012010BD10B504003B483C493F
:10DED00001604460002181600021C1600021016176
:10DEE0000C214161002181610021C1610021016299
:10DEF00000214162F9F76EF8002801D0FCF774FAAE
:10DF0000FEF790FF10BD80B5F7F79DFA2748254929
:10DF1000497850F82100FFF7D7FF01BD70B5002008
:10DF2000002400252800C0B2042836DA204E28003C
:10DF3000C0B200013044407801282CD101200400F7
:10DF40002800C0B200013044406800280ED0F7F726
:10DF5000C9FE2900C9B2090131444968401A2900A3
:10DF6000C9B2090131448968884214D300202900CC
:10DF7000C9B2090131444870F7F7B4FE2900C9B2AB
:10DF80000901314448602800C0B22900C9B2090122
:10DF90003144C96888476D1CC4E72000C0B270BD19
:10DFA000000400487C0C00205929002008070020AC
:10DFB0003C07002028290020340C0020B421002038
:10DFC00000380140020000201168097830290CDB7C
:10DFD000116809783A2908DA11684B1C13600A2382
:10DFE000097803FB00103038EEE770472DE9F04F59
:10DFF00091B00400DDF868801B9D1C9EDFF80803CB
:10E000000768700603D5DFF8040300680700022BD9
:10E0100001DB252B01DB002088E0F00702D55FF053
:10E02000300C01E05FF0200C5FF0000EB00706D569
:10E03000002A04D52D2086465242B8F101085FF02F
:10E040000009002A06D13020EA460AF8090019F131
:10E05000010910E0002A0ED010009A46B0FBFAFB2E
:10E060000AFB1B00385CEA460AF8090019F10109AD
:10E07000B2FBF3F2EEE74D4500DA4D46B8EB05088A
:10E08000F0070DD44046B0F10108012808DB20203C
:10E090002070641C491E002901D1200046E0F1E7F0
:10E0A0007046C0B2002807D084F800E0641C491E06
:10E0B000002901D1200039E04046B0F101080128D3
:10E0C00008DB84F800C0641C491E002901D120002F
:10E0D0002CE0F1E72800451E814508DA3020207049
:10E0E000641C491E002901D120001FE0F2E74846C8
:10E0F000B0F1010901280ADB684610F80900207018
:10E10000641C491E002901D120000FE0EFE74046C2
:10E11000B0F10108012808DB20202070641C491E92
:10E12000002901D1200001E0F1E7200011B0BDE895
:10E13000F08F2DE9F74F88B005001E0009980128DF
:10E1400001DA0020DDE0AA460A980078002806D10E
:10E15000BAEB05000999491E8842C0F2CC80BAEB9F
:10E1600005000999491E884280F2C5800A98007806
:10E17000252806D00A9800788AF800001AF1010ACA
:10E18000B5E0002080460A98401C0A900A98007862
:10E19000302801D158F001085FF0FF3BD9460A98BA
:10E1A0000078302807DB0A9800783A2803DA0AA8B2
:10E1B000FFF708FF8146CDF81CB0CDF818B00A2053
:10E1C00005900A980078582843D063280AD064281C
:10E1D00044D0692842D0732816D0752840D07828BA
:10E1E00039D03EE0B9F10109B9F1010F05DB20207A
:10E1F0008AF800001AF1010AF4E73068361D8AF83F
:10E2000000001AF1010A72E03068361D0400002C8B
:10E2100001D13F4804002000F7F708FB049048466E
:10E22000B0F101090499814205DA20208AF8000042
:10E230001AF1010AF3E7002007000498874207DA81
:10E2400020788AF80000641C1AF1010A7F1CF4E7A8
:10E250004DE058F040081020059026E058F00208E4
:10E2600023E00A980078252804D025208AF80000A9
:10E270001AF1010ABAEB05000999491E884214DA1D
:10E280000A980078002806D00A9800788AF80000DA
:10E290001AF1010A02E00A98401E0A90BAEB050042
:10E2A0000999491E884200DA21E006986C2803D1BA
:10E2B0003068361D039009E05FEA887003D5306846
:10E2C000361D039002E03068361D0390CDF80880BB
:10E2D00007980190CDF80090059B039A0999491E73
:10E2E000BAEB0500091A5046FFF780FE82460A98ED
:10E2F000401C0A9028E700208AF80000BAEB0505C8
:10E3000028000BB0BDE8F08F3C0C0020400C002032
:10E3100048FF000880B5AFF30080024A11001820C2
:10E32000ABBEFBE72600020080B5DFF87003DFF824
:10E3300070130160002141601F21816040F2FF31B4
:10E34000C160002101610021416100218161002142
:10E35000C161FEF70DFF002801D0FCF745F801BDB3
:10E3600038B5DFF84043207800280FD1FFF7DCFFF5
:10E37000DFF828534FF480712800FFF78EF928004A
:10E3800000F09AFA00F01CF801202070002032BD45
:10E3900010B50400200000F055F8002010BD80B535
:10E3A000DFF8F8020168C96811F0800171F4C071EA
:10E3B0000268D1604FF48071FFF76FF9002002BD51
:10E3C00010B5DFF8E442211D14F1180000F01DF92A
:10E3D0002060206810BDDFF8D0020068704780B56B
:10E3E00086B001A9684600F010F9AF490968401AE3
:10E3F00007B000BD10B586B00024AA4800780128F7
:10E4000004D101A9684600F000F90400200006B01C
:10E4100010BD0320704700B58021A1FB00017D22C3
:10E420000023F9F7C9FE00BD7D21A1FB0001C00951
:10E4300040EA4160C909704710B504009B48006874
:10E44000804710BD2DE9F04F99B004004021002213
:10E4500009AD2800F7F7FEFE5FF000085FF0000A44
:10E46000002600275FF0000B8F4D04A8291D142201
:10E47000F9F75EFEA8690390FFF791FF40F2FF30C5
:10E48000059D451B20008005800D4519A40A9DF8B7
:10E490000E908748844204D38648041919F1010973
:10E4A000F7E79DF81080B4F5616F04D3B4F56164AB
:10E4B00018F10108F7E79DF811703C2C02D33C3CA1
:10E4C0007F1CFAE79DF81200210051FA80F628001F
:10E4D00080B2B0F5806F03DBB5F58065761CF6E79A
:10E4E000300080B23C2802D33C3E7F1CF8E7380065
:10E4F00080B23C2803D33C3F18F10108F7E74046BF
:10E5000080B2182804D3B8F1180819F10109F6E708
:10E510009DF80F00042190FBF1F201FB120000288E
:10E5200017D165499DF80D00084410F8010C4A46C2
:10E5300080B292B2904223D21FFA89F948469DF8E0
:10E540000D20114411F8011C90FBF1F901FB190990
:10E5500016E05A499DF80D00084410F8010C4A468F
:10E5600080B292B290420BD21FFA89F948469DF8C8
:10E570000D20114411F8011C90FBF1F901FB190960
:10E58000DFF83CA140F2FF31280080B2091ACAF836
:10E5900004105FF02060CAF81C008AF802608AF854
:10E5A00001708AF800808AF824909DF813008AF898
:10E5B00003000020CAF820005FF00040CAF81400F1
:10E5C0004FF48070CAF828000020CAF80C00002020
:10E5D000CAF81000002251463048FEF76BFF0028B1
:10E5E00010D0DAF8040002909AF8020001909AF82C
:10E5F000010000909AF800309AF82420314909A8C7
:10E60000F7F7F8FA19B0BDE8F08FF8B504000D007F
:10E610000026224F002221003800FEF722FF0022B0
:10E6200029003800FEF784FEE17840F2B5504143FE
:10E63000C91C8908E078042290FBF2F302FB130066
:10E64000002801D1204A00E0204A63783D2043435E
:10E650003C3B022093FBF0F041186078401EC0B2B2
:10E6600040001300C34013F00303C91AA078401EF2
:10E6700041180F484143AB786E783C204643F3186D
:10E680002E784FF4616000FB06335918890201F2BD
:10E69000FF316868091A0800F2BD00002C2800202C
:10E6A0000028004062290020502800202C2900204A
:10E6B0008051010080AEFEFF60FE000854FE00089D
:10E6C000B027002044F8000850554400A0AA990043
:10E6D00070472DE9FE4F04000D00002000260027A2
:10E6E0000021ADF804105FF001085FF000095FF051
:10E6F000000A21680978212901D101218A465FF0A9
:10E70000000B584600B2A988884272DA2068514648
:10E71000C9B2405C29685A4612B2895C884265D108
:10E72000012080465046C0B2401C060000208146B1
:10E730000020ADF80400300000B2A18888424ADA17
:10E740002068310009B2405C7C281ED1BDF904006C
:10E75000002804D10120814616EB0B00070001A818
:10E7600000903B001BB22A002100701C00B200F098
:10E7700059F880464046C0B2012806D15146C9B278
:10E78000584600B200F03DF839E04846C0B20028D3
:10E790000FD12068310009B2405C29685A4612B294
:10E7A0001144320012B2895C884202D000208046B7
:10E7B00011E04846C0B2002801D1761CBBE730000A
:10E7C000BDF9041000B2884203DABDF90400060066
:10E7D000B1E7761CAFE74046C0B2012806D15146EA
:10E7E000C9B2584600B200F00CF808E01BF1010B6A
:10E7F00087E75146C9B25FF0FF3000F002F8BDE88C
:10E80000FE8F02000800C0B2002802D1100000B242
:10E8100007E0100000B2002802D45FF0FF3000E0F3
:10E8200000207047F0B50400059D01200026370048
:10E830003FB207FA84F7B1F804C067453ADA0F68C7
:10E84000A4460FFA8CFC6744B4460FFA8CFC17F808
:10E850000C707C2F03D137192F8000B22BE09788E2
:10E86000B4460FFA8CFC0CFA83FC674506DAB2F961
:10E8700004707F1C2F805FF0FF3738000F68A446BC
:10E880000FFA8CFC6744B4460FFA8CFC17F80C7036
:10E89000D2F800C09E460FFA8EFEF444B6460FFA38
:10E8A0008EFE1CF80EC0674502D05FF0FF373800BF
:10E8B000761CBCE700B2F0BD010091F820000128F1
:10E8C00001D102201BE0012081F82000022081F804
:10E8D0002100CA200A68506253200A685062086802
:10E8E000806850F020000A689060FF200A6850623B
:10E8F000012081F82100002081F8200000207047CD
:10E90000494420536C6176653A2000000000000005
:10E9100000000000000000000000000000000000F7
:10E9200000000000000000000000000000000000E7
:10E930000000000000000000000000000000F0BF28
:10E9400000000000000000800000000000000080C7
:10E950000000000000000000000000C05294EEBF64
:10E9600000000048204E51BE000000F86467BCBCA7
:10E970000000000000000000000000208133EDBF17
:10E9800000000080B3DB14BE000000506706A3BC8B
:10E990000000000000000000000000D0E9DCEBBF38
:10E9A00000000008C39259BE00000080B0D3B8BC7C
:10E9B000000000000000000000000070F98FEABFB6
:10E9C000000000C0A51028BE000000E8BFC0B0BC19
:10E9D000000000000000000000000070284CE9BFAB
:10E9E00000000060134B42BE000000C03D20B8BCD8
:10E9F000000000000000000000000050FA10E8BF16
:10EA0000000000C05FF62BBE000000905C71A7BC48
:10EA1000000000000000000000000020FCDDE6BF58
:10EA2000000000C0F8F154BE00000018E9F6B9BCBF
:10EA30000000000000000000000000D0C3B2E5BFED
:10EA400000000070E43254BE00000050DB06B4BC8D
:10EA5000000000000000000000000010EF8EE4BF86
:10EA600000000020F36252BE000000C02A879ABC5A
:10EA70000000000000000000000000B02272E3BFB0
:10EA8000000000F0E8E056BE00000028352DBDBCB7
:10EA90000000000000000000000000000A5CE2BF6F
:10EAA000000000B0FA8E41BE00000040AE6FBDBC59
:10EAB000000000000000000000000000564CE1BF14
:10EAC000000000F015CD5FBE00000000141C90BCDB
:10EAD000000000000000000000000040BD42E0BF58
:10EAE00000000030F93457BE000000E06C1E93BCFB
:10EAF0000000000000000000000000E0F57DDEBF27
:10EB0000000000B08A535EBE00000080DA77AABC25
:10EB10000000000000000000000000C09D81DCBF7C
:10EB200000000000FFA226BE0000006057E2B0BC5B
:10EB3000000000000000000000000060F98FDABF54
:10EB4000000000580A8151BE000000F05F60B8BCB0
:10EB500000000000000000000000000098A8D8BFDE
:10EB6000000000607A7F45BE000000D05433A3BC93
:10EB70000000000000000000000000600FCBD6BFC6
:10EB8000000000D091CB40BE000000406D1BA0BC37
:10EB90000000000000000000000000A0FBF6D4BF51
:10EBA00000000098C5CE52BE000000003A397EBC7D
:10EBB0000000000000000000000000E0FE2BD3BFBA
:10EBC0000000004073872BBE00000000926879BCF3
:10EBD000000000000000000000000040C069D1BF3C
:10EBE00000000058F16353BE00000080438D7CBCE0
:10EBF000000000000000000000000080D85FCFBFD0
:10EC0000000000181F8354BE000000B03F42A2BCA9
:10EC100000000000000000000000008067FCCBBF87
:10EC200000000060FAFF53BE00000050E00DB8BCC9
:10EC300000000000000000000000000098A8C8BF0D
:10EC4000000000607A7F35BE000000C0543393BCE2
:10EC5000000000000000000000000000DC63C5BFF1
:10EC600000000058D6FF54BE00000000396490BC7C
:10EC70000000000000000000000000C0AD2DC2BF79
:10EC800000000080A45915BE000000E0484BABBC5A
:10EC90000000000000000000000000801A0BBEBF52
:10ECA00000000050BF3C5ABE000000A0B364B6BCD8
:10ECB00000000000000000000000008004D6B7BF84
:10ECC00000000040BBCF36BE0000008076CEA8BC5E
:10ECD00000000000000000000000008032BBB1BF57
:10ECE000000000402A0043BE00000028C60CBDBC46
:10ECF0000000000000000000000000009473A7BFA7
:10ED0000000000182B3B59BE000000C0E55DA5BC0B
:10ED1000000000000000000000000000EE4397BF6C
:10ED2000000000A0E6C340BE00000020958DB5BCE9
:10ED30000000000000000000000000000000008053
:10ED400000000000000000800000000000000080C3
:10ED500000000000000000000000000000000000B3
:10ED600000000000000000000000000000000000A3
:10ED70000000000000000000000000000000000093
:10ED80000000000000000000000000000000000083
:10ED90000000000000000000000000000000000073
:10EDA0000000000000000000000000000000000063
:10EDB0000000000000000000000000000000000053
:10EDC0000000000000000000000000000000000043
:10EDD0000000000000000000000000000000000033
:10EDE00000000000000000000000000000C0F0FC77
:10EDF000FFFEF8C00000000000000000000000005E
:10EE00000000000000000000000000000000000002
:10EE100000000000000000000000000000000000F2
:10EE200000000000000000000000000000000000E2
:10EE300000000000000000000000000000000000D2
:10EE400000000000000000000000000000000000C2
:10EE500000000000000000000000000000000000B2
:10EE6000000000000000000000C0F0FCFFFFFFFFFA
:10EE7000FFFFFFFFFFFCF0C00000000000000000EB
:10EE80000000000080C0C0C0C0E0F0F0F0F07038BA
:10EE90003C3C3C3C3F3F0F030000000000000000F2
:10EEA0000000000000000000000000000000000062
:10EEB0000000000000000000000000000000000052
:10EEC0000000000000000000000000000000000042
:10EED0000000000000000000000000000000000032
:10EEE0000000000000C0F0FCFFFFFFFFFF3F0F0F1E
:10EEF00003070F3FFFFFFFFFFFFC30383C3C1C0EB9
:10EF00008FCFC7C3C3C3E37371303030383C0C00BC
:10EF100000000070F8CCCC0C0C0000C0F03C0CFCE5
:10EF2000FC000000C0F01C0C0C8CFCF00000000089
:10EF300000000CFCFC0000C03C0C00C0FCFC0C0001
:10EF400000FCFCCCCCCCCC0C000C8CFCFC1C0C0CC9
:10EF50000C000000000000000000000000000000A5
:10EF600000C0F0FCFFFF7F3F0F07C3C040303018E8
:10EF7000CCCCC7C3033330100C8CCCC4C3C3E3F375
:10EF80003130303038380C00000000000000000044
:10EF900000000C0C0C0C0F03030C0F030303030FF6
:10EFA0000F000000030F0C0C0C0F03010000000009
:10EFB0000000000F0F0C030000000C0F0F000000FA
:10EFC0000F0F0F0C0C0C000000000F0F00000000D2
:10EFD00000000000000000000000000000C0F0FC85
:10EFE0003F3F0F0703000C00C3C13030CCCC0333CC
:10EFF0003300000C0C0003030300000001030F0F9B
:10F000003C78C0000000000000000000000000008C
:10F0100000000000000000000000000000000000F0
:10F0200000000000000000000000000000000000E0
:10F0300000000000000000000000000000000000D0
:10F0400000000000000000000000000000000000C0
:10F0500000000000000000000000C0300F030300AB
:10F06000000000000000000000000003000000009D
:10F070000000000000000000000000000000000090
:10F08000000000030C30C000000000000000000081
:10F090000000000000000000000000000000000070
:10F0A0000000000000000000000000000000000060
:10F0B0000000000000000000000000000000000050
:10F0C0000000000000000000000000000000000040
:10F0D0000000000000000000000000000000000030
:10F0E0000000000000000000000000000000000020
:10F0F0000000000000000000000000000000000010
:10F1000000000000000000000000000000000000FF
:10F1100000000000000000000000000000000000EF
:10F1200000000000000000000000000000000000DF
:10F1300000000000000000000000000000000000CF
:10F1400000000000000000000000000000000000BF
:10F1500000000000000000000600000000000000A9
:10F16000000F00000F00000F00000F000000000063
:10F17000000000000000000000000000000000008F
:10F180000000000000000700001E00E01F00FF1F3D
:10F19000F8FF03FF1F00FF01000F00000000000048
:10F1A000000000000000000000000000000000005F
:10F1B000000000000E000000C07F00F8FF01FCFF0F
:10F1C00007FCFF073E800F0E000E0E000E0E000E15
:10F1D0001E800FFCFF07FCFF07F8FF01C07F000047
:10F1E00000000E00000070000E38000E38000E1CEB
:10F1F000000E0E000EFEFF0FFEFF0FFEFF0FFEFFC4
:10F200000F00000E00000E00000E00000E000000B7
:10F210000E00000060000F78800F7CC00F7CE00FB4
:10F220001EF00F0EF80E0E7C0E0E3E0E1E1F0EFE72
:10F230000F0EFC070EF8030EF0010E0000000E008A
:10F2400000003080013880033C80073C800F1E00A6
:10F250000F0E0E0E0E0E0E0E0E0E1E1F0FFEFF0FC9
:10F26000FCFB07FCF903F0E0010000000F000000C8
:10F2700000F00000F80000FE0080EF00C0E700F0A2
:10F28000E1007CE0003EE000FEFF0FFEFF0FFEFF0E
:10F290000FFEFF0F00E00000E0000E000000008005
:10F2A00001F88703FE8707FE870FFE070F0E030E88
:10F2B0008E030E8E030E8E070F8EFF070EFF070EB6
:10F2C000FE0300FC000000000E000000C07F00F004
:10F2D000FF01F8FF07FCFF073E0E0F0E070E0E079B
:10F2E0000E0E070E1E0F0F3EFF0F3CFE0738FE03EB
:10F2F00030F8010000000E0000000E00000E0000BB
:10F300000E00000E000F0EE00F0EF80F0EFE0F8E17
:10F31000FF00CE0F00FE0300FE00003E00001E00B6
:10F32000000000000E000000F0E001F8FB03FCFB11
:10F3300007FEFF0F1E1F0F0E0E0E0E0E0E0E0E0EF0
:10F340001E1F0FFEFF0FFCFB07FCFB03F0E001009C
:10F3500000000E000000F08301F88703FC8F07FE19
:10F360009F0F1E1E0F0E1C0E0E1C0E0E1C0E1E8E50
:10F370000FFCFF07FCFF03F8FF01C07F0000000047
:10F38000000000000000005F0000000700070014FC
:10F390007F147F14242A7F2A1223130864623649BB
:10F3A0005522500005030000001C224100004122AC
:10F3B0001C00082A1C2A0808083E080800503000D3
:10F3C0000008080808080060600000201008040217
:10F3D0003E5149453E00427F40004261514946212D
:10F3E00041454B311814127F1027454545393C4A99
:10F3F00049493001710905033649494936064949E9
:10F40000291E00363600000056360000000814227F
:10F410004114141414144122140800020151090665
:10F42000324979413E7E1111117E7F494949363E6C
:10F43000414141227F4141221C7F494949417F0985
:10F440000901013E414151327F0808087F00417F98
:10F4500041002040413F017F081422417F4040404D
:10F46000407F0204027F7F0408107F3E4141413EFD
:10F470007F090909063E4151215E7F091929464647
:10F480004949493101017F01013F4040403F1F2070
:10F4900040201F7F2018207F631408146303047822
:10F4A0000403615149454300007F414102040810B3
:10F4B0002041417F000004020102044040404040DE
:10F4C000000102040020545454787F4844443838E2
:10F4D00044444420384444487F3854545418087EE7
:10F4E000090102081454543C7F0804047800447D48
:10F4F00040002040443D00007F10284400417F40F0
:10F50000007C041804787C080404783844444438A7
:10F510007C14141408081414187C7C08040408488B
:10F5200054545420043F4440203C4040207C1C2044
:10F5300040201C3C4030403C44281028440C505093
:10F54000503C4464544C44000836410000007F00A5
:10F5500000004136080008082A1C08081C2A080870
:10F560006070787C7E1C362A361C303E3F3E300769
:10F57000087F09077C444444387C7C4444387C7CC4
:10F580007C44387C7C7C7C381E3276321E00000243
:10F5900005020000FEE7FEE7FEE7FEE7FEE7704734
:10F5A0007047704780B500F05FF824480168491C37
:10F5B000016023480168491C01600168C92918D30A
:10F5C000002101601F490878002802D1012008703D
:10F5D00001E0002008700878012805D101220121EE
:10F5E0001948F2F734FE04E0002201211648F2F730
:10F5F0002EFE01BD80B51548FBF7F5FA01BD80B5BB
:10F600001348FBF7F0FA01BD80B51248F7F7B4FDD7
:10F6100001BD80B51048F7F7AFFD01BD80B50F48BB
:10F62000FEF7A8F801BD80B50D48FBF7DCFA01BD77
:10F6300080B50C48F7F7A0FD01BD0000342900207B
:10F640001C290020562900200008004868270020B7
:10F6500020270020B42100203C2200202C2800205C
:10F66000D82600202C21002003480168034A127884
:10F6700089180160704700BF182900207F0C002006
:10F68000F0B40246106895681318506803EB5004F4
:10F69000C0071CD54D441AE013F8017B05F8017B27
:10F6A000491EF9D198B113F8011BC6F38106032E48
:10F6B00008BF13F8016B01EB06214942801C294465
:10F6C00005D011F8016B05F8016B401EF9D1A3427A
:10F6D0000ED013F8016B16F0030104BF13F8011BE1
:10F6E000C91C30090F28DBD113F8010B0F30D7E705
:10F6F000F0BC02F10C007047425220536C617665F9
:10F700003A2000000000000000000000000000009F
:10F7100000000000000000000000000000000000E9
:10F72000000000000000000000000000A0860100B2
:10F73000400D0300801A060000350C0040420F0007
:10F7400080841E0000093D0000127A000024F400AD
:10F7500000366E010048E801006CDC0261E300083D
:10F760000000000091E300089FE30008C1E30008E7
:10F77000D7E30008DFE30008F5E3000813E400081E
:10F7800017E4000829E400083031323334353637C5
:10F7900038396162636465666768696A6B6C6D6E4F
:10F7A0006F707172737475767778797A00000000E3
:10F7B00030313233343536373839414243444546A7
:10F7C0004748494A4B4C4D4E4F5051525354555651
:10F7D0005758595A0000000010B5074979441831AC
:10F7E000064C7C44163404E00A68081D114488471E
:10F7F0000146A142F8D110BD2C00000048000000D5
:10F800004EF68851CEF20001086840F4700008609E
:10F81000BFF34F8FBFF36F8F4FF00070E1EE100A10
:10F82000704700003F60FFFFE01C0000840C0020D8
:10F83000000000004DFEFFFF24080000CC0A00007D
:10F8400000000020616C61726D206661696C3A2075
:10F8500025642D25643A25643A25643A25640D0A09
:10F860000000000000F00DF8002801D0FFF7B4FF01
:10F87000AFF300800020AFF30080FAF756FD00F0F0
:10F8800002F80120704700F001B800000746384632
:10F89000FEF740FDFBE70000755F6170705F636F0E
:10F8A0006D6D3A2074782074696D65722063620D05
:10F8B0000A000000755F6170705F636F6D3A2075BC
:10F8C000617274202564206572726F72210D0A00C6
:10F8D000755F6170705F636F6D6D3A207365742042
:10F8E000727463210D0A000073616F766965746735
:10F8F000726F75702E636F6D2E766E00535654487E
:10F900005F53564D5F444C535F56315F315F31005A
:10F9100061742B72646C617374666F726C6F673D97
:10F920000000000061742B72646C617374666F7206
:10F930006F706572613D000061742B72646C61735D
:10F9400074666F726576656E743D000061742B722B
:10F95000646C617374666F726770733D00000000C1
:10F9600061742B726573746F7265736C6176653F39
:10F970000000000053565F454E56495F4C435F54AC
:10F9800044530000456E7465722050617373776F45
:10F9900072640000312E4D6F6462757320525455AD
:10F9A00000000000362E496E666F726D6174696FDB
:10F9B0006E000000534554204D4F44425553205291
:10F9C00054550000312E49442020202020203A2088
:10F9D00000000000322E42617564726174653A2045
:10F9E0000000000043414C49422053454E534F52C2
:10F9F0000000000052414E47452053455454494EA3
:10FA0000470000005375636365737366756C6C79AA
:10FA100021000000000000000000000001020304BB
:10FA200006070809526573746F7265204F4B210DEC
:10FA30000A00000061742B6D7174746D61696E3D14
:10FA40000000000061742B6D7174746D61696E3F0C
:10FA50000000000061742B6D7174746261636B75DA
:10FA6000703D000061742B6D7174746261636B751D
:10FA7000703F000061742B726573657470756C73F0
:10FA8000653F000061742B666C6F777468726573F4
:10FA9000683D000061742B666C6F777468726573E3
:10FAA000683F000061742B7175616E7468726573D4
:10FAB000683D000061742B7175616E7468726573C6
:10FAC000683F000061742B626174746872657368CA
:10FAD0003D00000061742B62617474687265736824
:10FAE0003F00000061742B65726173656D656D3F49
:10FAF0000000000061742B667776657273696F6E23
:10FB00003F00000061742B6C6F67696E6465783F1D
:10FB10000000000061742B72646C6173746C6F6719
:10FB20003F00000061742B6C6576656C63616C69E5
:10FB3000623D000061742B6C6576656C63616C6975
:10FB4000623F000061742B6C6576656C7468726549
:10FB500073683D0061742B6C6576656C74687265C2
:10FB600073683F0061742B657862617474687265B4
:10FB700073683D0061742B657862617474687265A6
:10FB800073683F0061742B776D6368616E6E656C9E
:10FB90003D00000061742B776D6368616E6E656C6B
:10FBA0003F00000061742B6D6F64696E666F723D7B
:10FBB0000000000061742B6D6F64696E666F723FA8
:10FBC0000000000061742B7072657373696E666F5C
:10FBD000723D000061742B7072657373696E666F9D
:10FBE000723F000061742B7265736574736C61768B
:10FBF000653F0000014880470148004705FC0008B8
:10FC00006DFE00080248016851F470010160704700
:10FC100088ED00E0332E4F666673657400000000C7
:10FC2000342E5761726E696E67000000312E436F8B
:10FC30006E73743A20000000322E43616C69623AA0
:10FC400020000000312E45432020203A20000000F3
:10FC5000322E54445320203A20000000332E5361AA
:10FC60006C74203A20000000342E54656D70203AE8
:10FC7000200000005741524E494E47205444530043
:10FC8000312E4D6F6465203A20000000322E5570F1
:10FC90007065723A20000000332E4C6F7765723A1F
:10FCA00020000000312E555F544453203A200000BC
:10FCB000322E4C5F544453203A200000332E555FBF
:10FCC00054656D703A200000342E4C5F54656D70A1
:10FCD0003A2000002A56657273696F6E00000000BA
:10FCE000576562736974653A00000000FDCC000836
:10FCF00007CD000825CD00085265736574204F4B71
:10FD0000210D0A0061742B736572693D00000000CB
:10FD100061742B736572693F0000000061742B737E
:10FD2000696D736572693F0061742B7377736572D7
:10FD30007665720061742B647574793D0000000073
:10FD400061742B647574793F0000000061742B6648
:10FD50007265716D696E3D0061742B667265716DBF
:10FD6000696E3F0061742B73617665626F783F0046
:10FD700061742B6E756D77616B653D0061742B72DC
:10FD80006561646C6F673D0061742B70756C7365A1
:10FD90003D00000061742B70756C73653F000000BE
:10FDA00061742B64656275673D00000061742B64AB
:10FDB000656275673F00000061742B6D7265736545
:10FDC000743F000061742B7573657275726C3D0031
:10FDD00061742B757365726674703D0061742B7469
:10FDE0006573746C6F673F0061742B726561646C3E
:10FDF0006F673F0061742B736C6176653D00000096
:10FE000061742B736C6176653F00000061742B6F29
:10FE10006E74656D683F000061742B6F6666746573
:10FE20006D683F0061742B6964736C6176653F0097
:10FE300061742B6964736C6176653D0061742B623B
:10FE400072736C6176653F0061742B6272736C61D2
:10FE500076653D001F1C1F1E1F1E1F1F1E1F1E1F1D
:10FE60001F1D1F1E1F1E1F1F1E1F1E1FAFF3008002
:10FE7000FFF7C6FCFFF7F6FC5444532E00000000C9
:10FE8000206D672F4C00000053616C74203A2000F5
:10FE900054656D70203A2000202089430000000046
:10FEA0004C6F6767696E000053455454494E4700D4
:10FEB000322E43616C696200352E52616E676500B7
:10FEC00045433A20000000004F4646534554000089
:10FED0002075532F636D0000496E666F722E00000F
:10FEE0002A4D6F64656C00000000000001020304ED
:10FEF00044230020000000004424002000000000F3
:10FF00004552524F52000000000000000000000067
:10FF1000000000000C000000000000000C000000C9
:10FF200061742B7274633D0061742B7274633F00C3
:10FF300061742B6770733F0061742B656E64000001
:10FF4000C4240020000000003C4E554C4C3E0000F4
:10FF5000252E2A6600000000686A6C747A4C000046
:10FF60004F4646004F4E00002020250020894300C8
:10FF7000FFF7FEBFFFF7FEBFFFF7FEBFFFF7FEBFB5
:10FF8000FFF7FEBFFFF7FEBFFFF7FEBFFFF7FEBFA5
:10FF9000FFF7FEBFFFF7FEBFFFF7FEBFFFF7FEBF95
:10FFA000FFF7FEBFFFF7FEBFFFF7FEBFFFF7FEBF85
:10FFB000FFF7FEBFFFF7FEBFFFF7FEBFFFF7FEBF75
:10FFC000FFF7FEBFFFF7FEBFFFF7FEBFFFF7FEBF65
:10FFD000FFF7FEBFFFF7FEBFFFF7FEBFFFF7FEBF55
:10FFE000FFF7FEBFFFF7FEBFFFF7FEBFFFF7FEBF45
:10FFF000FFF7FEBFFFF7FEBFFFF7FEBFFFF7FEBF35
:020000040801F1
:10000000FFF7FEBFFFF7FEBFFFF7FEBFFFF7FEBF24
:10001000FFF7FEBFFFF7FEBFFFF7FEBFFFF7FEBF14
:10002000FFF7FEBFFFF7FEBFFFF7FEBFFFF7FEBF04
:10003000FFF7FEBFFFF7FEBFFFF7FEBFFFF7FEBFF4
:10004000FFF7FEBFFFF7FEBFFFF7FEBFFFF7FEBFE4
:10005000FFF7FEBFFFF7FEBFFFF7FEBFD003313251
:10006000333400014008F401000057260008010164
:100070001A1003D0070000A9105202291264085078
:1000800003512700080310100388130000CD1052FD
:100090000410212850034B2800080510120A0812EA
:1000A0007F101206085205041297108178F001465D
:1000B000FFFE0001100374F900080E5D123101B259
:1000C000200120100000456E74657220746F20536B
:1000D00065747570000020100557616974696E675A
:1000E0000B4110200320446F6E650952001030034D
:1000F0004572726F721F40050060FF000864FFC800
:100100004378FE089207C992010C21F44780FE242F
:10011000252052883021184768FF1C2550929018DE
:1001200012980C21502134F201A060220124C384D2
:10013000F91880040218000106000161182002036A
:100140003000010CF201A848220211E2944810028A
:10015000120002090CD2B03012031825D0C314FCCF
:1001600018120418120B0CD22018120518120C0CBD
:10017000D2B848120618120D0CD2A478120718250E
:10018000B0D2B418110113030F0CABC4F93811A885
:100190001002040003101152D418698412031812BB
:1001A000110CF201E44811AB50010000C09069C489
:1001B000180202050004C7C001002CFC181003033C
:1001C0000E0004140CD2381812041812150CF60183
:1001D000C8501305160C52443025A412D02415F42F
:1001E0001305170C925018291011501305180C9272
:1001F0005C18291011C82305190C91182910110831
:1002000013051A0CD67468110123061B54D118115A
:100210007813061C0CF2018C7823061D54D118119A
:100220007813061E0CF601F43813071F0CD2A43005
:1002300011602E070C03F201B0601307210C92BC71
:1002400018426CD81307220CD2C8181108130723C0
:100250000CF601D8501308240CE2D4D880031C00FB
:100260000825000179A01002040008260CD2E048FD
:10027000120430F2022730120530F203284810022F
:10028000180009290CC304FA48F004010318020AF3
:10029000100001E20114B3093D126002DDC800083C
:1002A0002429508FE9C8500521108F5FC9500521BE
:1002B00001126B1052043112E8198F87C9500521C1
:1002C000014F8DC9340461011293102802FCF8001B
:1002D00008C4E002840C00208F80044D4D00084DBE
:1002E0004D84210812531043814D8852010412F9A4
:1002F0001043274E8C52020443954E3C2D5C036DF7
:10030000C00452EF14219452061443494F14211093
:1003100052081452A3142540520A6452FD14212499
:10032000520B14432D50142D7404520C14525D14AE
:100330002138520D14528D142138520E1452BD140E
:1003400021384300101412ED1430021B51000838FC
:1003500042108C1297104FF151100652031413B132
:10036000524C1002530008B0D912607D1EC01D040B
:100370001A80591340381D124B0C1D180613009695
:100380001812DA0812E1045403C20100C423607F8A
:100390000100D0064F45DE300761104757DE582177
:1003A0000C25E01285105203201003E0930400A9ED
:1003B0001061401A10994705329C211012DC058308
:1003C000173240210447993294210C2DA00747D9B8
:1003D000329021102D8007178F338C515017983A87
:1003E000781110520610100360EA0000B7102207BF
:1003F0006111012DD0071765348051202DD00712CF
:10040000E910432429D8CB4425404704FDAC513F93
:100410005300101069C0471CFD9069C04734FA8C26
:100420006D8C055244105205104754FA8469C0522D
:1004300064106D64035228506208505170520910C4
:10044000524010520A10524C30520B105258105257
:100450000C10527460620D708AFD402101527010C0
:10046000520F10527C106DE803528440521110520A
:10047000941052121052A41052131052B41052146D
:10048000104BC4FA8852151052D4105216104B88D3
:10049000FDF862176051105218104F20FF400352B0
:1004A0001910522810521A1052A030521B1052AC80
:1004B00010521C104FB8FD4403521D1056E49052C8
:1004C0001E1052F490521F1056C400690552D010ED
:1004D0005221104304FB4052221052DC20522310C0
:1004E00052E8105224104314FB606DB0051E105CDE
:1004F00006255C522610122410254C6DA00552389A
:10050000106D98054724FB50522910523410522A7E
:100510001012441025BC522B10525410522C10565D
:100520003030522D10524C80522E1056F430532F32
:10053000000142FE10523010526450523110527479
:1005400010523210470CFE605233104718FE006DF7
:10055000590B56840052351052941052361056A43E
:100560005052371052B41052381052C4F052391051
:1005700052D410523A1052E410523B105260E052E2
:100580003C105224906D9206523010523E10523C54
:1005900010523F105248105241105E38A00A4B349E
:1005A0001B1343341D081F88F738051104F309266F
:1005B0005B0452FF01E3DE58141D50040002032DBA
:0205C000010335
:040000050800FE6D84
:00000001FF
