:020000040800F2
:10000000602E0020A10201082DFC00082FFC000832
:1000100031FC000833FC000835FC0008000000003B
:1000200000000000000000000000000037FC000895
:1000300039FC0008000000003BFC00083DFC000803
:10004000490601084D060108510601085506010838
:10005000590601085D0601086106010865060108E8
:10006000690601086D060108710601087506010898
:10007000790601088DFC00087D06010897FC000840
:100080008106010885060108890601088D06010818
:100090009106010895060108990601089D060108C8
:1000A000A1060108A5060108A9060108AD06010878
:1000B000B10601080000000000000000B5060108BC
:1000C000B9060108BD060108C1060108C5060108F8
:1000D000C9060108A1FC0008CD060108ABFC000818
:1000E000D1060108B5FC0008000000000000000077
:1000F0000000000000000000000000000000000000
:1001000000000000D506010800000000D906010823
:100110000000000000000000DD060108E106010803
:10012000E5060108E9060108ED060108F1060108E7
:10013000F5060108000000000000000000000000BB
:10014000F9060108FD060108010701080507010875
:1001500009070108BFFC0008C9FC00080D070108D9
:100160001107010815070108190701080000000020
:100170001D070108210701082507010800000000EC
:10018000290701082D0701083107010880B55148EA
:100190000078012806D0022807D0042808D00828B3
:1001A00009D00BE000F0A2F808E001F03FF805E00C
:1001B00001F07EFA02E001F0BDFCFFE701BD2DE990
:1001C000F0470024444D2888002804D02888401E89
:1001D000288000207CE03F4E307A002877D1202113
:1001E0003E4802F0DFFA002801D1012700E0002795
:1001F000DFF8EC800421404602F0D4FA002802D156
:100200005FF0010901E05FF000090221404602F0C1
:10021000C9FA002802D15FF0010A01E05FF0000A8C
:100220000121404602F0BEFA002801D1012000E081
:10023000002057EA490757EA8A073C0054EAC004FD
:100240002000C0B2012805D0022803D0042801D024
:10025000082834D17068401C7060706850282DD315
:100260003470012030721F490868142801D2192007
:1002700028801D4822000378D2B29A4219D10A6818
:10028000521C0A600A681E2A02D20021716014E022
:100290000A68B42A02D2412171600EE00A68F02A8D
:1002A00002D24621716008E04E227260F0220A609C
:1002B00003E00022726000220A60047007E0002060
:1002C00009490870282070600020064908603078CD
:1002D000BDE8F08764290020402A0020000800487B
:1002E00000040048F02900204E2A0020F8B584B010
:1002F000DFF81C4DA07800281AD001283DD0022834
:100300006DD0032800F0FE80042800F082810528CB
:1003100000F0B082062800F0DD83072800F0618439
:10032000082800F02C850A2800F0308600F074BF01
:10033000DFF84C5D0020E860DFF8486D0A220021FC
:10034000300002F0B5FA302030703020707030206C
:10035000B0703020F070E8680001801CC0B20390DB
:10036000029605200190042000900523002201211F
:10037000A01C03F0F9F800F04FBFDFF8040DC168CE
:10038000491CC160C16804291EDBDFF8F80C03F0CA
:1003900006F9012815D1A51C0622290014F1080030
:1003A00002F0D4FAF1200390002002900C2001907A
:1003B00007200090072300220221280003F0D4F830
:1003C0000BE00020A07008E0C0680001801C020063
:1003D000D2B20021A01C03F0A4F800F01DBF2079C8
:1003E00007280AD0C0F08C80092832D01BD30B28F4
:1003F0005BD044D30C286ED082E0A51C06222900D5
:1004000014F1080002F0A2FAF120039000200290FB
:100410000F2001900E2000900E23002203212800BF
:1004200003F0A2F86CE0A51C0622290014F10800D4
:1004300002F08CFAF1200390002002901620019027
:1004400013200090132300220421280003F08CF8CD
:1004500056E0A51C0622290014F1080002F076FAE5
:10046000F120039000200290202001901F20009096
:100470001F2300220621280003F076F840E0A51C87
:100480000622290014F1080002F060FAF12003901E
:10049000002002902420019022200090222300229C
:1004A0000721280003F060F82AE0A51C0622290095
:1004B00014F1080002F04AFAF120039000200290A3
:1004C00029200190262000902623002208212800C0
:1004D00003F04AF814E0A51C0622290014F10800D4
:1004E00002F034FA00200390002002902C200190AA
:1004F0002C2000902C2300220921280003F034F83E
:1005000000F08ABE20790E2802D00F2840D07EE06D
:10051000E078002802D001281FD038E0A61C06226F
:10052000310014F1080002F011FADFF8545BF220F8
:10053000039015F10C0002900F2001900E20009006
:100540000E23E278521CD2B20321300003F00CF8E3
:10055000DFF8C80C4078E86019E0A51C06222900E5
:1005600014F1080002F0F2F9F0200390002002904C
:100570002F2001902F2000902F2300220A212800F5
:1005800002F0F2FF0120DFF8941C0870FFE73EE064
:10059000E078002802D001281FD038E0A61C0622EF
:1005A000310014F1080002F0D1F9DFF8D45AF2203A
:1005B000039015F10C0002900F2001900F20009085
:1005C0000F23E278521CD2B20321300002F0CCFF9C
:1005D000DFF8480C4068E86019E0A51C06222900F5
:1005E00014F1080002F0B2F9F0200390002002900C
:1005F0002F2001902F2000902F2300220A21280075
:1006000002F0B2FF0120DFF8141C0870FFE700F0D1
:1006100003BE2079132809D0C0F02A81152800F0E4
:1006200096804ED3162800F0DD8021E1E078002886
:1006300002D001281FD043E0A61C0622310014F18D
:10064000080002F083F9DFF8385AF220039015F120
:100650000C00029016200190132000901323E278E2
:10066000521CD2B20421300002F07EFFDFF8AC0B46
:10067000406AE86024E0A51C0622290014F1080065
:1006800002F064F9F0200390002002902F200190E6
:100690002F2000902F2300220A21280002F064FF5F
:1006A000DFF87C4BFE21DFF8D809C06803F0DCFAE4
:1006B00084ED000A04222100032004F024F9FFE75E
:1006C000D6E0E078002802D001281FD03EE0A61C2A
:1006D0000622310014F1080002F038F9DFF8A059C1
:1006E000F220039015F10C000290162001901320C7
:1006F00000901423E278521CD2B20421300002F0A0
:1007000033FFDFF8200B006AE8601FE0A51C06221B
:10071000290014F1080002F019F9F02003900020DC
:1007200002902F2001902F2000902F2300220A21D9
:10073000280002F019FFDFF8F01ADFF84409C0685A
:1007400008600422042004F0DEF8FFE790E0E0787F
:10075000002802D001281FD043E0A61C0622310049
:1007600014F1080002F0F2F8DFF81459F2200390B7
:1007700015F10C0002901620019013200090152313
:10078000E278521CD2B20421300002F0EDFEDFF814
:100790008C0A806AE86024E0A51C0622290014F176
:1007A000080002F0D3F8F0200390002002902F20E0
:1007B00001902F2000902F2300220A21280002F010
:1007C000D3FEDFF85C4AFE21DFF8B408C06803F00E
:1007D0004BFA84ED000A04222100052004F093F86E
:1007E000FFE745E0E078002802D001281FD03EE076
:1007F000A61C0622310014F1080002F0A7F8DFF869
:100800008058F220039015F10C0002901620019000
:10081000132000901623E278521CD2B2042130003B
:1008200002F0A2FEDFF8FC09806AE8601FE0A51C68
:100830000622290014F1080002F088F8F020039045
:10084000002002902F2001902F2000902F230022C3
:100850000A21280002F088FEDFF8CC19DFF8200812
:10086000C06808600422062004F04DF8FFE7FFE7A7
:1008700000F0D2BC20791A2809D0C0F02A811C28A7
:1008800000F096804ED31D2800F0DD8021E1E07855
:10089000002802D001281FD043E0A61C0622310008
:1008A00014F1080002F052F8DFF8D457F220039058
:1008B00015F10C0002901D2001901A2000901A23BF
:1008C000E278521CD2B20521300002F04DFEDFF872
:1008D0004C09C06AE86024E0A51C0622290014F136
:1008E000080002F033F8F0200390002002902F203F
:1008F00001902F2000902F2300220A21280002F0CF
:1009000033FEDFF81C49FE21DFF87407C06803F0EE
:10091000ABF984ED000A04222100072003F0F3FF65
:10092000FFE7D6E0E078002802D001281FD03EE0A3
:10093000A61C0622310014F1080002F007F8DFF8C7
:100940004057F220039015F10C0002901D200190F9
:100950001A2000901B23E278521CD2B205213000ED
:1009600002F002FEDFF8BC08006BE8601FE0A51C87
:100970000622290014F1080001F0E8FFF02003909E
:10098000002002902F2001902F2000902F23002282
:100990000A21280002F0E8FDDFF88C18DFF8E006F5
:1009A000C06808600422082003F0ADFFFFE790E074
:1009B000E078002802D001281FD043E0A61C0622C0
:1009C000310014F1080001F0C1FFDFF8B456F22045
:1009D000039015F10C0002901D2001901A20009048
:1009E0001C23E278521CD2B20521300002F0BCFD7B
:1009F000DFF82808006BE86024E0A51C0622290027
:100A000014F1080001F0A2FFF020039000200290F2
:100A10002F2001902F2000902F2300220A21280050
:100A200002F0A2FDDFF8F847FE21DFF85406C068A7
:100A300003F01AF984ED000A04222100092003F0D2
:100A400062FFFFE745E0E078002802D001281FD0D0
:100A50003EE0A61C0622310014F1080001F076FFEA
:100A6000DFF81C56F220039015F10C0002901D20B7
:100A700001901A2000901D23E278521CD2B2052169
:100A8000300002F071FDDFF89C07806BE8601FE02A
:100A9000A51C0622290014F1080001F057FFF020E0
:100AA0000390002002902F2001902F2000902F23F0
:100AB00000220A21280002F057FDDFF86C17DFF84A
:100AC000C005C068086004220A2003F01CFFFFE78D
:100AD000FFE7A1E320791F2802D0202840D07FE043
:100AE000E078002802D001281FD038E0A61C06229A
:100AF000310014F1080001F029FFDFF88455F220DD
:100B0000039015F10C000290202001901F2000900E
:100B10001F23E278521CD2B20621300002F024FDDD
:100B2000DFF8F806C069E86019E0A51C0622290074
:100B300014F1080001F00AFFF02003900020029059
:100B40002F2001902F2000902F2300220A2128001F
:100B500002F00AFD0120DFF8C4160870FFE73FE04D
:100B6000E078002802D001281FD038E0A61C062219
:100B7000310014F1080001F0E9FEDFF80455F2201D
:100B8000039015F10C000290202001901F2000908E
:100B90002023E278521CD2B20621300002F0E4FC9D
:100BA000DFF87806006AE86019E0A51C0622290033
:100BB00014F1080001F0CAFEF0200390002002901A
:100BC0002F2001902F2000902F2300220A2128009F
:100BD00002F0CAFC0120DFF844160870FFE7FFE7C7
:100BE0001AE32079222806D0C0F0C880242800F01B
:100BF000858043D3C2E0E078002802D0012822D0CB
:100C00003BE0A71C0622390014F1080001F09EFE0B
:100C1000DFF86C5415F10C06F220039002962420A4
:100C20000190222000902223E278521CD2B20721A8
:100C3000380002F099FCDFF86C0A0078E860DFF811
:100C4000DC05C66319E0A51C0622290014F1080082
:100C500001F07CFEF0200390002002902F200190F4
:100C60002F2000902F2300220A21280002F07CFC74
:100C70000120DFF8A8150870FFE77FE0E078002882
:100C800002D001281FD038E0A61C0622310014F142
:100C9000080001F05BFEDFF8E853F220039015F145
:100CA0000C00029024200190222000902323E2785F
:100CB000521CD2B20721300002F056FCDFF85C056E
:100CC000406BE86019E0A51C0622290014F1080019
:100CD00001F03CFEF0200390002002902F200190B4
:100CE0002F2000902F2300220A21280002F03CFC34
:100CF0000120DFF828150870FFE73FE0E0780028C2
:100D000002D001281FD038E0A61C0622310014F1C1
:100D1000080001F01BFEDFF86853F220039015F184
:100D20000C00029024200190222000902423E278DD
:100D3000521CD2B20721300002F016FCDFF8DC04AE
:100D4000806BE86019E0A51C0622290014F1080058
:100D500001F0FCFDF0200390002002902F20019074
:100D60002F2000902F2300220A21280002F0FCFBF4
:100D70000120DFF8A8140870FFE7FFE74CE22079B4
:100D8000262809D0C0F00181282800F0838042D3B2
:100D9000292800F0BD80F8E0E078002802D0012882
:100DA0001ED037E0A61C0622310014F1080001F025
:100DB000CDFDB34DF220039015F10C0002902920D7
:100DC0000190262000902623E278521CD2B20821FE
:100DD000300002F0C9FBDFF84404006CE86019E061
:100DE000A51C0622290014F1080001F0AFFDF02037
:100DF0000390002002902F2001902F2000902F239D
:100E000000220A21280002F0AFFB0120DFF80C14B9
:100E10000870FFE7B9E0E078002802D001281ED072
:100E200037E0A61C0622310014F1080001F08EFD07
:100E3000934DF220039015F10C00029029200190AF
:100E4000262000902723E278521CD2B208213000DD
:100E500002F08AFBDFF8C403406CE86019E0A51CCF
:100E60000622290014F1080001F070FDF020039023
:100E7000002002902F2001902F2000902F2300228D
:100E80000A21280002F070FB0120DFF8901308709F
:100E9000FFE77AE0E078002802D001281ED036E093
:100EA000A61C0622310014F1080001F04FFD744D1C
:100EB000F220039015F10C000290292001902620C9
:100EC00000902823E278521CD2B20821300002F0B0
:100ED0004BFBDFF84803806CE86018E0A51C062295
:100EE000290014F1080001F031FDF02003900020EA
:100EF00002902F2001902F2000902F2300220A2102
:100F0000280002F031FB0120C4490870FFE73CE0F3
:100F1000E078002802D001281DD035E0A61C06226A
:100F2000310014F1080001F011FD554DF22003903D
:100F300015F10C0002902920019026200090292311
:100F4000E278521CD2B20821300002F00DFBB34807
:100F5000C06CE86018E0A51C0622290014F1080006
:100F600001F0F4FCF0200390002002902F2001906B
:100F70002F2000902F2300220A21280002F0F4FAEB
:100F80000120A6490870FFE7FFE745E1207A032822
:100F90000DD0C0F04081052800F03A81C0F03881C2
:100FA000072872D037D3082800F0B98033E1322007
:100FB00001F048FF032099490870A07A0E2802D05A
:100FC0000F2809D026E0DFF8E00641782C48C068F9
:100FD000C0B204F062FD1DE000200100C9B20B297F
:100FE0000FDADFF8C8160200D2B251F82210244AF4
:100FF000D268914203D1DFF8B016487001E0401C7E
:10100000EBE7DFF8A4064178007804F046FD01E044
:10101000AC290020FFE0814D03202870322001F030
:1010200011FFA07A1F2802D0202814D02CE0287AA3
:1010300002F06CFB00EE100A7A48D0ED060A104868
:1010400090ED031AB8EEC11AB8EE400A81EE000A1C
:1010500003F0ECFC18E0687A02F058FB00EE100A8E
:101060000748D0ED030AF8EEE00AB8EE400AC0EEF9
:10107000800A6C4890ED050A03F0D8FC04E000BF3C
:101080006429002000000020C5E0644D0320287082
:10109000322001F0D7FEA07A222804D03ED32428A3
:1010A00025D00DD33AE0DFF8FC05D0ED020A90ED33
:1010B000010ADFF8640AC068C0B203F067FD2DE0E2
:1010C000A87A02F023FB00EE100ADFF8D805DFF85B
:1010D000481AD1ED030AF8EEE00AB8EE400AC0EE75
:1010E000800A90ED010A007803F050FD16E0A87A1E
:1010F00002F00CFB00EE100ADFF8A805D0ED020AA2
:10110000DFF8141A91ED031AB8EEC11AB8EE400ACE
:1011100081EE000A007803F039FDFFE77BE03F4DE8
:1011200003202870322001F08DFEA07A262806D0F8
:101130006DD3282837D01CD329284ED067E0E87A11
:1011400002F0E4FA00EE100ADFF8D009D0ED031A3D
:1011500090ED021AD0ED010ADFF8BC0990ED032AE8
:10116000B8EEC22AB8EE400A82EE000A03F0D6FDBD
:101170004DE0E87A02F0CAFA00EE100ADFF89C09A6
:10118000D0ED031A90ED021ADFF88C19D1ED030AA5
:10119000F8EEE00AB8EE400AC0EE800A90ED000AD0
:1011A00003F0BCFD33E0E87A02F0B0FA00EE100A7A
:1011B000DFF86809D0ED031ADFF85C19D1ED030AF6
:1011C000F8EEE00AB8EE400A80EE801AD0ED010A8F
:1011D00090ED000A03F0A2FD19E0E87A02F096FA19
:1011E00000EE100ADFF83409DFF82C19D1ED030AFC
:1011F000F8EEE00AB8EE400AC0EE801A90ED021A4E
:10120000D0ED010A90ED000A03F088FDFFE702E04F
:1012100003F06AFBFFE7FFE705B0F0BD7C000020AC
:10122000F429002064280020F82900201FB5DFF8E9
:10123000F048A078002810D0022820D00ED304282F
:1012400078D029D3062800F02E81C0F0C880082865
:1012500000F0B481C0F05A8123E222E2DFF8C40832
:10126000DFF8B418CA68825C521CCB68C254CA68E2
:10127000825C3A2A02DB3022C968425411E260796A
:101280002179884202D22079401E2071F12200216A
:10129000A01C02F046F904E2E07800280CD1607945
:1012A0002179884202D22079401E2071F12200214A
:1012B000A01C02F036F93CE020790E2802D00F285D
:1012C00012D036E0E078002802D0012801D00AE0F0
:1012D00009E0DFF84408C168B1F5807F02DAC1682F
:1012E000491CC160FFE724E0E078002802D0012813
:1012F00001D01EE01DE000210800C0B20B2817DA63
:10130000DFF8A823DFF810080B00DBB252F8233017
:10131000C468A3420AD10B00DBB20A2B06DA0B0029
:10132000DBB202EB83025268C26001E0491CE3E7D2
:10133000FFE7B6E1E07800280CD160792179884296
:1013400002D22079401E2071F1220021A01C02F05F
:10135000E8F843E02079132806D03FD3152820D0A1
:1013600010D316282BD039E0E078002802D00128CD
:1013700001D006E005E0DFF8A007C168491CC160A4
:10138000FFE72BE0E078002802D0012801D007E039
:1013900006E0DFF89407C06BDFF87C17C860FFE752
:1013A0001CE0E078002802D0012801D006E005E02A
:1013B000DFF86407C168491CC160FFE70EE0E07810
:1013C000002802D0012801D007E006E0DFF8580726
:1013D000C06BDFF84417C860FFE7FFE761E1E07822
:1013E00000281BD160792179884208D22079401EDB
:1013F0002071F1220021A01C02F093F852E0F120AC
:1014000003900020029016200190132000901623D4
:1014100000220421A01C02F0A7F843E020791A283A
:1014200006D03FD31C2820D010D31D282BD039E064
:10143000E078002802D0012801D006E005E0DFF8BE
:10144000D806C168491CC160FFE72BE0E07800289E
:1014500002D0012801D007E006E0DFF8CC06C06B1F
:10146000DFF8B416C860FFE71CE0E078002802D07F
:10147000012801D006E005E0DFF89C06C168491CA0
:10148000C160FFE70EE0E078002802D0012801D01B
:1014900007E006E0DFF89006C06BDFF87C16C86056
:1014A000FFE7FFE7FDE0E07800280CD160792179C3
:1014B000884202D22079401E2071F1220021A01C16
:1014C00002F02FF821E020791F2802D020280ED02A
:1014D0001BE0E078002802D0012801D006E005E0FA
:1014E000DFF83406C168491CC160FFE70DE0E07811
:1014F000002802D0012801D006E005E0DFF8180638
:10150000C168491CC160FFE7FFE7CAE0E078002836
:101510000CD160792179884202D22079401E207155
:10152000F1220021A01C01F0FCFF46E020792228D6
:1015300004D042D324282CD013D33EE0E0780028F6
:1015400002D0012801D00BE00AE0DFF8CC15C86812
:10155000002802D10120C86001E00020C860FFE738
:101560002BE0E078002802D0012801D010E00FE045
:10157000DFF8B805807A02F0C9F8DFF89C25D36857
:101580000A214843834202D2D068401CD060FFE762
:1015900013E0E078002802D0012801D00CE00BE035
:1015A000DFF87405C168DFF88425526B914202DAD6
:1015B000C168491CC160FFE7FFE772E0E0780028DE
:1015C0000CD160792179884202D22079401E2071A5
:1015D000F1220021A01C01F0A4FF61E0207926285F
:1015E00006D05DD328282FD01AD3292844D057E01D
:1015F000E078002802D0012801D010E00FE0DFF8E9
:101600002C05C07A02F082F8DFF80C25D3680A2195
:101610004843834202D2D068401CD060FFE73FE0DD
:10162000E078002802D0012801D00CE00BE0DFF8C0
:10163000E804C168DFF8F424126C914202DAC16850
:10164000491CC160FFE72BE0E078002802D00128A8
:1016500001D010E00FE0DFF8D404C07A02F056F8B1
:10166000DFF8B424D36850214843834202D2D068C3
:10167000401CD060FFE713E0E078002802D001288A
:1016800001D00CE00BE0DFF89004C168DFF89C2487
:10169000926C914202DAC168491CC160FFE7FFE722
:1016A000FFE71FBDD8290020140D00209C07002053
:1016B0001FB5DFF86C44A078002810D0022820D095
:1016C0000ED3042878D029D3062800F03481C0F046
:1016D000DD80082800F0B381C0F05E811AE219E2D3
:1016E000DFF84004DFF83014CA68825C521ECB6811
:1016F000C254CA68825C302A02DA3922C96842546C
:1017000008E22079A179884202D22079401C207118
:10171000F1220021A01C01F004FFFBE1E078002889
:101720000CD12079A179884202D22079401C207105
:10173000F1220021A01C01F0F4FE3CE020790E28EB
:1017400002D00F2811D036E0E078002802D001281E
:1017500001D009E008E0DFF8C003C168012902DB1D
:10176000C168491EC160FFE725E0E078002802D08B
:10177000012801D01FE01EE00A221000C0B200289C
:1017800018D0DFF8AC33DFF890131000C0B253F874
:101790002000CC68A0420BD11000C0B2002807D0B6
:1017A0001000C0B203EB800050F8040CC86001E0E8
:1017B000521EE2E7FFE7ADE1E07800281BD1207977
:1017C000A17988420ED1F1200390002002901D20C3
:1017D00001901A2000901A2300220521A01C01F07C
:1017E000C3FE52E02079401C2071F1220021A01C90
:1017F00001F097FE49E02079132806D045D315283B
:1018000023D013D3162831D03FE0E078002802D04F
:10181000012801D009E008E0DFF8FC02C1680129D5
:1018200002DBC168491EC160FFE72EE0E0780028B6
:1018300002D0012801D007E006E0DFF8EC02C06B1F
:10184000DFF8D412C860FFE71FE0E078002802D07C
:10185000012801D009E008E0DFF8BC02C1680129D5
:1018600002DBC168491EC160FFE70EE0E078002896
:1018700002D0012801D007E006E0DFF8AC02C06B1F
:10188000DFF89412C860FFE7FFE743E1E078002843
:101890000CD12079A179884202D22079401C207194
:1018A000F1220021A01C01F03CFE43E020791A281F
:1018B00006D03FD31C2820D012D31D282DD039E0CC
:1018C000E078002802D0012801D008E007E0924823
:1018D000C168012902DBC168491EC160FFE729E038
:1018E000E078002802D0012801D005E004E08E480D
:1018F000C06B8949C860FFE71CE0E078002802D08F
:10190000012801D008E007E08348C168012902DB13
:10191000C168491EC160FFE70CE0E078002802D0F2
:10192000012801D005E004E07F48C06B7A49C86017
:10193000FFE7FFE7EEE0E07800280CD12079A179FD
:10194000884202D22079401C2071F1220021A01C83
:1019500001F0E7FD1FE020791F2802D020280DD0DC
:1019600019E0E078002802D0012801D005E004E069
:101970006948C168491EC160FFE70CE0E0780028B3
:1019800002D0012801D005E004E06348C168491E87
:10199000C160FFE7FFE7BDE0E07800280CD12079C7
:1019A000A179884202D22079401C2071F1220021C5
:1019B000A01C01F0B6FD41E02079222804D03DD3DF
:1019C000242825D012D339E0E078002802D001285D
:1019D00001D00AE009E05049C868002802D101207E
:1019E000C86001E00020C860FFE727E0E078002839
:1019F00002D0012801D00AE009E047484B49896B31
:101A0000C268914202DAC168491EC160FFE715E071
:101A1000E078002802D0012801D00EE00DE0434814
:101A2000807A01F073FE3C4A00214843D168884225
:101A300002D2D068401ED060FFE7FFE76AE0E0789E
:101A400000280CD12079A179884202D22079401C4B
:101A50002071F1220021A01C01F063FD59E02079E2
:101A6000262806D055D328282BD014D329283AD09D
:101A70004FE0E078002802D0012801D00AE009E018
:101A800025482A49496CC268914202DAC168491E58
:101A9000C160FFE73DE0E078002802D0012801D0D6
:101AA0000EE00DE02148C07A01F030FE1A4A002114
:101AB0004843D168884202D2D068401ED060FFE718
:101AC00027E0E078002802D0012801D00AE009E0F0
:101AD00011481649C96CC268914202DAC168491EB0
:101AE000C160FFE715E0E078002802D0012801D0AE
:101AF0000EE00DE00D48C07A01F008FE064A002114
:101B00004843D168884202D2D068401ED060FFE7C7
:101B1000FFE7FFE71FBD000064290020BC2900206B
:101B2000AC29002000000020642800207C00002058
:101B30009C0700207FB5DFF8F048A078002817D078
:101B400002281BD016D3042800F08F801AD3062851
:101B500000F05582C0F06E81082800F06E83C0F05E
:101B6000C1820A2800F05184C0F0488400F05ABCB9
:101B700000F058BC0020A07000F054BC0020A07001
:101B800000F050BC20790E2802D00F2836D06BE030
:101B9000E078002802D0012816D02EE0A51CF12004
:101BA0000390002002900C20019007200090072352
:101BB00000220221280001F0D7FC0622290014F19E
:101BC000080000F0C3FE18E0A51C0622290014F14D
:101BD000080000F0BBFEF1200390DFF850080290EF
:101BE0000F2001900E2000900E23E078421ED2B20A
:101BF0000321280001F0B8FCFFE735E0E078002879
:101C000002D0012816D02EE0A51CF1200390002060
:101C100002900C200190072000900723002202214F
:101C2000280001F0A1FC0622290014F1080000F0B0
:101C30008DFE18E0A51C0622290014F1080000F012
:101C400085FEF1200390DFF8E80702900F20019055
:101C50000E2000900F23E078421ED2B2032128000C
:101C600001F082FCFFE7FFE7DCE32079132808D0CE
:101C7000C0F0DF80152870D039D3162800F0A3807B
:101C8000D7E0E078002802D0012816D02EE0A51C6D
:101C9000F1200390002002900C200190072000907A
:101CA000082300220221280001F05EFC0622290000
:101CB00014F1080000F04AFE18E0A51C06222900D5
:101CC00014F1080000F042FEF1200390DFF86407F1
:101CD000029016200190132000901323E078421EFA
:101CE000D2B20421280001F03FFCFFE7A1E0E07838
:101CF000002802D0012816D02EE0A51CF120039068
:101D0000002002900C200190072000900823002260
:101D10000221280001F028FC0622290014F1080005
:101D200000F014FE18E0A51C0622290014F108009A
:101D300000F00CFEF1200390DFF8FC060290162064
:101D40000190132000901423E078421ED2B20421A7
:101D5000280001F009FCFFE76BE0E078002802D0E2
:101D6000012816D02EE0A51CF1200390002002903F
:101D70000C20019007200090082300220221280057
:101D800001F0F2FB0622290014F1080000F0DEFD4C
:101D900018E0A51C0622290014F1080000F0D6FD69
:101DA000F1200390DFF89406029016200190132092
:101DB00000901523E078421ED2B20421280001F0E1
:101DC000D3FBFFE735E0E078002802D0012816D0E9
:101DD0002EE0A51CF1200390002002900C20019021
:101DE00007200090082300220221280001F0BCFBFC
:101DF0000622290014F1080000F0A8FD18E0A51C37
:101E00000622290014F1080000F0A0FDF120039043
:101E1000DFF82C0602901620019013200090162364
:101E2000E078421ED2B20421280001F09DFBFFE7BA
:101E3000FFE7F7E220791A2808D0C0F0DF801C28DD
:101E400070D039D31D2800F0A380D7E0E0780028B7
:101E500002D0012816D02EE0A51CF120039000200E
:101E600002900C20019007200090082300220221FC
:101E7000280001F079FB0622290014F1080000F087
:101E800065FD18E0A51C0622290014F1080000F0E9
:101E90005DFDF1200390DFF8AC0502901D2001905C
:101EA0001A2000901A23E078421ED2B205212800A1
:101EB00001F05AFBFFE7A1E0E078002802D00128FA
:101EC00016D02EE0A51CF1200390002002900C20DB
:101ED000019007200090082300220221280001F031
:101EE00043FB0622290014F1080000F02FFD18E042
:101EF000A51C0622290014F1080000F027FDF1209E
:101F00000390DFF8440502901D2001901A200090F4
:101F10001B23E078421ED2B20521280001F024FBE9
:101F2000FFE76BE0E078002802D0012816D02EE011
:101F3000A51CF1200390002002900C2001900720A6
:101F40000090082300220221280001F00DFB062248
:101F5000290014F1080000F0F9FC18E0A51C062285
:101F6000290014F1080000F0F1FCF1200390DFF8E3
:101F7000DC0402901D2001901A2000901C23E078C0
:101F8000421ED2B20521280001F0EEFAFFE735E04B
:101F9000E078002802D0012816D02EE0A51CF12000
:101FA0000390002002900C2001900720009008234D
:101FB00000220221280001F0D7FA0622290014F19C
:101FC000080000F0C3FC18E0A51C0622290014F14B
:101FD000080000F0BBFCF1200390DFF874040290CD
:101FE0001D2001901A2000901D23E078421ED2B2DD
:101FF0000521280001F0B8FAFFE7FFE712E2207997
:102000001F2802D0202836D06BE0E078002802D0CC
:10201000012816D02EE0A51CF1200390002002908C
:102020000C200190072000900923002202212800A3
:1020300001F09AFA0622290014F1080000F086FC4B
:1020400018E0A51C0622290014F1080000F07EFC0F
:10205000F1200390DFF8FC030290202001901F2064
:1020600000901F23E078421ED2B20621280001F022
:102070007BFAFFE735E0E078002802D0012816D08F
:102080002EE0A51CF1200390002002900C2001906E
:1020900007200090092300220221280001F064FAA1
:1020A0000622290014F1080000F050FC18E0A51CDD
:1020B0000622290014F1080000F048FCF1200390EA
:1020C000DFF894030290202001901F20009020232D
:1020D000E078421ED2B20621280001F045FAFFE75F
:1020E000FFE79FE12079222805D0C0F0A5802428B1
:1020F0006DD037D3A0E0E078002802D0012816D0B8
:102100002FE0A51CF1200390002002900C200190EC
:10211000072000900A2300220221280001F024FA5F
:102120000622290014F1080000F010FC19E0A51C9B
:102130000622290014F1080000F008FCC74EF12027
:102140000390029624200190222000902223E07820
:10215000421ED2B20721280001F006FAC048C66329
:10216000FFE769E0E078002802D0012816D02DE0D2
:10217000A51CF1200390002002900C200190072064
:1021800000900A2300220221280001F0EDF9062226
:10219000290014F1080000F0D9FB17E0A51C062265
:1021A000290014F1080000F0D1FBF1200390AD48A4
:1021B000029024200190222000902323E078421EE8
:1021C000D2B20721280001F0CFF9FFE734E0E07830
:1021D000002802D0012816D02DE0A51CF120039084
:1021E000002002900C200190072000900A2300227A
:1021F0000221280001F0B8F90622290014F1080094
:1022000000F0A4FB17E0A51C0622290014F1080029
:1022100000F09CFBF1200390934802902420019051
:10222000222000902423E078421ED2B20721280009
:1022300001F09AF9FFE7FFE7F4E02079262808D0BB
:10224000C0F0DB8028286ED038D3292800F0A08089
:10225000D3E0E078002802D0012816D02DE0A51C9C
:10226000F1200390002002900C20019007200090A4
:102270000B2300220221280001F076F90622290012
:1022800014F1080000F062FB17E0A51C06222900EB
:1022900014F1080000F05AFBF120039073480290FB
:1022A00029200190262000902623E078421ED2B2F9
:1022B0000821280001F058F9FFE79EE0E0780028A7
:1022C00002D0012816D02DE0A51CF120039000209B
:1022D00002900C200190072000900B230022022185
:1022E000280001F041F90622290014F1080000F04D
:1022F0002DFB17E0A51C0622290014F1080000F0B0
:1023000025FBF12003905A480290292001902620B5
:1023100000902723E078421ED2B20821280001F065
:1023200023F9FFE769E0E078002802D0012816D001
:102330002DE0A51CF1200390002002900C200190BC
:10234000072000900B2300220221280001F00CF945
:102350000622290014F1080000F0F8FA17E0A51C85
:102360000622290014F1080000F0F0FAF120039091
:102370004048029029200190262000902823E078F0
:10238000421ED2B20821280001F0EEF8FFE734E047
:10239000E078002802D0012816D02DE0A51CF120FD
:1023A0000390002002900C200190072000900B2346
:1023B00000220221280001F0D7F80622290014F19A
:1023C000080000F0C3FA17E0A51C0622290014F14A
:1023D000080000F0BBFAF120039027480290292062
:1023E0000190262000902923E078421ED2B20821D5
:1023F000280001F0B9F8FFE7FFE713E0062214F127
:102400000801A01C00F0A2FA0CE0154D2878022863
:1024100007D0062214F10801A01C00F097FA002052
:102420002870FFE77FBD0000AC2900207D00002060
:1024300080000020A000002084280020A4000020AC
:102440008C280020A800002094280020AC00002048
:102450009C280020980000209C000020D829002003
:102460007C000020B0000020B4000020BC00002050
:10247000C0000020C4000020C8000020F8B4030001
:1024800000250868E840002800F0D78001260F6882
:1024900016FA05F007403A00002A00F0CC800879CF
:1024A00010F00300012804D0087910F0030002287E
:1024B0001DD19F685FF0030C2800C0B240001CFAD9
:1024C00000FC37EA0C07D1F80CC02800C0B240006D
:1024D0001CFA00FC5CEA07079F605868AE40B043F6
:1024E0004E68C6F30016AE40304304005C600879C5
:1024F00010F0030003280ED0DE6803272800C0B2C6
:1025000040008740BE438F682800C0B2400087402B
:102510003E433400DC60087910F00300022818D133
:102520002800C00803EB8000066A0F2715F007009B
:10253000C0B280008740BE430F6915F00700C0B2EB
:10254000800087403E4334002800C00803EB800031
:1025500004621E6803272800C0B240008740BE43C3
:102560000F7917F003072800C0B2400087403E43B0
:1025700034001C60486810F4403F5CD09548066801
:1025800056F001060660006810F001000090009807
:10259000914F2800800857F820605FF00F0C15F06D
:1025A0000300C0B280001CFA00FC36EA0C06B3F14E
:1025B000904F01D1002414E08848834201D10124C6
:1025C0000FE08748834201D102240AE08548834214
:1025D00001D1032405E08448834201D1042400E0B2
:1025E000072415F00300C0B2800084402643280071
:1025F000800847F820607D4C206890434F68FF02B8
:1026000000D5104320607A4E346894434F68BF026F
:1026100000D514433460774E306890434F68BF0351
:1026200000D510433060744E346894434F68FF0304
:1026300000D5144334606D1C23E7F1BC70472DE9CD
:10264000F041030000250800E840002800F0A880C1
:10265000012616FA05F008400200002A00F09E80CC
:10266000DFF874C1280080085CF820000F2715F0FF
:10267000030E5FFA8EFE5FEA8E0E17FA0EFE1EEA5A
:1026800000000400B3F1904F02D15FF0000E19E09A
:102690005248834202D15FF0010E13E0504883425A
:1026A00002D15FF0020E0DE04E48834202D15FF08E
:1026B000030E07E04C48834202D15FF0040E01E0B4
:1026C0005FF0070E15F00300C0B280001EFA00FE96
:1026D00074452CD14848D0F800E03EEA020EC0F81C
:1026E00000E04448D0F800E03EEA020EC0F800E006
:1026F0003F48D0F800E03EEA020EC0F800E03B4858
:10270000D0F800E03EEA020EC0F800E015F0030049
:10271000C0B2800017FA00F00400280080085CF8BE
:102720002000A043AE465FEA9E0E4CF82E005FF0FC
:10273000030C1868AE465FFA8EFE5FEA4E0E1CFA76
:102740000EFE5EEA000018602800C00803EB800E51
:102750002800C00803EB8000D0F8208015F00700A7
:10276000C0B28000874038EA0707CEF8207098682A
:102770002F00FFB27F001CFA07F7B8439860586833
:10278000AE4030EA06065E60DE682800C0B2400057
:102790001CFA00FC36EA0C0CC3F80CC06D1C52E7A6
:1027A000BDE8F081020010690B009BB2184201D015
:1027B000012000E00020C0B270471300DBB2002B04
:1027C00003D00B009BB2836102E00B009BB28362DB
:1027D00070470000601002400800014000040048FB
:1027E00000080048000C00480010004808040140A0
:1027F0000C040140040401400004014038B5040009
:102800000D00DFF8FC010168200000F006F8A84286
:1028100001D3012000E0002032BD814204D25FF0EC
:10282000FF32101A081800E0081A704738B52DED6D
:10283000048B08EE100A0C001500DFED438A280017
:10284000C0B2FB2810DBB8EEC89A2800C0B24042E4
:10285000C0B200F08BF829EE009A00212000B0EE03
:10286000490A00F0B1F80EE0B8EEC89A2800C0B2EC
:1028700000F07CF889EE009A2900C9B22000B0EE81
:10288000490A00F0A1F8BDEC048B31BD10B4002161
:102890000A00838892B29A4206D2002203680C0092
:1028A000A4B21A55491CF3E70022828010BC70477D
:1028B00010B4040013005A1E9BB2002B02D02170EA
:1028C000641CF7E710BC704770B504000D001600DB
:1028D000DFF8240100782100C9B2884209D3DFF86B
:1028E00024211068002804D0310089B22800126821
:1028F000904770BD38B504000D00280003F0E2FADF
:10290000020092B229002000C0B2FFF7DDFF31BD06
:1029100070B504000D00280003F0D4FA020092B252
:1029200029002000C0B2FFF7CFFFDFF8DC6030687D
:10293000002807D0280003F0C5FA010089B228005A
:102940003268904770BD00000000000030B4040001
:102950000D0013005A1E9BB2002B04D02B7823705D
:102960006D1C641CF5E730BC7047000010B5040016
:102970002000C0B2FB2816DB2000C0B2D0F580706A
:1029800003F0D8FA41EC110B9FED200B03F0EBFAAA
:1029900053EC102B0020194903F0EEFA03F010FC61
:1029A00000EE100A0FE02000C0B203F03DFC41EC45
:1029B000110B9FED160B03F0D6FA51EC100B03F040
:1029C000FFFB00EE100A10BD38B52DED028B82B072
:1029D000B0EE408A04000D0018EE100A03F032FC3D
:1029E000CDE900012A000B49200003F04FFC02B0A2
:1029F000BDEC028B31BD0000180D00200000F03F3F
:102A0000302A0020382A0020342A0020000000004C
:102A1000000024402806010838B500224FF4007158
:102A2000DFF8F00BFFF7C9FE00224FF400715FF0F2
:102A30009040FFF7C2FE03F049FCDFF8DC0BDFF843
:102A4000DC1BC163DFF8D81B421CC1F85821021DF2
:102A5000C1F8702110F114020A62027A81F825206F
:102A600010F118028A63427A81F83D2010F10C03BC
:102A7000C1F8A031027A81F8A521DFF8042C12F107
:102A80003C04C1F8B84110F12405C1F8D051057AD1
:102A900081F8D55112F12005C1F8E85110F128054F
:102AA000C1F80052057A81F8055212F12805C1F8E3
:102AB0001852C1F84832037A81F84D32C1F86042A9
:102AC00010F12C03C1F87832037A81F87D3212F1CB
:102AD0003003C1F8903210F13003C1F8A832037A04
:102AE00081F8AD323832C1F8C02210F11C02C1F8B1
:102AF000F022027A81F8F52210F12002C1F80823B1
:102B0000427A81F80D2310F13402C1F85023827A01
:102B100081F8552310F13802C1F86823827A81F8D0
:102B20006D2310F14002C1F89823C27A81F89D23E9
:102B300010F14402C1F8B023C27A81F8B52310F134
:102B40004802C1F8C823C27A81F8CD2310F14C02A3
:102B5000C1F8E023C07A81F8E503DFF8280B0068AC
:102B6000C1F82804DFF8200B0068C1F8580431BD13
:102B700038B5002000242000C0B2072835DADFF87D
:102B80000C5B2000C0B200012844407801282AD103
:102B90002000C0B200012844406800280ED003F095
:102BA000EDFB2100C9B2090129444968401A2100FE
:102BB000C9B2090129448968884214D30020210040
:102BC000C9B209012944487003F0D8FB2100C9B2F9
:102BD0000901294448602000C0B22100C9B209019E
:102BE0002944C9688847641CC5E7002032BD38B550
:102BF0000400DFF8A45A687800281FD100224FF49F
:102C00000071DFF8100AFFF7D8FD00224FF40071C1
:102C10005FF09040FFF7D1FD03F058FB8920009052
:102C2000202307220521DFF8740A03F0ADFB012001
:102C300068700221DFF8540A03F0EEFC012032BD77
:102C40007CB50400DFF8585A2878002803D0022801
:102C500023D003D33DE003F009FD3AE003F07CFD0F
:102C600089200090202307220521DFF8300A03F095
:102C70008BFBDFF8302A03212C2003F09FFCDFF8C8
:102C8000282A0421082003F099FC03F0C2FD41F238
:102C90008830DFF8F81988611BE00120DFF8F819A7
:102CA000487089200090202307220521DFF8EC09D5
:102CB00003F06AFBDFF8D4690221300003F0ACFCBA
:102CC0000321300003F0A8FC0421300003F0A4FC31
:102CD000FFE72878401C28702100C9B2DFF8AC0952
:102CE00003F0A9FC012076BD70B5040000F0BCF82B
:102CF000DFF8A4596878012803D1A87800F0E8FB30
:102D000004E00021DFF8840903F086FCDFF89C0969
:102D1000A9780278914207D0A9780170DFF890096C
:102D20000068DFF890190860A8780B2812D1DFF846
:102D300084694FF4FA613068FFF760FD012809D11A
:102D4000DFF86C0900683060062215F10801A81C44
:102D5000FFF7FCFD2100C9B2DFF8300903F06BFC7E
:102D6000012070BD10B50400DFF84C19DFF84C09E4
:102D70000069FFF743FD012827D1DFF844090178F6
:102D8000012905D1002101700020DFF80C1988709D
:102D9000DFF830090188491C018042F21071DFF828
:102DA000EC282300DBB21B011A449268B1FBF2F15C
:102DB00002888A420DD300210180DFF8DC18887870
:102DC000002806D00020887003E00120DFF8F0180A
:102DD00008702100C9B2DFF8B40803F02CFC012010
:102DE00010BD38B50400FDF7EAF9DFF8D058287AAD
:102DF000012808D10521DFF8940803F00DFCDFF865
:102E0000B008006828612100C9B2DFF8800803F02B
:102E100012FC012032BD10B50400FDF7B7F9DFF850
:102E20009C080021017000210172012010BD10B525
:102E3000040000224FF40051DFF8D807FFF7BDFC73
:102E4000012010BD10B5040001224FF40051DFF83D
:102E5000C407FFF7B2FCDFF83408210089B28166AD
:102E6000062103F0E8FB10BD38B5DFF8AC47DFF80A
:102E70005808E16B097850F82100DFF8A417C1F871
:102E80003803DFF8480801786170DFF844184078AB
:102E900051F820006060207A00F038FC00EE100A43
:102EA000DFF8DC57B8EE400AD5ED010A20EE200A23
:102EB000BDEEC00A84ED030A607A00F027FC00EE44
:102EC000100AB8EE400AD5ED020A20EE200ABDEE47
:102ED000C00A84ED040A207A00F018FC00EE100A03
:102EE000B8EE400AD5ED030A20EE200ABDEEC00A76
:102EF00084ED050A607A00F009FC00EE100AB8EED5
:102F0000400AD5ED040A20EE200ABDEEC00A84ED89
:102F1000060A207A00F0FAFB00EE100AB8EE400A2A
:102F2000D5ED050A20EE200ABDEEC00A84ED070AA1
:102F3000607A00F0EBFB00EE100AB8EE400AD5ED27
:102F4000060A20EE200ABDEEC00A84ED080A207AA7
:102F500000F0DCFB00EE100AB8EE400AD5ED070ADF
:102F600020EE200ABDEEC00A84ED090A207A00F0A6
:102F7000CDFB00EE100AB8EE400AD5ED090A20EEAE
:102F8000200ABDEEC00A84ED0A0A207A00F0BEFBDA
:102F900000EE100AB8EE400AD5ED0B0A20EE200A2A
:102FA000BDEEC00A84ED0B0A207A00F0AFFB00EE04
:102FB000100AB8EE400AD5ED0D0A20EE200ABDEE4B
:102FC000C00A84ED0C0AA07A00F0A0FB00EE100A03
:102FD000DFF84856B8EE400AD5ED020A20EE200A86
:102FE000BDEEC00A84ED0D0AA07A00F08FFB00EE62
:102FF000100AB8EE400AD5ED010A20EE200ABDEE17
:10300000C00A84ED0E0AE07A00F080FB00EE100AA0
:10301000DFF8C056B8EE400AD5ED000A20EE200ACF
:10302000BDEEC00A84ED100AE07A00F06FFB00EEFE
:10303000100AB8EE400AD5ED010A20EE200ABDEED6
:10304000C00A84ED110AE07A00F060FB00EE100A7D
:10305000B8EE400AD5ED020A20EE200ABDEEC00A05
:1030600084ED120AE07A00F051FB00EE100AB8EE8F
:10307000400AD5ED030A20EE200ABDEEC00A84ED19
:10308000130A31BD2DE9F84F8AB006002021002235
:1030900002AC200003F02AFC0024002500208DF85B
:1030A000050000208DF806001827DFF87485300031
:1030B000C0B27843404490F815903000C0B27843D5
:1030C00040444068002842D001213000C0B200F0E6
:1030D000A9F900280ED13000C0B2784340444268BC
:1030E0003000C0B278434044017D4846C0B203F08E
:1030F00065FA1EE05FF0000A3000C0B27843404439
:10310000406802F0DFFE5146C9B2814207D220205A
:1031100002A95246D2B288541AF1010AECE702AA77
:103120003000C0B278434044017D4846C0B203F04D
:1031300045FA3000C0B278434044406802F0C2FE15
:10314000DFF894150979491C484310FA89F93000D1
:10315000C0B2784340448068002800F03A813000D3
:10316000C0B278434044007B00280BD002281ED018
:1031700012D3042830D024D3062845D036D30728CC
:103180003ED044E03000C0B27843404480680078CC
:10319000002104000D003AE03000C0B27843404402
:1031A000806890F90000C11704000D002FE0300086
:1031B000C0B27843404480680088002104000D00BC
:1031C00025E03000C0B2784340448068B0F9000088
:1031D000C11704000D001AE03000C0B2784340442B
:1031E00080680068002104000D0010E03000C0B2CB
:1031F0007843404480680068C11704000D0006E071
:1032000001208DF8050002E002208DF805009DF8F0
:10321000050000280CD13000C0B278434044407B08
:1032200040420200D2B202A92000FFF7FFFA26E0D6
:103230009DF8050001281AD13000C0B278434044FF
:10324000806802F03FFE202819D23000C0B27843D7
:103250004044806802F036FE020092B23000C0B2F4
:1032600078434044816802A8FFF770FB07E0300014
:10327000C0B278434044806800788DF8080002218D
:103280003000C0B200F0CEF8012823D13000C0B227
:1032900078434044807DC0B200098DF806009DF857
:1032A00006000F2805D0202002A99DF8062088548A
:1032B00010E05FF0000A02A802F004FE5146C9B215
:1032C000814207D2202002A95246D2B288541AF174
:1032D000010AF0E73000C0B201285ED15FF0000AB9
:1032E00000208DF804003000C0B278434044407B99
:1032F000002802D009208DF80400392000902E23E8
:1033000015220F21DFF8D40303F024FB02A802F0FA
:10331000D9FD8346DFF8C0030079401C00FB0BFB9E
:103320005846C0B2022190FBF1F01F280BDA584634
:10333000C0B2022190FBF1F0D0F140009DF80410E2
:1033400050FA81FA07E05846C0B2D0F15F009DF80C
:10335000041050FA81FA02AA3000C0B27843404407
:10336000007D401CC0B2DFF870134979D1EBC00179
:10337000491EC9B25046C0B203F096FC5AFA8BF00F
:103380009DF80490B0EB09098920009020230722C2
:103390000521C24802F0F8FF1BE08920009020239D
:1033A00007220521BD4802F0EFFF02AA3000C0B29B
:1033B00078434044017D4846C0B203F0FFF802A8BC
:1033C00002F080FDC4490979491C484310FA89F08C
:1033D00081463000C0B278434044006900281ED0C6
:1033E0003000C0B2784340448068002817D03000D5
:1033F000C0B2784340448068B94988420FD0300059
:10340000C0B27843404402693000C0B207FB00F705
:1034100008EB0700017D4846C0B203F0CFF80BB0BF
:10342000BDE8F08FF8B504000D007D492200D2B24E
:103430001820424301EB0200817D2800C0B2014008
:103440002800C0B281422FD1C426A64F4FF49671F6
:103450002800C0B2704338442200D2B250F8220093
:10346000FFF7CCF901282AD12800C0B206FB00F6EC
:1034700007EB06002100C9B28D4A126840F82120EE
:10348000312099492A00D2B242430A442300DBB2D8
:103490002E00F6B200FB06F008442100C9B2405CE1
:1034A000D0F10100D0540AE08F492A00D2B2312075
:1034B000424301EB02002100C9B2002242548A4972
:1034C000EDB23120454301EB0500E4B2005DF2BDF1
:1034D00070B50400002603F03FF900F077F82000F3
:1034E000C0B200F07DF82000C0B200F09BF80025CB
:1034F000280080B2312811DA49492A0092B21820F6
:10350000424301EB0200C07D2100C9B2884203D1D1
:103510002800C0B2FFF7B6FD6D1CE9E703F079F9AA
:1035200070BDF0B44271C47803792500EDB2AB42AE
:103530000AD3F0253A4E2700FFB218235F4306EB6B
:1035400007039D75641CEFE71823354C85785D43B0
:1035500025444679AE75002904D0857803FB05F330
:1035600023449960F0BC70472DE9F84F0700884666
:1035700091469A460A9E0B9DDDF830B00D9C87F867
:10358000008087F8019087F802A0FE703D7122004C
:10359000D2B259463800FFF7C4FFBDE8F18F10B42E
:1035A000010000221000C0B204280CD21000C0B2EA
:1035B000085C4E4B1400E4B21B5D984201D0002021
:1035C00002E0521CEEE7012010BC704780B50120DC
:1035D000009008237F220821002003F0E9FB01BDB1
:1035E00010B504002000C0B2002812D12448007891
:1035F000002807D126A20A4890F84410782002F04B
:10360000DDFF06E023A2064890F84410782002F07F
:10361000D5FF10BD000800487C000020D8290020FC
:10362000300100200100C9B20A2924D130490978AB
:10363000002906D002290ED008D3042915D00FD3B3
:1036400018E02C492C4AC2F8701418E02B492A4A79
:10365000C2F8701413E02A49274AC2F870140EE029
:103660002849254AC2F8701409E02749224AC2F8BD
:10367000701404E003E01F491F4AC2F87014704739
:103680006428002060060020CC0000200C000020F0
:10369000200000004E000000AC29002018FA0008AD
:1036A0004F2A0020C803010894FF0008502A002078
:1036B000302A0020082A002080EE360064290020ED
:1036C000512A0020422A002028010020140D002049
:1036D0009C070020BC290020CC290020F0F700081E
:1036E000160D0020CC19002018220020D400002044
:1036F0007C000020D800002030010020E8000020DD
:10370000F800002008010020180100200100080036
:10371000C0B2002801D1012021E00800C0B2FF287A
:1037200001D10A201BE00800C0B2FE2801D16420AC
:1037300015E00800C0B2FD2802D14FF47A700EE007
:103740000800C0B2FC2802D142F2107007E0080065
:10375000C0B2FB2802D1DFF8C00600E001207047AC
:103760002DE9F24F82469346002000210A260027C9
:10377000B046B946009A1588BBF1000F08D5DBF1B9
:1037800000042D202A0092B20AF802006D1C00E00D
:103790005C462000002142464B4603F0A3FB002973
:1037A00001D1002808D0A6FB080106FB091107FB80
:1037B000081180468946ECE7404649460A22002324
:1037C00003F090FB06000F00002F01D1002E28D03F
:1037D0002000002132003B0003F084FB3030290040
:1037E00089B20AF801006D1CA0465FF000092000B4
:1037F000002132003B0003F075FBA6FB002306FB13
:10380000013307FB0033B8EB020079EB030104003E
:10381000300039000A22002303F064FB06000F0089
:10382000D2E7009805802800C0B2BDE8F28F2DE9EC
:10383000FE4F06000F0090460020ADF8000000206B
:10384000002400215FF0000BB7F80090B8F1000FE2
:1038500002D5D8F1000500E0454642463900300067
:10386000FFF77EFFB7F800A0002D4FD09DF80800AD
:10387000FFF74CFF01008D4205D20A2045431BF1A2
:10388000010B002DF7D15846C0B2002821D0504678
:103890000200D2B2324412F8012C2D2A06D00200C6
:1038A000D2B24B4692B29BB29A4208D13022030068
:1038B000DBB2F2541AF1010ABBF1010BE3E702009B
:1038C000D2B2324412F8012C0300DBB2F254401E93
:1038D000DEE70A20B1FBF0F450468346002C15D0F9
:1038E0000A20B4FBF0F45846C0B2304410F8010C82
:1038F0005946C9B27054BBF1010B002CEED12E20F9
:103900005946C9B270541AF1010AE7E7A7F800A0B6
:103910005046C0B2BDE8FE8FF0B4049C00252E00D6
:10392000B6B2A6420BD20E88771C0F802F00BFB212
:1039300017FA83F7D75DB6B287556D1CEFE7F0BC79
:10394000704700002DE9F34F81B02DED028B9FED04
:10395000658A002401250026F7EE008A002738003A
:10396000C0B2202864DA0398F84010F00100040087
:103970003800C0B2172829DA18EE900A02F062FC6B
:1039800082468B462000C0B202F04EFC804689463B
:103990003800C0B2D0F117005FF0FF31484302F0A9
:1039A000C9FA41EC110B9FED500B02F0DCFA51EC1F
:1039B000100B42464B4603F0ADFB52465B4603F00C
:1039C0007BFC02F0FDFB08EE900A2FE03800C0B24D
:1039D0001F2824DA3000C0B202F026FC82468B4653
:1039E0002000C0B202F020FC804689463800C0B2F8
:1039F000173802F09FFA41EC110B9FED3B0B02F0E0
:103A0000B2FA51EC100B42464B4603F083FB524690
:103A10005B4603F051FC03F00DFD060006E02000BC
:103A2000C0B2012802D15FF0FF3005007F1C96E78D
:103A3000280040B202F07EFA804689463000C0B2CB
:103A40007F3802F077FA41EC110B9FED270B02F063
:103A50008AFA51EC100B42464B4603F05BFB804662
:103A6000894618EE900A02F0EDFB42464B4603F001
:103A700051FB02F0A5FB00EE100A049880ED000A4D
:103A8000BDEC028BBDE8F78F70B403000022002468
:103A9000002000252A000E00D2B2F6B2B2421FD298
:103AA0002A00D2B29A5C302A0ADB2A00D2B29A5C8F
:103AB0003A2A05DA2A00D2B29A5C303A140001E0C0
:103AC000002214002A00D2B2002A03D12200D2B26E
:103AD000100003E00A22504350FA84F06D1CD9E72D
:103AE00070BC7047000000000000000000000040B3
:103AF000F8B52DED028B82B004000D00002000907F
:103B000000269FED4E8A0027DFED568A6946200089
:103B1000FFF718FF2800C0B200280AD0FB2836D0D3
:103B2000FC282BD0FD2820D0FE2815D0FF2809D056
:103B300036E09FED420AB0EE408A9FED4A0AF0EE71
:103B4000408A2DE00A2000EE100AB0EE408A9FED78
:103B50003C0AF0EE408A23E09FED3A0AB0EE408A3C
:103B60009FED390AF0EE408A1AE09FED380AB0EE78
:103B7000408A9FED370AF0EE408A11E09FED350A4A
:103B8000B0EE408A9FED340AF0EE408A08E09FEDE7
:103B9000330AB0EE408A9FED320AF0EE408AFFE72A
:103BA0009DED000AB5EE400AF1EE10FA1BDBB8EE0F
:103BB000480ADDED000A20EE200AF2EE040A20EEAB
:103BC000200ABCEEC00A10EE100A0A22B0FBF2F185
:103BD00002FB1101052923D39DED000A30EE280ACE
:103BE0008DED000A1CE0B8EE480ADDED000AF1EEAA
:103BF000600A20EE800AF2EE040A20EE200ABCEEF3
:103C0000C00A10EE100A0A22B0FBF2F102FB110109
:103C1000052905D39DED000A30EE680A8DED000AF6
:103C2000B8EE480ADDED000A20EE200ABDEEC00A1B
:103C300010EE100A02B0BDEC028BF2BD01000000D4
:103C4000CDCCCC3D640000000AD7233CE803000043
:103C50006F12833A1027000017B7D138A0860100F1
:103C6000ACC52737000000002DE9F0412DED028B97
:103C700007000E009FED678A3000C0B200280BD00D
:103C8000FB2800F09E80FC2877D0FD2851D0FE282C
:103C90002CD0FF2807D0B7E000EE107AB8EEC00AAB
:103CA000B0EE408AB0E00A2097FBF0F000EE100A78
:103CB000B8EEC00A5FF00A0810EE100A02F0C2FA6D
:103CC00004000D0097FBF8F008FB1078404602F066
:103CD00031F9524A524B03F01DFA22002B0003F037
:103CE000EBFA02F06DFA08EE100A8DE0642097FB03
:103CF000F0F000EE100AB8EEC00A5FF0640810EEB3
:103D0000100A02F09FFA04000D0097FBF8F008FB80
:103D10001078404602F00EF9424A434B03F0FAF99C
:103D200022002B0003F0C8FA02F04AFA08EE100A4B
:103D30006AE04FF47A7097FBF0F000EE100AB8EEEC
:103D4000C00A4FF47A7810EE100A02F07BFA0400F1
:103D50000D0097FBF8F008FB1078404602F0EAF8F7
:103D6000324A334B03F0D6F922002B0003F0A4FAB9
:103D700002F026FA08EE100A46E042F2107097FBB5
:103D8000F0F000EE100AB8EEC00A42F2107810EE21
:103D9000100A02F057FA04000D0097FBF8F008FB38
:103DA0001078404602F0C6F8224A234B03F0B2F9DD
:103DB00022002B0003F080FA02F002FA08EE100A4B
:103DC00022E0154897FBF0F000EE100AB8EEC00AAA
:103DD000DFF8448010EE100A02F034FA04000D00FF
:103DE00097FBF8F008FB1078404602F0A3F8134A5E
:103DF000134B03F08FF922002B0003F05DFA02F061
:103E0000DFF908EE100AFFE7B0EE480ABDEC028BBE
:103E1000BDE8F08100000000A08601009A99999900
:103E20009999B93F7B14AE47E17A843FFCA9F1D25E
:103E30004D62503F2D431CEBE2361A3FF168E38898
:103E4000B5F8E43E10B42DED010A00206A460023C7
:103E5000042B07D2D45C1900C9B2C9008C4020439E
:103E60005B1CF5E712BC704710B504000121DFF8B8
:103E7000180D02F0E0FB012010BD30B587B0040042
:103E80001421002202AD280002F030FDDFF8940B6F
:103E9000D0E90023CDE9002302A80090DFF8885B79
:103EA0002978684600F035FB28786870BDF8041062
:103EB000009800F097FDDFF8300C8078001F012893
:103EC00009D82878022803DA2878401C287001E0F5
:103ED0000020287001E000202870DFF8AC5C02218F
:103EE000280002F099FB0321280002F0A4FB210026
:103EF000C9B2280002F09FFB012007B030BD10B509
:103F00000400DFF8E81B8888002810D0DFF8E00BF9
:103F100002888B889A4208D1002101800221DFF8B3
:103F2000680C02F079FB012008E0898801802100FB
:103F3000C9B2DFF8540C02F07EFB012010BD2DE960
:103F4000F041040000250026DFF8A07BB888032894
:103F50003DDB3868B988084410F8010C3968BA8824
:103F6000114411F8021C51EA00210E00B988891E83
:103F7000386803F07CFA05002800310080B289B26D
:103F800088421DD10721DFF8000C02F054FB38688D
:103F9000007801280DD1DFF8908A012198F80100FE
:103FA00000F0D0FA98F80120D7E9000100F0BAFA41
:103FB00013E00021DFF8700A407800F0C3FA0CE04B
:103FC0000021DFF8640A407800F0BCFA05E0002127
:103FD000DFF8540A407800F0B5FADFF84C0A407870
:103FE00000F0F6F80221DFF8A00B02F036FB01200A
:103FF000BDE8F0810100DFF81C0D0278032A01D032
:10400000042202700120704710B504002100C9B2DB
:10401000DFF8740B02F00FFB012010BD10B5040097
:10402000DFF8380C0178012936D1DFF8341CC97863
:10403000012931D1DFF82C1C91ED030AD0ED020AE1
:10404000B4EE600AF1EE10FA08DA91ED030AD0ED51
:10405000010AB4EE600AF1EE10FA0ED501224FF417
:1040600000615FF09040FEF7A8FB01224FF4805101
:104070005FF09040FEF7A1FB1CE000224FF40061CE
:104080005FF09040FEF799FB00224FF480515FF003
:104090009040FEF792FB0DE000224FF400615FF0CC
:1040A0009040FEF78AFB00224FF480515FF0904071
:1040B000FEF783FBDFF8D00A4FF47A7181662100A6
:1040C000C9B202F0B8FA012010BD38B50400DFF81B
:1040D000981B087800281FD101200870DFF88C5B3E
:1040E000012210212800FEF768FB00220821280089
:1040F000FEF763FB00220421DFF81C0CFEF75DFBDA
:104100004FF4FA60DFF8801A886703F093FB03F03E
:104110003CFD03F02BFD12E0002008700122082175
:10412000DFF8480BFEF749FB01220421DFF8E80B1A
:10413000FEF743FB4EF66020DFF84C1A886721003B
:10414000C9B2DFF8440A02F076FA012032BD10B598
:104150000400DFF8101B0878002803D1002081F844
:1041600040001AE0DFF880098278052A0ED08278B4
:104170000A2A02D1027A042A08D08278052A05D0B8
:1041800082780A2A06D1007A052803D1032081F813
:10419000400002E0022081F84000DFF8C40AC07845
:1041A000012806D1012081F84100012081F8420058
:1041B00005E0002081F84100002081F84200210044
:1041C000C9B2DFF8C40902F036FA012010BD0000C0
:1041D00038B52DED028B04009FEDCB8A2000C0B2D4
:1041E00000285AD1DFF87C5A95ED010ADFEDC70AA5
:1041F00020EE200ABDEEC00A10EE100A00F0B6F85C
:1042000085ED010A95ED010A00F01EF985ED030A1E
:1042100095ED020A00F07CF985ED040A95ED040A9B
:10422000D5ED060A30EE200ADFF8540CD0ED020A74
:10423000F4EE400AF1EE10FA02D5D0ED020A0BE0DE
:10424000D0ED030AB4EE600AF1EE10FA02D5D0ED1B
:10425000030A01E0F0EE400AC5ED040AD5ED030AB9
:1042600095ED051A30EE818AD0ED000AF4EE480A89
:10427000F1EE10FA02D590ED000A0BE090ED010A84
:10428000B4EE408AF1EE10FA02D590ED010A01E099
:10429000B0EE480A85ED030AFFE7DFF8C859287831
:1042A000002807D10020686095ED010A00F0CCF8E5
:1042B00085ED030A2878002807D10020A86095ED35
:1042C000020A00F025F985ED040ABDEC028B31BD30
:1042D0002DE9F04100242500EDB20A2D43DA002536
:1042E0002E00F6B2092E3CDA2E00F6B201EB86065D
:1042F00076682F00FFB251F82770BE422FDA0026F1
:104300002F00FFB251F82770AC465FFA8CFC01EB2E
:104310008C0CDCF804C0AE465FFA8EFE41F82EC06D
:10432000AC465FFA8CFC01EB8C0CCCF80470AC460C
:104330005FFA8CFC50F82CC0AE465FFA8EFE00EBA4
:104340008E0EDEF804E0A8465FFA88F840F828E010
:10435000AE465FFA8EFE00EB8E0ECEF804C06D1CEA
:10436000BEE7641CB7E7BDE8F081000038B52DED6D
:10437000028B04009FED648ADFF8081B0878002890
:104380002AD10120087000210800C0B20A2815DADD
:104390000800C0B2DFF8F02A0B00DBB242F82300BD
:1043A000DFF8002C0800C0B252F82000002803D12A
:1043B0000800C0B242F82040491CE5E7DFF8E45BA2
:1043C000092300222900DFF8C00AFFF781FF95EDDD
:1043D000050AB8EEC00A30E000200100C9B20A297F
:1043E0001EDADFF8A41A0200D2B251F82220092AFC
:1043F0000BD100220300DBB241F82320DFF8A41B1D
:104400000200D2B241F8224008E00200D2B251F8D4
:104410002220521C0300DBB241F82320401CDCE7C1
:10442000DFF8805B092300222900DFF85C0AFFF730
:104430004FFF95ED050AB8EEC00ADFED340A80EEB5
:10444000200ABDEC028B31BDF0EE400A9FEDAD1AA3
:104450009FEDAD3ADFED2C3AF5EE400AF1EE10FAA1
:1044600040D0F0EE603A9FEDA90ADFF8BC0D90ED68
:10447000004A34EE634AB4EE404AF1EE10FA08DA2C
:1044800090ED004A33EEC44AB4EE404AF1EE10FA21
:1044900003DB9FED9F0A21EE001ADFF8B40B90EDCD
:1044A000000AF0EE401ADFF8AC1B91ED000A30EE86
:1044B000010AB0EE402A32EE030A82EE000AF0EE64
:1044C000402A33EEE10AB0EE614A00EE224A80ED66
:1044D000004AB7EE000A30EE620A20EE020A81EDD1
:1044E000000A08E0DFF86C0B5FF07E510160DFF836
:1044F000600B00210160DFF8580BDFF82C1D02680B
:104500000A6090ED000A7047000000000000C842F9
:10451000704738B504000D002900C9B2200000F032
:104520001BF831BD70B504000D00160020000078A6
:10453000C0B2012805D13200D2B22000290000F01B
:10454000E9F870BD38B504000D002900C9B220009B
:10455000C0B200F077F931BD3EB504000D0028006F
:10456000C0B2002812D0022822D018D304283CD090
:1045700027D3062861D04CD3082800F0868070D35A
:104580000A2800F0AA80C0F09480BAE004200090CD
:10459000012303220121200002F087FFB1E0022065
:1045A0000090182303220121200002F07EFFA8E0E2
:1045B00010200090292303220121200002F075FF22
:1045C0009FE0DFF8300D818804290DD10168019149
:1045D0008088022190FBF1F080B200902923102204
:1045E0000121200002F0AFFF8BE0DFF8080D818889
:1045F00004290DD1016801918088022190FBF1F01E
:1046000080B200902B2310220121200002F09BFF9A
:1046100077E0DFF8E00C818804290DD10168019171
:104620008088022190FBF1F080B200902D231022AF
:104630000121200002F087FF63E0DFF8B80C8188D9
:1046400004290DD1016801918088022190FBF1F0CD
:1046500080B200902F2310220121200002F073FF6E
:104660004FE0DFF8900C818804290DD10168019199
:104670008088022190FBF1F080B20090312310225B
:104680000121200002F05FFF3BE0DFF8680C818829
:1046900004290DD1016801918088022190FBF1F07D
:1046A00080B20090332310220121200002F04BFF42
:1046B00027E0DFF8400C818804290DD101680191C1
:1046C0008088022190FBF1F080B200903523102207
:1046D0000121200002F037FF13E0DFF8180C818879
:1046E00004290DD1016801918088022190FBF1F02D
:1046F00080B20090372310220121200002F023FF16
:10470000FFE737BD95BFD63317B7D138CDCC4C3E78
:1047100000007A442DE9F74F82B00020ADF8000088
:1047200000249DF81000002808D0401E21D0401E13
:1047300030D0401E072840F27F8080E00320ADF893
:10474000000004226946029800F019F90500DFF81C
:104750001465311D2800FFF7F5F804226946029818
:1047600000F00DF9040016F108012000FFF7EAF847
:1047700065E00320ADF8000004226946029800F0CD
:10478000FEF8040000212000FFF7B2F9DFF8D4148E
:10479000C86354E00320ADF8000004226946029883
:1047A00000F0EDF80190DFF8BCB41BF11C0101989A
:1047B000FFF7C8F804226946029800F0E0F8050007
:1047C000CBF8205004226946029800F0D8F8060081
:1047D0001BF124013000FFF7B5F804226946029866
:1047E00000F0CDF80700CBF8287004226946029843
:1047F00000F0C5F880461BF12C014046FFF7A2F8F7
:1048000004226946029800F0BAF88146CBF830904D
:1048100004226946029800F0B2F882461BF1340186
:104820005046FFF78FF804226946029800F0A7F877
:104830000400CBF8384002E000F049F8FFE705B08B
:10484000BDE8F08F0200D2B2002A0A2A1BD80A0063
:10485000D2B2012A0ED1DFF80C24002353700123B9
:1048600013700200D2B2002A0CD10122DFF8F0331B
:10487000DA7007E0DFF8EC235378032B02DA537881
:104880005B1C5370FFE7DFF8DC335A78002A1DD039
:104890005A78032A1ADB00221A7000225A6000227A
:1048A0009A600022DA6100221A6200225A62002213
:1048B0009A620022DA6200221A6300225A630022FE
:1048C0009A630022DA630022E54BDA70704780B504
:1048D0000320DFF8401408700421AB4801F0BDFE4E
:1048E0003220FEF7AFFA01BD80B5DFF8100A00787C
:1048F0004D4908700220DFF81C1408700421A248FA
:1049000001F099FE01BD2DE9F04104000D001600F3
:104910002F00DFF8E0894046FDF7B8FF300080B295
:10492000022802D004280BD01DE07878D8F80010B7
:1049300008703878D8F800104870A8F8046015E0BE
:104940007878D8F8001008703878D8F800104870D7
:10495000F878D8F800108870B878D8F80010C870C7
:10496000A8F8046002E00020A8F80400DFF88C0931
:1049700004700120DFF888190870BDE8F081F0B4F8
:10498000030000200C881500EDB2042D16D125007F
:10499000ADB21D44AE782500ADB21D44ED7855EAA8
:1049A00006252600B6B29E5D2700BFB21F447F7861
:1049B00057EA062757EA054738000DE01500EDB223
:1049C000022D09D12500ADB25D5D2600B6B21E44B0
:1049D000767856EA052630000D8855FA82F50D8066
:1049E000F0BC704770B504000D00DFF818690122B3
:1049F0004FF480513000FDF7E0FE0A2003F0E8F8A4
:104A000003F0ACF84FF47A732A0092B22100DFF879
:104A1000F80803F02EF900224FF480513000FDF722
:104A2000CCFE70BDE00501084A2A00202DE9F041C6
:104A30002DED028B8EB0F0EE408AB0EE608A32210E
:104A400000226C46200001F051FF002700240025C1
:104A5000DFF81082C8ED058A88ED068A98ED050A10
:104A6000FFF7F0F9060098ED060AFFF7EBF980462C
:104A700068463100090E3A00D2B281547F1C3100E1
:104A8000090C3A00D2B281547F1C3100090A3A0065
:104A9000D2B281547F1C3900C9B246547F1C4146B2
:104AA000090E3A00D2B281547F1C4146090C3A00EB
:104AB000D2B281547F1C4146090A3A00D2B28154D5
:104AC0007F1C3900C9B200F801807F1C3A00D2B2C5
:104AD00092B26946DFF8340804F0E8F80EB0BDEC95
:104AE000028BBDE8F0810000AC290020C40C00203E
:104AF000482A002070B500240025DFF8100800784F
:104B0000C0B2FF2839D0DFF808080178C9B2090619
:104B1000DFF800080078C0B251EA0041DFF8F8077A
:104B20000078C0B251EA0021DFF8F0070078C0B287
:104B300001430C00DFF8E8070178C9B20906DFF885
:104B4000E4070078C0B251EA0041DFF8DC070078E2
:104B5000C0B251EA0021DFF8D4070078C0B20143A7
:104B60000D00404E16F114012000FEF7EBFE16F189
:104B700018012800FEF7E6FE04E03A4800214161F2
:104B80000021816170BD0000100800202DE9F04770
:104B90002DED028B8EB00400F0EE408AB0EE608AFC
:104BA000322100226D46280001F0A0FE00250026DB
:104BB0000027DFF8A8A08AF800408AED028ACAED33
:104BC000018A9AED020AFFF73DF980469AED010A43
:104BD000FFF738F9814668469AF800102A00D2B2E9
:104BE00081546D1C4146090E2A00D2B281546D1CBD
:104BF0004146090C2A00D2B281546D1C4146090A73
:104C00002A00D2B281546D1C2900C9B200F801807B
:104C10006D1C4946090E2A00D2B281546D1C4946CA
:104C2000090C2A00D2B281546D1C4946090A2A0097
:104C3000D2B281546D1C2900C9B200F801906D1CDC
:104C40002A00D2B292B26946DFF8E40604F02EF8E8
:104C50000EB0BDEC028BBDE8F0870000D829002023
:104C60001C2A002064280020572A00200004004845
:104C700070B500240025DFF8B8060078C0B2FF2820
:104C80003DD0DFF8B066DFF8B00600783070DFF8AE
:104C9000AC060178C9B20906DFF8A4060078C0B2F4
:104CA00051EA0041DFF89C060078C0B251EA0021C9
:104CB000DFF894060078C0B201430C00DFF88C06E0
:104CC0000178C9B20906DFF888060078C0B251EA57
:104CD0000041DFF880060078C0B251EA0021DFF819
:104CE00078060078C0B201430D0016F108012000DB
:104CF000FEF728FE311D2800FEF724FE08E0DFF84D
:104D0000340600210170DFF85416816000214160F3
:104D100070BD00007C000020000C00482DE9F84F19
:104D20002DED048B8EB0F0EE409AB0EE608AF0EE7E
:104D3000418AB0EE619A3221002201AC200001F0DC
:104D4000D5FD5FF0000B0020009000240025002618
:104D5000DFF82CA1CAED009A8AED018ACAED028A19
:104D60008AED039A9AED000AFFF76CF807009AEDB6
:104D7000010AFFF767F880469AED020AFFF762F82A
:104D800081469AED030AFFF75DF8824601A83900D3
:104D9000090E5A46D2B281541BF1010B3900090C9D
:104DA0005A46D2B281541BF1010B3900090A5A4606
:104DB000D2B281541BF1010B5946C9B247541BF1C1
:104DC000010B4146090E5A46D2B281541BF1010B28
:104DD0004146090C5A46D2B281541BF1010B41469F
:104DE000090A5A46D2B281541BF1010B5946C9B285
:104DF00000F801801BF1010B4946090E5A46D2B258
:104E000081541BF1010B4946090C5A46D2B2815418
:104E10001BF1010B4946090A5A46D2B281541BF1D3
:104E2000010B5946C9B200F801901BF1010B514624
:104E3000090E5A46D2B281541BF1010B5146090C9E
:104E40005A46D2B281541BF1010B5146090A5A4607
:104E5000D2B281541BF1010B5946C9B200F801A02E
:104E60001BF1010B5A46D2B292B201A9DFF8F0044D
:104E700003F01CFF0EB0BDEC048BBDE8F18F000009
:104E8000BC290020582A0020D42800202DE9F04118
:104E90000024002500260027DFF8C4040078C0B2F3
:104EA000FF2871D0DFF8BC040178C9B20906DFF829
:104EB000B8040078C0B251EA0041DFF8B0040078CD
:104EC000C0B251EA0021DFF8A8040078C0B2014363
:104ED0000C00DFF8A0040178C9B20906DFF89804D5
:104EE0000078C0B251EA0041DFF890040078C0B207
:104EF00051EA0021DFF888040078C0B201430D00B8
:104F0000DFF880040178C9B20906DFF87C04007874
:104F1000C0B251EA0041DFF874040078C0B251EA2F
:104F20000021DFF86C040078C0B201430E00DFF806
:104F300064040178C9B20906DFF85C040078C0B2E5
:104F400051EA0041DFF854040078C0B251EA002170
:104F5000DFF84C040078C0B201430F00DFF844844E
:104F600041462000FEF7EEFC18F104012800FEF790
:104F7000E9FC18F108013000FEF7E4FC18F10C011F
:104F80003800FEF7DFFC0BE0DFF81804DFF8CC1385
:104F9000016000214160DFF8101481600021C160D0
:104FA000BDE8F081FC28002078B591B004000D0028
:104FB0003C21002202AE300001F098FC0020ADF848
:104FC00004000321042000F068FD0B200090002362
:104FD000DFF8D82301A902A8FEF79EFC4FF47A73EC
:104FE000BDF8042002A9DFF8C80302F042FE12B0A7
:104FF00070BD78B591B004000D003C21002202AED6
:10500000300001F073FC0020ADF80400BF4803F04D
:105010001DFEC74803F01AFEC64800210170CF49A3
:105020008160002141600D2000900023DFF884237F
:1050300001A902A8FEF770FC4FF47A73BDF80420B2
:1050400002A9DFF86C0302F014FE12B070BD00007C
:10505000202A0020A808002038B590B004000D00D8
:1050600003A8D549322203F065FED448D0E90023D5
:10507000CDE9012303A801900023D148027802A9B9
:1050800003A8FEF7D4FB02200090002377A202A918
:1050900003A8FEF741FC4FF47A73BDF8082001998C
:1050A000C34802F0E6FD11B030BDF8B504000D00B4
:1050B00000262068007830283ADB206800783A28FB
:1050C00036DA002700200100C9B2A28889B29142D5
:1050D0000FD221680200D2B2895C302905DB216839
:1050E0000200D2B2895C3A2900DB02E07F1C401C3E
:1050F000E9E73900C9B22068FEF7C6FC0600B6F53C
:10510000807F0DD2AE4841783000C0B200F0C5FCBF
:105110004FF47A73022278A1A54802F0AAFD0EE0AE
:105120004FF47A730522A749A14802F0A2FD06E0D8
:105130004FF47A730522A3499D4802F09AFDF1BD10
:1051400038B590B004000D0003A89F49322203F047
:10515000F1FD9E48D0E90023CDE9012303A8019089
:1051600000239748427802A903A8FEF760FB0220BB
:10517000009000233DA202A903A8FEF7CDFB4FF447
:105180007A73BDF808200199894802F072FD11B0C8
:1051900030BDF8B504000D000026206800783028E6
:1051A00039DB206800783A2835DA00270020010032
:1051B000C9B2A28889B291420FD221680200D2B24C
:1051C000895C302905DB21680200D2B2895C3A296A
:1051D00000DB02E07F1C401CE9E73900C9B220680F
:1051E000FEF752FC06000C2E0DD23100C9B27448F5
:1051F000007800F052FC4FF47A7302223EA16C4812
:1052000002F037FD0EE04FF47A7305226D496848CD
:1052100002F02FFD06E04FF47A73052269496448D5
:1052200002F027FDF1BD0000242A002080B5FFF721
:1052300061FCFFF71DFDFFF729FE65486549C0F8D1
:10524000A4136549C0F8B4136449C0F8C413644991
:10525000C0F8D4136349C0F8E4136349C0F8F413E9
:1052600002F093FC02F082FC01BD00000D0A000078
:1052700070B50020002400252800C0B2092836DAC5
:105280005A4E2800C0B200013044407801282CD189
:10529000012004002800C0B200013044406800280A
:1052A0000ED001F06BF82900C9B2090131444968F8
:1052B000401A2900C9B2090131448968884214D3CF
:1052C00000202900C9B209013144487001F056F8A4
:1052D0002900C9B20901314448602800C0B2290040
:1052E000C9B209013144C96888476D1CC4E7200070
:1052F000C0B270BDA00800204F4B0000562A00200D
:105300007C00002000080048BC23002000080208A0
:105310000208020803080208040802080508020837
:105320000608020807080208080802080908020817
:1053300000100208D82900200210020803100208F9
:1053400004100208051002080610020807100208DF
:1053500008100208091002080A1002080000204183
:10536000002002080220020803200208042002088C
:10537000052002080620020807200208082002086B
:10538000092002080A2002080B2002080C2002084B
:105390000D2002080E2002080F200208102002082B
:1053A00011200208BC2900200000A042E0030108EF
:1053B000AC220020D000010898EF0008E8050108A1
:1053C000140D0020D805010890FD0008F005010823
:1053D000B4080020A94F0008F34F000859500008F6
:1053E000AB500008415100089351000810080020FC
:1053F00002000020704730B40200DFF8980A002352
:1054000004688588635583885B1C8380DFF8883A4D
:105410001B7804688588635583885B1C8380012022
:1054200030BC7047F8B504000D00002000212E00AC
:1054300022683300DBB2D25C23683700FFB23B4402
:105440005F7857EA02273A0092B2B2F5807F23DAFA
:10545000380080B200281FD0DFF8380A21683200F7
:10546000D2B2895C02688388D1548188491C8180CA
:1054700021683200D2B21144497802688388D1543D
:105480008188491C8180DFF8100A41783800C0B259
:1054900000F003FB012000E00020F2BD30B4020068
:1054A000DFF8F009002304688588635583885B1C56
:1054B0008380DFF8E4395B780468858863558388E6
:1054C0005B1C8380012030BC7047F8B504000D00E0
:1054D000002000212E0022683300DBB2D25C23685A
:1054E0003700FFB23B445F7857EA02273A0092B296
:1054F0000B2A1FDADFF89C0921683200D2B2895CDE
:1055000002688388D1548188491C818021683200D7
:10551000D2B21144497802688388D1548188491CE9
:1055200081803900C9B2DFF87009007800F0B5FA5F
:10553000012000E00020F2BDF8B504000D000026B7
:10554000DFF8580990ED030AFEF77CFC0100DFF854
:1055500044090A00120A03688788DA558288521CB7
:10556000828002688388D1548288521C82800A001B
:10557000120E03688788DA558288521C82800A00DE
:10558000120C03688788DA558288521C82800120B9
:10559000F2BDF8B504000D000026DFF8000990ED1B
:1055A000040AFEF74FFC0100DFF8E8080A00120ABF
:1055B00003688788DA558288521C82800268838853
:1055C000D1548288521C82800A00120E0368878898
:1055D000DA558288521C82800A00120C0368878880
:1055E000DA558288521C82800120F2BDF8B5040091
:1055F0000D0000269FEDA30AFEF724FC0100DFF852
:1056000094080A00120A03688788DA558288521CB7
:10561000828002688388D1548288521C82800A006A
:10562000120E03688788DA558288521C82800A002D
:10563000120C03688788DA558288521C8280012008
:10564000F2BD0000F8B504000D0000269FED8D0AA4
:10565000FEF7F8FB0100DFF83C080A00120A0368B5
:105660008788DA558288521C828002688388D154E8
:105670008288521C82800A00120E03688788DA55DD
:105680008288521C82800A00120C03688788DA55CF
:105690008288521C82800120F2BD30B40200DFF803
:1056A000F407002304688588635583885B1C838026
:1056B000DFF8E83793F840300468858863558388BD
:1056C0005B1C8380012030BC704730B40200DFF8DF
:1056D000C407002304688588635583885B1C838026
:1056E000DFF8B83793F841300468858863558388BC
:1056F0005B1C8380012030BC704730B40200DFF8AF
:105700009407002304688588635583885B1C838025
:10571000DFF8883793F842300468858863558388BA
:105720005B1C8380012030BC704730B40200DFF87E
:105730006407002304688588635583885B1C838025
:10574000002304688588635583885B1C838001205F
:1057500030BC704730B40200DFF83807002304681B
:105760008588635583885B1C838000230468858853
:10577000635583885B1C8380012030BC704730B444
:105780000200DFF8100700230468858863558388CA
:105790005B1C8380DFF808371B78046885886355B5
:1057A00083885B1C8380012030BC7047F8B50400FF
:1057B0000D00002000212E0022683300DBB2D25CF5
:1057C00023683700FFB23B445F7857EA02273A006C
:1057D00092B2012A03D0380080B2002822D1DFF82B
:1057E000B40621683200D2B2895C02688388D15441
:1057F0008188491C818021683200D2B211444978E5
:1058000002688388D1548188491C8180DFF8900622
:10581000D0ED020A90ED010A3800C0B2FFF7B6F9E8
:10582000012000E00020F2BDF8B504000D000026C4
:10583000DFF86C0690ED020AFEF704FB0100DFF8CA
:1058400054060A00120A03688788DA558288521CB7
:10585000828002688388D1548288521C82800A0028
:10586000120E03688788DA558288521C82800A00EB
:10587000120C03688788DA558288521C82800120C6
:10588000F2BD0000000000002DE9F84304000D0007
:105890000026002000900027A84620684146C9B293
:1058A0000844817820684246D2B21044C07850EA59
:1058B000012021684246D2B2895C22684346DBB2AD
:1058C0001A4492F8019059EA012959EA0049DFF88F
:1058D000C40521684246D2B2895C02688388D154EB
:1058E0008188491C818021684246D2B2114449789E
:1058F00002688388D1548188491C8180216842468E
:10590000D2B21144897802688388D1548188491CB5
:10591000818021684246D2B21144C97802688388E6
:10592000D1548188491C818069464846FEF70AF8AF
:10593000DFF86C05DDED000A90ED010A0078FFF755
:1059400025F90120BDE8F283F8B504000D0000261A
:10595000DFF84C0590ED010AFEF774FA0100DFF85C
:1059600034050A00120A03688788DA558288521CB7
:10597000828002688388D1548288521C82800A0007
:10598000120E03688788DA558288521C82800A00CA
:10599000120C03688788DA558288521C82800120A5
:1059A000F2BD2DE9F84304000D0000260020009010
:1059B0000027A84620684146C9B20844817820687B
:1059C0004246D2B21044C07850EA012021684246D3
:1059D000D2B2895C22684346DBB21A4492F8019045
:1059E00059EA012959EA0049DFF8A804216842462A
:1059F000D2B2895C02688388D1548188491C818035
:105A000021684246D2B21144497802688388D15451
:105A10008188491C818021684246D2B2114489782C
:105A200002688388D1548188491C8180216842465C
:105A3000D2B21144C97802688388D1548188491C44
:105A4000818069464846FDF77DFFDFF85404D0EDBC
:105A5000020A9DED000A0078FFF798F80120BDE8E2
:105A6000F28370B504000D00DFF8386401222021B4
:105A70003000FCF7A2FE0A2002F0AAF84FF47A7375
:105A80002A0092B22100DFF8200402F0F2F800228E
:105A900020213000FCF791FE70BD7CB504000D00A4
:105AA000082100226E46300000F020FF0026DFF8BB
:105AB000E80304704570694602783300DBB2CA54CB
:105AC000761C40783200D2B28854761C3200D2B2B2
:105AD00092B26946DFF8D40303F0E8F873BDDFF84B
:105AE000CC030078C0B2FF280AD0DFF8AC03DFF89F
:105AF000C01309780170DFF8BC130978417005E024
:105B0000DFF89403042101700321417070472DE9EF
:105B1000F04F87B0040000275FF000085FF0000935
:105B20000025DFF89423D2E90001CDE90201002627
:105B3000DFF88823D2E90001CDE90401DFF854A39E
:105B40005046FCF7A3FEA0880828C0F29E8120687A
:105B5000A188084410F8010C2168A288114411F8AA
:105B6000021C51EA0021ADF81810A188891E206896
:105B700001F07DFCADF81A00BDF81A00BDF8181050
:105B8000884240F0808120680078C34909788842C3
:105B900040F07981206880782168CF7857EA002723
:105BA00020684078032807D0042805D006286DD047
:105BB000102800F0C48062E12068007921684979EA
:105BC00051EA00210D005FF001084046C0B20F28E5
:105BD00036DA5FF01409DFF8E8B24046C0B209FBDC
:105BE00000F058444068390089B2884225D1280025
:105BF00080B24146C9B209FB01F159448968884223
:105C00001BDB002100204246D2B209FB02F25A44BB
:105C1000D268904701280FD14046C0B209FB00F07E
:105C2000584480682D1A4046C0B209FB00F90BEBBE
:105C300009008068C71900E002E018F10108C4E714
:105C4000BAF80400002820D0BAF80400022190FB22
:105C5000F1F201FB1200002817D1DAF800000190E0
:105C6000BAF80400022190FBF1F080B200903B00F2
:105C70009BB2206842782068017804A801F0D7FC24
:105C8000BDF814100498FFF7ECFEFAE004200100C0
:105C9000C9B2A288921E91420EDA21680200D2B2E5
:105CA000895C029ABDF80C30D154BDF80C10491C27
:105CB000ADF80C10401CEAE75FF001084046C0B2A6
:105CC0000F2817DA14227E4B4046C0B250431844C6
:105CD0004068390089B2884209D1002102A8C4462F
:105CE0005FFA8CFC02FB0CF21A441269904718F11F
:105CF0000108E3E7BAF8040000281FD0BAF804004E
:105D0000022190FBF1F201FB1200002816D1DAF813
:105D100000000190BAF80400022190FBF1F080B27B
:105D200000903B009BB206222068017804A801F095
:105D3000CFFCBDF814100498FFF793FEA1E00020FB
:105D40000600206800792168497951EA00210D0098
:105D500007200100C9B2A288921E91420EDA216882
:105D60000200D2B2895C029ABDF80C30D154BDF861
:105D70000C10491CADF80C10401CEAE7280080B25A
:105D800040002168897988424DD1BDF80C00216816
:105D9000897989B2884246D15FF001084046C0B295
:105DA0000F2840DA5FF01409DFF814B14046C0B2A2
:105DB00009FB00F058444068390089B288422FD16D
:105DC000280080B24146C9B209FB01F159448968F3
:105DD000884225DB310089B202A84246D2B209FBD3
:105DE00002F25A4412699047012818D14046C0B2C5
:105DF00009FB00F058448068400010FA86F64046DF
:105E0000C0B209FB00F0584480682D1A4046C0B269
:105E100009FB00F90BEB09008068C71900E002E0FC
:105E200018F10108BAE7BAF80400002826D0BAF839
:105E30000400022190FBF1F201FB120000281DD1A9
:105E4000206880782168C97851EA00210F00DAF8CB
:105E500000000190BAF80400022190FBF1F080B23A
:105E600000903B009BB210222068017804A801F04A
:105E70002FFCBDF814100498FFF7F3FD01E000209B
:105E800004E0012002E0002000E0002007B0BDE8AF
:105E9000F08F0000C8070020140D002064280020A7
:105EA000D829002000040048342300200000020804
:105EB0000200020803000208C8050108D005010815
:105EC0007006002000F10103810704D010F8011BC7
:105ED000820781B1FAD10268A2F10131914311F038
:105EE000803104BF50F8042FF6E709BAB1FA81F106
:105EF00000EBD100401CC01A704730B4002513E0FD
:105F000050F8042BD30744BFA9F101039A18091FC5
:105F1000042942F8045BFAD213468C0744BF15806B
:105F20009B1CC90748BF1D7050F8041B0029E7D10E
:105F300030BC7047C11768B14840401AB0FA80F2CF
:105F40009040D21CC907C2F5846241EA025202EBBA
:105F5000D021400570470268531C036011707047E0
:105F600041EC100B01BD80B553EC112B51EC100B23
:105F700002F034FFF4E72E00F0B540F2FF7581EA3D
:105F8000030C0CF0004C15EA11541DBF15EA135711
:105F9000AC42AF42E5E0BC41C1F31301C3F31303CC
:105FA000801A994143F4801304D2641E4000494191
:105FB00080185941C90241EA5051B1FBF3F603FB85
:105FC0001611A2FB0675D7EBC020A94102D2761E9E
:105FD00080185941C90241EA5051B1FBF3FE03FB5D
:105FE0001E11A2FB0E75D7EBC020A94103D2AEF162
:105FF000010E80185941890241EA9051760546EA1E
:106000008E2EB1FBF3F603FB1611A2FB0675D7EB40
:106010008020A94102D2761E80185941C90241EA66
:1060200050514EEA060EB1FBF3F603FB1611A2FB2C
:106030000675D7EBC020A94102D2761E80185941BF
:10604000C90241EA5051B1FBF3F703FB1711A2FB60
:106050000735D3EBC020A94167F100070CBF004210
:1060600047F0010766F3D5274FEA1E31B80814F54B
:10607000806412DDBD0775F1004250EB0E5051EB0C
:10608000045111F5801F5CBF41EA0C01F0BD4CF0DA
:106090007F6141F0E0410020F0BDBD076D0840EA9E
:1060A0000E5041F48011D4F10104B4F120060ADA53
:1060B000C4F120060200E04001FA06F3E140184373
:1060C000B24015430EE0342C13DCC6F1200445EA3F
:1060D00040056D0820FA06F2154321FA06F0A140AA
:1060E0000D43002175F1004250F1000051EB0C010D
:1060F000F0BD00205FEA0C01F0BDCFB992185B4102
:10610000B3FA83F704BFB2FA82F6BF190B3FB7F1B7
:1061100020062FBF02FA06F3BB40C7F1200622FA81
:1061200006F638BF3343BA401CB1E419641E33E7A6
:106130007F4231F00041B1FA81F404BFB0FA80F639
:10614000A4190B3CB4F120062FBF00FA06F1A140C0
:10615000C4F1200620FA06F638BF3143A0403C1BAC
:106160001AE7AC421ABF05EA1357AF4212E050EAF1
:1061700041061CBF52EA4306BFE750EA41073046DA
:1061800061461CBF41EA0551F0BD52EA430C08BF0D
:10619000C143F0BD00204FF4001616EB410F98BF2D
:1061A00016EB430F08BF16EB410F24BFC14305E0B8
:1061B00016EB430F0CBF61464CEA0551F0BD0000E1
:1061C00001F000428B1AA3F16051B1F5801F0ADB88
:1061D000B1F17F6F1FD242EAC102C10071F10041EB
:1061E00042EB507070470B15C3F10903212B10D2FD
:1061F000890241EA905180020128494141F0004161
:1062000021FA03F0C3F12003994071F1004150419C
:106210007047100070476FF0000013EB103F5CBF39
:10622000000E42EAC0507047014648B1B0FA80F112
:106230008840C91CC1F58461090501EBD0214005E6
:1062400070470000C0F3C75181B1FF2906D0C110CB
:10625000400721F0E04101F16051704741020CBF5D
:1062600040F4E0016FF000410020704700F0004171
:1062700000020AD0B0FA80FC00FA0CF001F1605183
:10628000A1EB0C5101EBD021400570470CB430B5A7
:1062900083B00A4606A902910446002501940095A0
:1062A00002AB01A9084878441E3003F00DF9019AA9
:1062B000157000284EBF04460198041B204603B009
:1062C00030BC5DF80CFB00BF8FFCFFFF80B50122E6
:1062D00040212348FCF771FA2249234800F04EFA86
:1062E00000F01EF8012000F005F800F0D1FA00F0EF
:1062F0001FFA01BD704711B581B0194C0022402131
:106300002000FCF75AFA4FF47A73012201A91748CA
:1063100004F03AF9012240212000FCF74EFA13BDA7
:1063200010B50F4C002240212000FCF746FA002255
:1063300080212000FCF741FA012000F019F8052027
:1063400000F016F8012280212000FCF736FA052023
:1063500000F00EF8012240212000FCF72EFA10BDBB
:1063600000080048FC290020CC110020C426002091
:1063700010B50400200001F02BFC10BD014800689E
:10638000704700BF0C2A002070B4039CDFF88052D5
:10639000286029716A71AB71EC7100262E7270BC95
:1063A00070472DE9F84F04000D00160000275FF03C
:1063B0000008DFF85C9299F80500082880F2FC805C
:1063C000300099F80610C0B2884205D399F807004A
:1063D0003100C9B2884201D22E200600402099F82F
:1063E0000510491C90FBF1F02900C9B2814280F2EE
:1063F000E38099F8040050FA84F0802880F2DC8071
:1064000099F805305B1C99F8050003FB05035B1C3C
:10641000DBB299F804201219D2B299F80500401C99
:1064200015FB00F1C9B22000C0B200F029F900212B
:10643000080099F80420C0B2904280F0BD8000208E
:1064400015FB00F00200D2B2082392FBF3F2170012
:10645000C0B2082290FBF2F302FB13008046FF2239
:106460006C4BD3F800C03800C0B250FA85FE8020D3
:1064700000FB0EFE5EFA84FED3F800A03800C0B226
:1064800050FA85FB802000FB0BFB5BFA84F01AF8C6
:1064900000A0D8F1080B100050FA0BF010EA0A0A1D
:1064A0000CF80EA0D3F800C03800C0B250FA85FE38
:1064B000802000FB0EFE5EFA84F00090D3F800E02E
:1064C0003800C0B250FA85FA802000FB0AFA5AFA66
:1064D00084F01EF800E0D9F800A0B3465FFA8BFB09
:1064E00099F80600BBEB000099F804B00BFB00FB29
:1064F0000AEB0B008A465FFA8AFA10F80A0010FAD3
:1065000008F050EA0E00DDF800E00CF80E00D3F8B9
:1065100000C03800C0B250FA85FE802000FB0EFE9D
:106520005EFA84F08444D3F800E03800C0B250FA38
:1065300085FA802000FB0AFA5AFA84F0704490F839
:10654000800012FA08F202408CF880201A683800A5
:10655000C0B250FA85FC802000FB0CFC5CFA84F091
:1065600002441B683800C0B250FA85FC802000FB52
:106570000CFC5CFA84F0184490F88030D9F800C024
:10658000B6465FFA8EFE99F80600BEEB000E99F84B
:10659000040000FB0EFE0CEB0E008C465FFA8CFC38
:1065A00010F80C00D8F1080C50FA0CF0034382F8F4
:1065B0008030641C491C3BE7BDE8F18FF8B507004B
:1065C0000C001600124D6879082820DA307800286F
:1065D0001DD032782100C9B23800C0B2FFF7E1FE09
:1065E000761C2879401CC719287950FA87F0401C7E
:1065F000812802DB00200700641C40206979491CC7
:1066000090FBF1F02100C9B28142DFDBFFE7F1BD71
:10661000CC290020002A0020020001200B00DBB260
:106620001B011344587000200B00DBB21B01134404
:1066300058600120704738B504000D000120290082
:10664000C9B2090121444870FFF798FE2900C9B278
:10665000090121444860012032BD020000200B00E6
:10666000DBB21B01134458700120704780B503480A
:1066700000F024FC00F0CDF801BD0000F0F30008AC
:1066800070B40400E4B2802C01DB7F2420001400ED
:10669000E4B2802C01DB7F2422000C00E4B2402C09
:1066A00001DB3F2421001C00E4B2402C01DB3F242D
:1066B0002300354C050026683678EDB2B54201D28C
:1066C000256828702568AD781600F6B2B54201D26B
:1066D0002568AA700D0026687678EDB2B54201D221
:1066E000256869702568ED781E00F6B2B54201D2C2
:1066F0002468E37070BC704723487F2102681170E2
:106700000021026891703F210268517000210068E9
:10671000C17070471C480021026811707F21026817
:1067200091700021026851703F210068C17070476C
:1067300070B54FF480640025144806682A002100D3
:10674000300000F0D3F83F237F2200210020FFF724
:1067500097FF00F05EF870BD70B54FF480640025BF
:106760000A4806682A002100300000F0BFF83F23E5
:106770007F2200210020FFF783FF70BD034A1060D5
:10678000014A116070470000042A0020002A0020FE
:1067900010B5040000224FF480713A48FCF70DF860
:1067A0002000C0B2FFF7A7FD10BD10B50400012204
:1067B0004FF480713348FCF700F82000C0B2FFF7B7
:1067C0009AFD10BD10B5040014F00F0050F0B00099
:1067D000C0B2FFF7DDFF10BD10B504002000C0B24D
:1067E00000F005F82000C0B200F00CF810BD10B5A4
:1067F00004002000C0B2000950F01000C0B2FFF742
:10680000C7FF10BD10B5040014F00F00FFF7C0FF64
:1068100010BD70B500242000C0B210282EDA1A4D29
:10682000286840782100C9B2491CB0EBC10F23DAB7
:106830002868C0782100C9B2B0EBC10F1EDB200070
:10684000C0B2FFF7BFFF28680078FFF7C5FF2868D0
:106850000678286880783100C9B288420CD30B488A
:1068600001682200D2B28020424352FA86F0085CCE
:10687000FFF79BFF761CECE7641CCCE7FFF73CFFBF
:1068800070BD000000080048042A0020002A0020F3
:1068900080B5AE20FFF77CFFA220FFF779FFA02094
:1068A000FFF776FFC820FFF773FF2F20FFF770FF79
:1068B000322001F08DF9A420FFF76AFF4020FFF796
:1068C00067FF2520FFF764FF0A2001F081F981208E
:1068D000FFF75EFF1220FFF75BFFFFF729FFAF20F6
:1068E000FFF756FF052001F073F901BD62F30F2297
:1068F00062F31F42401810F0030308D0C91A1FD3D7
:10690000DB0748BF00F8012D28BF20F8022D130037
:1069100030B414461546103928BF20E93C00FAD897
:10692000490728BF20E90C0048BF40F8042D890022
:1069300028BF20F8022D48BF00F8012D30BC704759
:10694000C91818BF00F8012DCB0728BF00F8012D8A
:106950007047000070B4039CDFF8845328602971ED
:106960006A71AB71EC7101262E7270BC70472DE913
:10697000F74F04000D00DFF868639DF80800B17957
:10698000884204D3F0799DF80810884202D22E2064
:106990008DF80800307A002845D100273800317979
:1069A000C0B288423DD231689DF80820B079121AF1
:1069B0003079424301EB02003900C9B210F801906E
:1069C000002080464046C0B2082828DA3800C0B20D
:1069D00050FA84F0802805DA4046C0B250FA85F0BB
:1069E000402801DB00205DE1012010FA08F0494653
:1069F000C9B2014208D0012218EB0501C9B2381909
:106A0000C0B200F06FF907E0002218EB0501C9B22F
:106A10003819C0B200F066F918F10108D2E77F1CFE
:106A2000BCE730793EE1307A012840F08E80707901
:106A3000082190FBF1F201FB1200012806DB7079BE
:106A4000082190FBF1FB1BF1010B03E07079082199
:106A500090FBF1FB31795846C0B24143491C8DF897
:106A6000011031689DF80820B079121A9DF80100D4
:106A7000424301EB020001788DF80010401C0190A8
:106A80005FF0000840469DF80010C0B2884259D21D
:106A90005FF0000948465946C0B2C9B288424ED29A
:106AA00001994246D2B25846C0B2424301EB0200BD
:106AB0004946C9B210F801A0002007003800C0B252
:106AC000082839DA4046C0B250FA84F0802808DA43
:106AD0004846C0B2C00050FA85F050FA87F040280E
:106AE00001DB0020DEE04846C0B2C00050FA87F06B
:106AF000717988421EDA0121B9405046C0B208427D
:106B00000CD001225FFA89F915EBC9017918C9B2D5
:106B100018EB0400C0B200F0E5F80BE000225FFAC9
:106B200089F915EBC9017918C9B218EB0400C0B294
:106B300000F0D8F87F1CC1E719F10109AAE718F1A4
:106B400001089FE79DF80000ACE0307A022840F091
:106B5000A8807079082190FBF1F0401C8DF80000AE
:106B600030799DF8001010FB01F08DF802003168BB
:106B70009DF80820B079121A9DF80200424301EBFB
:106B80000200019096F804B000208DF80100002169
:106B90000020002210009DF80030C0B298420CD2B4
:106BA0003079431E9DF801001B1A13FB02F0019B74
:106BB000C0B2185C0100521CECE70800C0B200280B
:106BC0000BD1BBF1010B5846C0B2002805D09DF88F
:106BD0000100401C8DF80100D9E7002738009DF81E
:106BE0000010C0B2884259D25FF0000840465946B2
:106BF000C0B2C9B288424FD201993A00D2B23079BC
:106C0000424301EB02004146C9B210F801905FF027
:106C1000000A5046C0B208283BDA4046C0B250FADB
:106C200084F0802808DA3800C0B2C00050FA85F03D
:106C300050FA8AF0402801DB002033E03800C0B26F
:106C4000C00050FA8AF0717988421FDA012111FAE6
:106C50000AF14846C0B208420CD00122FFB215EB3F
:106C6000C7011AEB0101C9B218EB0400C0B200F071
:106C700039F80BE00022FFB215EBC7011AEB010156
:106C8000C9B218EB0400C0B200F02CF81AF1010AE6
:106C9000BFE718F10108A9E77F1C9FE75846C0B27B
:106CA00000E00020BDE8FE8FF8B504000F001500DD
:106CB0000B484079D0F13F003900C9B288420EDB61
:106CC000287800280BD02A783900C9B22000C0B239
:106CD000FFF74DFE0600701C04196D1CF0E7F1BDB6
:106CE000CC290020F8B504000D0016002000C0B229
:106CF000802803DA2800C0B2402800DB57E03000CB
:106D0000C0B2002824D02900C9B20822DFF8CC3153
:106D10002800C0B2082790FBF7F78020474357FAB6
:106D200084F72800C0B25FF0080C90FBFCFC8020C8
:106D300000FB0CFC5CFA84F0185C5FF0010C91FB2A
:106D4000F2FE02FB1E111CFA01F10143D95524E0A9
:106D50002900C9B20822DFF884312800C0B2082710
:106D600090FBF7F78020474357FA84F72800C0B21A
:106D70005FF0080C90FBFCFC802000FB0CFC5CFA34
:106D800084F0185C5FF0010C91FBF2FE02FB1E1117
:106D90001CFA01F130EA0101D9552B00DBB22200C7
:106DA000D2B22900C9B22000C0B2FFF769FCF1BD20
:106DB0002DE9F84F05000E00170098460A9C380090
:106DC000C0B22900C9B2401A03F0F7FD814640461F
:106DD000C0B23100C9B2401A03F0EFFD814502DABA
:106DE0005FF0010B01E05FF0000B5846C0B20028D5
:106DF00005D0280035000600380047468046380098
:106E00002900C0B2C9B2884205D228003D0007005F
:106E10003000464680464346DBB23A00D2B23100EB
:106E2000C9B22800C0B2FFF72BFC781B8DF8000018
:106E30004046C0B23100C9B2401A03F0BEFD8DF821
:106E400001009DF80000022190FBF1F9300041465D
:106E5000C0B2C9B2884202D25FF0010A01E05FF01D
:106E6000FF3A38002900C0B2C9B2884224D358463C
:106E7000C0B2002808D02200D2B22900C9B2300026
:106E8000C0B2FFF72FFF07E02200D2B23100C9B233
:106E90002800C0B2FFF726FF9DF80100B9EB0009FA
:106EA000484640B2002805D51AEB06069DF80000BA
:106EB00010EB09096D1CD4E7BDE8F18FF8B50400AB
:106EC0004FF480652600064807682A003100380024
:106ED00001F030FFFFF71EFCF1BD0000CC110020D7
:106EE000002A0020BBBBE1B1B2F5803F80F07E807C
:106EF000022A1ED98C46B1FBF2F102FB11C31B041E
:106F000043EA1043B3FBF2FC02FB1C3380B240EABD
:106F10000343B3FBF2F002FB103240EA0C400023C3
:106F20007047022A05D98446B0FBF2F002FB10C27A
:106F300070474AB105D100F0010249085FEA30000C
:106F4000704700220023704703F03CBD0B00020095
:106F5000002100207047904271EB030CF6D3B3F58B
:106F6000803F2FD2F0B5B3FA83F7B1FA81F4A7F1DD
:106F70000F0E3D1B5340CEF1200602FA0EF2F341F4
:106F80005340B5F10F0746D80F3C2C444140C4F1A3
:106F90002006A040F1414140B1FBF3F603FB16117E
:106FA000A2FB0645001BA94102D2761E801859415A
:106FB00080EA010221FA0EF362FA0EF200215A4031
:106FC0003046F0BD30B4B1FBF3FC03FB1C11A2FB57
:106FD0000C45001BA94103D2ACF1010C80185941AA
:106FE00030BC02460B46604600217047B2F1807FFC
:106FF00065D3F0B5B2FA82F7B1FA81F4C7F10F06A2
:107000003D1B22FA06F307F1110EF24120355A40DA
:10701000B5F10F07B8D94140C4F12006A040F141B5
:107020004140B1FBF3FC03FB1C11A2FB0C45001B10
:10703000A94103D2BCF1010C801859410F2F12D382
:107040000F3FC90341EA5041B1FBF3F603FB1611B0
:10705000A2FB0645D4EBC030A94102D2761E8018AF
:10706000594146EACC3C07B34140C7F12006B8403D
:10707000F1414140B1FBF3F603FB1611A2FB0645BB
:10708000001BA94102D2761E8018594180EA0102F4
:1070900021FA0EF3C7F1200462FA0EF20CFA07F09F
:1070A0005A402CFA04F13043F0BD80EA010221FA83
:1070B0000EF3002162FA0EF260465A40F0BD8C4693
:1070C000B1FBF2F102FB11C31B0243EA1063B3FBF5
:1070D000F2FC02FB1C331B024CEA002043EA106363
:1070E000B3FBF2FC02FB1C331B024CEA002043EA18
:1070F0001063B3FBF2FC02FB1C331B024CEA0020C2
:1071000043EA1063B3FBF2FC02FB1C324CEA0020A2
:1071100000237047B0B581EA030C0CF0004C40F23C
:10712000FF7515EA11541DBF15EA1357AC42AF4263
:1071300039E0E41923EA455343F48013C90241F0CE
:10714000004141EA505EC7021100A7FB020200287D
:107150004FF00000EEFB01204FF00001E3FB0721A0
:1071600018BF42F00102401800214941E3FB0E0123
:10717000A4F580640F0302D252004041494154F10A
:1071800001046CDD470872F1004250F1000051EB40
:107190000451A1F580115CBF41EA0C01B0BD4CEA7D
:1071A00005510020B0BD05EA1357AC4214BFAF42F1
:1071B00041E050EA410E1CBF52EA430E02E0614634
:1071C0000020B0BD24423C441BD15FEA070EF6D03C
:1071D000090302BF01460020AEF1140EB1FA81F797
:1071E000AEEB070401FA07FE0C37C7F1200100FAE5
:1071F00007F7C8404EEA000E23EA455343F48013D4
:10720000A2E733F00043B3FA83F704BFB2FA82FE79
:1072100077440B3FE41BB7F1200E2FBF02FA0EF3A9
:10722000BB40C7F1200E22FA0EFE38BF43EA0E0320
:10723000BA40641C82E750EA410E14BF52EA430E82
:107240006FF000014FF4001717EB430F8ABF194688
:1072500017EB410FB5E74CEA05510020B0BDD4F162
:107260000104B4F120070FDAC4F12007520828BF47
:1072700042F0010210FA07F501FA07F7E1BF2A43CD
:10728000E0403843E1400FE0352C98DCC7F12004A2
:1072900052EA400220FA07F218BF42F0010231FA26
:1072A00007F0A1400A43002172F1004250F10000B2
:1072B00051EB0C01B0BD000070B44FF0004591EAF5
:1072C000030F43F189836B40841A71EB030604D2E8
:1072D0006E40001BB141121973414FF4001C1CEBAE
:1072E000410F34BF7CEB430683E00C0DA4EB135637
:1072F000362E00F37C80012E45EAC32341DC43EAAD
:10730000525312BFD20292025B08240545EAC12102
:1073100041EA5051D2EBC020994125D407D1B0FAAF
:1073200080F610FA06F162D00020203608E0B1FAAB
:1073300081F6B140C6F1200220FA02F21143B040BA
:107340004FEAF474B4EB465434F001064FEA740487
:107350000AD8D6F50016760D04F00044F04061FA24
:1073600006F25040F1404840C00A40EA415021F046
:10737000004128BF5FEA500550F1000044EBD121E5
:1073800035E0DB0A45EAC121C90AB6F120050EDD68
:1073900042EA0242120CC5F1200603FA06F6EB405F
:1073A00042EA06056D42984161F100010DE062FA82
:1073B00006F5F240554063FA06FC82EA0C02F340FF
:1073C0005A406D42904161EB030111F4801F05D1D9
:1073D000641E620502D06D004041494121F48011D4
:1073E000430875F1004350F1000041EB045170BCBB
:1073F00070471CEB410F15D223F0004352EA4306BD
:107400000BD04FEA4C0CBCEB410F04D80C0D661EA0
:10741000342EB7DDEBE7801A994150EA410608BFE8
:107420000021E4E708BF1CEB430F28BF6FF0000109
:10743000DDE70000C1F30A5340F2FE329B1A14DD6F
:10744000D3F120034FEAE17208DDC90241EA50514D
:1074500041F00040D84080185040704703F2E130BE
:1074600010B1D24382F0004070470020704730B422
:1074700003004FF6FF7000248C4213DA1A5D50406F
:107480000822002A0CD0C50706D580B2400880F437
:10749000204090F0010001E080B24008521EF0E769
:1074A000641CE9E780B230BC70472DE9F843050061
:1074B0000E0017009846089C5FF0000928684946AE
:1074C00089B2465419F101092868494689B24754DE
:1074D00019F10109404680B2000A29684A4692B271
:1074E000885419F101092868494689B200F80180D9
:1074F00019F10109200080B2000A29684A4692B2B7
:10750000885419F101092868494689B2445419F18F
:107510000109494689B22868FFF7A9FF01002868D8
:107520004A4692B2815419F10109080080B2000A5A
:107530002A684B469BB2D05419F10109A5F8049072
:107540000120BDE8F2832DE9F84F06000F009046B8
:1075500099460A9DDDF82CA0002400213068220005
:1075600092B28754641C3068220092B200F8028004
:10757000641C484680B2000A326823009BB2D05493
:10758000641C3068220092B200F80290641C4046ED
:10759000C0B2062802D0102807D01CE0280080B214
:1075A000012801D0002040E015E0280080B2000A48
:1075B000326823009BB2D054641C3068220092B21F
:1075C0008554641C2800C0B24000326823009BB27E
:1075D000D054641CFFE75FF0000B584680B22900CE
:1075E00089B2B0EB410F0BDA584680B21AF80000AE
:1075F0003168220092B28854641C1BF1010BECE745
:10760000210089B23068FFF732FF010030682200A4
:1076100092B28154641C080080B2000A32682300D0
:107620009BB2D054641CB4800120BDE8F28F2DE9D8
:10763000F84F05000E00170098460A9CDDF82C90C4
:107640005FF0000B002029685A4692B28E541BF15D
:10765000010B29685A4692B28F541BF1010B21008D
:10766000C9B249002A685B469BB2D1541BF1010B99
:107670005FF0000A504680B2210089B2B0EB410FA2
:107680000CDA504680B219F8000029685A4692B2C6
:1076900088541BF1010B1AF1010AEBE7594689B234
:1076A0002868FFF7E4FE010028685A4692B2815428
:1076B0001BF1010B080080B2000A2A685B469BB2EE
:1076C000D0541BF1010BA5F804B00120BDE8F28FE6
:1076D0002DE9F84F05000E00170098460A9CDDF8CA
:1076E0002C905FF0000B5FF0000A2868594689B2C1
:1076F00046541BF1010B2868594689B247541BF1C7
:10770000010B404680B2000A29685A4692B288545A
:107710001BF1010B2868594689B200F801801BF162
:10772000010B3800C0B2062802D010281DD02CE072
:10773000200080B2012801D000203EE000208246D7
:10774000504680B2210089B2B0EB410F0CDA5046AE
:1077500080B219F8000029685A4692B288541BF189
:10776000010B1AF1010AEBE70FE0200080B2000ADA
:1077700029685A4692B288541BF1010B2868594671
:1077800089B244541BF1010BFFE7594689B22868BE
:10779000FFF76DFE010028685A4692B281541BF132
:1077A000010B080080B2000A2A685B469BB2D054E5
:1077B0001BF1010BA5F804B00120BDE8F28F000019
:1077C00080B5D448D44901605FF4E13141600021C3
:1077D00081600021C160002101610C214161002113
:1077E0008161002101620021416200F005FA002858
:1077F00001D003F0B9F901BD80B5C848C84901609E
:107800004FF416514160002181600021C1600021C8
:1078100001610C214161002181610021C1610021D0
:1078200001620021416200F0E7F9002801D003F075
:107830009BF901BD80B5BB48BB4901604FF41651AF
:107840004160002181600021C160002101610C21A3
:107850004161002181610021C1610021016200219B
:10786000416200F0C9F9002801D003F07DF901BDA3
:1078700038B59EB0040014220021684603F076F962
:107880006022002106A803F071F92068A24988420D
:1078900052D1202006900020119006A803F070F924
:1078A000002801D003F060F9A048016851F00101FF
:1078B0000160006810F00100059005989C4801687F
:1078C00051F002010160006810F002000590059877
:1078D0004FF44060009002200190012002900320AC
:1078E00003900820049069469248FAF7C7FD924D2C
:1078F00092482860042068600020A8600020E860AA
:1079000080202861002068610020A8610020E861D3
:1079100000202862280003F0A7FB002801D003F014
:1079200023F96567AC6200220021462003F03DFE8A
:10793000462003F04FFEABE020687949884251D1E0
:107940000120069000200E9006A803F019F90028E7
:1079500001D003F009F97A48016851F480410160CF
:10796000006810F48040059005987148016851F056
:1079700002010160006810F0020005900598C02027
:107980000090022001900020029003200390072025
:10799000049069466748FAF771FD6A4D6A482860A5
:1079A000022068600020A8600020E8608020286134
:1079B000002068610020A8610020E86100202862A2
:1079C000280003F051FB002801D003F0CDF86567D3
:1079D000AC6200220021252003F0E7FD252003F002
:1079E000F9FD55E020685049884251D104200690A5
:1079F0000020109006A803F0C3F8002801D003F07F
:107A0000B3F85248016851F480210160006810F415
:107A10008020059005984648016851F004010160F6
:107A2000006810F00400059005984FF44060009045
:107A30000220019000200290032003900720049070
:107A400069464348FAF71AFD424D43482860022030
:107A500068600020A8600020E86080202861002085
:107A600068610020A8610020E861002028622800E9
:107A700003F0FAFA002801D003F076F86567AC62EB
:107A800000220021272003F090FD272003F0A2FD13
:107A90001FB030BD10B5040020681F49884210D1C6
:107AA000224801684908490001604FF440612148BB
:107AB000FAF7C5FD606F03F047FB462003F091FD28
:107AC00027E02068164988420FD11D48016831F42B
:107AD00080410160C0211748FAF7B1FD606F03F0E3
:107AE00033FB252003F07DFD13E020680E4988421A
:107AF0000FD11648016831F4802101604FF44061D4
:107B00001348FAF79CFD606F03F01EFB272003F07B
:107B100068FD10BDAC22002000800040342300200E
:107B200000380140BC230020004800405C100240A7
:107B30004C100240000400488C27002080040240C2
:107B400060100240D4270020580002405810024024
:107B5000000800481C2800203000024080B518486A
:107B6000FAF794FE02201749087001BD80B5012282
:107B70001549164800F0E3F800220121272003F000
:107B800014FD272003F026FD01BD704738B5040021
:107B90000B480D490A78036885885A558288521C1B
:107BA0008280828840F2FF139A4201D300228280B1
:107BB0000122064800F0C3F801200249087031BDD7
:107BC000C40C00205B2A00205A2A0020BC2300207D
:107BD00070B50400FEF7D2FB0500260016F1010F78
:107BE00002D0044800783618FEF7C8FB401BB042AC
:107BF000FAD370BD170D002010B50400002C01D180
:107C0000012035E0A0690028FFD1E06F002805D1F0
:107C1000002084F878002000FFF72AFE2420E06787
:107C2000206800684008400021680860606A0028F9
:107C300002D0200000F0DEFB200000F05FFA0128F7
:107C400001D1012014E02068406830F490402168A0
:107C500048602068806830F02A00216888602068C9
:107C6000006850F0010021680860200000F02FFC3F
:107C700010BD2DE9FC4706000D0017009846F06F77
:107C8000202859D1002D03D0380080B2002801D11E
:107C9000012052E00020C6F884002120F067FEF7A2
:107CA0006DFB8146A6F85070A6F85270B068B0F52A
:107CB000805F05D13069002802D10024AA4602E085
:107CC0002C005FF0000AB6F85200002822D0CDF850
:107CD00000804B4600228021300000F061FC00282B
:107CE00003D02020F067032027E0002C08D1BAF849
:107CF0000000C005C00D316808851AF1020A03E0D2
:107D0000207831680885641CB6F85200401EA6F839
:107D10005200D8E7CDF800804B46002240213000C9
:107D200000F03EFC002803D02020F067032004E090
:107D30002020F067002000E00220BDE8F68770B543
:107D400005000C001600D5F88000202824D1002C56
:107D500003D0300080B2002801D101201DE00020B6
:107D600028662868DFF8901388420ED0286840689B
:107D700000020AD5286850E8000F50F0806001002A
:107D80002A6842E800100028F4D1320092B22100A3
:107D9000280000F054FC00E0022070BD2DE9F047FF
:107DA00006003068C7693068D0F800803068D0F8C5
:107DB000089040F60F043C40002C0BD1B80609D5C2
:107DC0005FEA886006D5B06E002802D03000B16E40
:107DD00088478FE1002C00F0AA805FEAC97005D4C3
:107DE000DFF8080618EA000F00F0A18017F0010084
:107DF000C0B200280BD05FEAC85008D50120316816
:107E00000862D6F8840050F00100C6F88400B80774
:107E10000DD519F00100C0B2002808D00220316849
:107E20000862D6F8840050F00400C6F88400780791
:107E30000DD519F00100C0B2002808D00420316827
:107E40000862D6F8840050F00200C6F884003807B3
:107E500010D55FEA886004D419F00100C0B2002890
:107E600008D0082031680862D6F8840050F0080075
:107E7000C6F8840038050CD55FEA481009D54FF4E0
:107E8000006031680862D6F8840050F02000C6F81F
:107E90008400D6F88400002848D0B80608D55FEAE8
:107EA000886005D5B06E002802D03000B16E8847DA
:107EB000D6F88400050030688068400602D415F0CA
:107EC000280F2DD0300000F09EFC306880684006FE
:107ED00022D53068083050E8000F30F04000010033
:107EE000306810F1080242E800100028F1D1706FEC
:107EF00000280DD0DFF8F804716F8863706F03F00D
:107F000003FA002812D0706F716F896B88470DE0FB
:107F1000300003F0BFFB09E0300003F0BBFB05E0DD
:107F2000300003F0B7FB0020C6F88400E2E0306EBA
:107F3000012840F0BD80F80640F1BA805FEAC860D1
:107F400040F1B680102031680862306880684006D1
:107F50006DD5706F0068D0F804A0504680B200283C
:107F600052D05046B6F8581080B288424CD2A6F88B
:107F70005AA0706F00680068800639D4306850E8F5
:107F8000000F30F480700100326842E800100028D1
:107F9000F4D13068083050E8000F4008400001007C
:107FA000306810F1080242E800100028F1D1306872
:107FB000083050E8000F30F040000100306810F148
:107FC000080242E800100028F1D12020C6F8800005
:107FD00000203066306850E8000F30F010000100DB
:107FE000326842E800100028F4D1706F03F062F9A3
:107FF00002207066B6F85810B6F85A00091A89B20D
:10800000300003F028FB11E05046B6F8581080B25B
:1080100088420BD1706F00680068800606D5022088
:108020007066B6F85810300003F015FB62E0B6F841
:108030005800B6F85AA0B0EB0A0AB6F85A00002861
:1080400035D0504680B2002831D0306850E8000F5B
:1080500030F490700100326842E800100028F4D13A
:108060003068083050E8000F4008400001003068D8
:1080700010F1080242E800100028F1D12020C6F8D3
:108080008000002030660020B066306850E8000FA5
:1080900030F010000100326842E800100028F4D1EE
:1080A00002207066514689B2300003F0D4FA21E014
:1080B000F8020AD55FEA492007D55FF480103168DD
:1080C0000862300003F078FB14E0380609D55FEA57
:1080D000086006D5F06E002802D03000F16E8847A7
:1080E00008E0780606D55FEA486003D5300000F066
:1080F00054FCFFE7BDE8F087008000402DE9F04721
:1081000004000026DFF8A81920688842FFD0A26882
:108110002069024360690243E06902432068036802
:10812000DFF8900903401343206803602068436828
:1081300033F44053E068034320684360D4F8188068
:108140002068884202D0206A50EA080820688068C7
:1081500030F4306058EA0000226890602068DFF850
:10816000482A904216D1DFF8440A006810F0030054
:10817000002805D0022805D006D3032806D007E042
:10818000012760E002275EE004275CE008275AE050
:10819000102758E02068DFF8182A904217D1DFF83E
:1081A0000C0A006810F00C00002806D0042808D043
:1081B000082804D00C2806D007E0002743E0022757
:1081C00041E004273FE008273DE010273BE020681E
:1081D000DFF8E029904217D1DFF8D009006810F0ED
:1081E0003000002806D0102808D0202804D03028DD
:1081F00006D007E0002726E0022724E0042722E03B
:10820000082720E010271EE0206888421AD1DFF8F6
:108210009C09006810F44060002809D0B0F5806F18
:108220000AD0B0F5006F05D0B0F5406F06D007E07A
:10823000002708E0022706E0042704E0082702E000
:10824000102700E010272068884246D13800C0B2CD
:10825000002806D0022808D0042809D008280BD00E
:108260000DE003F019FF81460DE0DFF84C990AE0BC
:1082700003F0A5FE814606E04FF4004903E05FF0FD
:10828000000901200600B9F1000F00F0A580616827
:1082900003204143894505D361684FF48050414331
:1082A000494502D20120060096E04FF480726068D2
:1082B00040080021E2FB090162680023FEF712FE7C
:1082C0000500B5F5407F05D3B5F5801F02D22068C3
:1082D000C56081E0012006007EE0E069B0F5004F56
:1082E00041D13800C0B2002808D001280AD00228A5
:1082F0000CD004280DD008280FD011E003F0CCFEDC
:10830000814611E003F0D5FE81460DE0DFF8A89824
:108310000AE003F054FE814606E04FF4004903E012
:108320005FF0000901200600B9F1000F54D0606829
:10833000400810EB49006168B0FBF1F00500102D1A
:108340000ED3B5F5803F0BD24FF6F0712940C5F33F
:10835000420001438A46504680B22168C8603BE033
:108360000120060038E03800C0B2002808D00128FB
:108370000AD002280CD004280DD008280FD011E014
:1083800003F08AFE814611E003F093FE81460DE082
:10839000DFF824980AE003F012FE814606E04FF46D
:1083A000004903E05FF0000901200600B9F1000F69
:1083B00012D0606819EB50006168B0FBF1F0050065
:1083C000102D07D3B5F5803F04D2280080B2216874
:1083D000C86001E0012006000020A0660020E066E1
:1083E0003000C0B2BDE8F0870000000020010004AA
:1083F0008189000890F82410090707D501684A68A8
:1084000032F40042416B0A4301684A6090F824103C
:10841000C90707D501684A6832F40032816A0A4305
:1084200001684A6090F82410890707D501684A68F6
:1084300032F48032C16A0A4301684A6090F824101D
:10844000490707D501684A6832F48022016B0A4364
:1084500001684A6090F82410C90607D501688A6847
:1084600032F48052816B0A4301688A6090F82410CC
:10847000890607D501688A6832F40052C16B0A4345
:1084800001688A6090F82410490613D501684A688B
:1084900032F48012016C0A4301684A60016CB1F544
:1084A000801F07D101684A6832F4C002416C0A4358
:1084B00001684A6090F82410090607D501684A68E7
:1084C00032F40022816C0A4301684A60704738B573
:1084D00004000020C4F88400FDF750FF0500206868
:1084E000006800071DD57FF07E4000902B00002221
:1084F0005FF40011200000F053F8002811D020682C
:1085000050E8000F30F080000100226842E80010BF
:108510000028F4D12020E067002084F878000320B0
:108520003DE02068006840072CD57FF07E40009039
:108530002B0000225FF48001200000F031F80028B9
:1085400020D0206850E8000F30F4907001002268BD
:1085500042E800100028F4D12068083050E8000FED
:10856000400840000100206810F1080242E80010B5
:108570000028F1D12020C4F88000002084F8780081
:1085800003200CE02020E0672020C4F880000020B9
:10859000206600206066002084F87800002032BD4C
:1085A0002DE9F04105000E0090461F00069C28684A
:1085B000C0693040B04201D1012000E000204146B6
:1085C000C9B2884238D114F1010FF0D0FDF7D6FEC0
:1085D000C01B844201D3002C01D103202DE0286868
:1085E00000684007E3D5802EE1D0402EDFD0286818
:1085F000C06900070DD5082029680862280000F02E
:1086000002F90820C5F88400002085F878000120D0
:1086100013E02868C0690005C9D54FF400602968D7
:108620000862280000F0EFF82020C5F88400002040
:1086300085F87800032000E00020BDE8F08130B428
:1086400003005965A3F85820A3F85A200020986623
:108650009868B0F5805F0BD11869002804D140F20A
:10866000FF10A3F85C0023E0FF20A3F85C001FE0EC
:10867000986800280AD11869002803D1FF20A3F8C0
:108680005C0015E07F20A3F85C0011E09868B0F171
:10869000805F0AD11869002803D17F20A3F85C000D
:1086A00006E03F20A3F85C0002E00020A3F85C0095
:1086B0000020C3F884002220C3F880001868083026
:1086C00050E8000F50F001000400186810F1080590
:1086D00045E800400028F1D19868B0F5805F06D1E8
:1086E0001869002803D10FF2D130986602E00FF22A
:1086F000D5209866186900280BD0186850E8000F3C
:1087000050F4907004001D6845E800400028F4D142
:108710000AE0186850E8000F50F0200004001D68BF
:1087200045E800400028F4D1002030BC704770B507
:1087300004000D0016006565A4F858600020C4F818
:1087400084002220C4F88000606F002821D00FF23E
:108750001510616FC8620FF2B110616F08630FF2FC
:10876000D110616F48630020616F886333009BB252
:10877000626D206810F12401606F02F04FFD002847
:1087800007D01020C4F884002020C4F88000012005
:108790002AE0206900280AD0206850E8000F50F431
:1087A00080700100226842E800100028F4D120689F
:1087B000083050E8000F50F001000100206810F16F
:1087C000080242E800100028F1D12068083050E883
:1087D000000F50F040000100206810F1080242E84C
:1087E00000100028F1D1002070BD016851E8001F81
:1087F00031F0C0010A00036843E800210029F4D1E8
:108800002021C1677047016851E8001F31F4907161
:108810000A00036843E800210029F4D10168083107
:1088200051E8001F490849000A00016811F10803D6
:1088300043E800210029F1D1016E01290AD1016824
:1088400051E8001F31F010010A00036843E80021DD
:108850000029F4D12021C0F88010002101660021F8
:108860008166704738B50400A56A206800688006F4
:108870003AD40020A5F85A00286850E8000F30F4D8
:10888000807001002A6842E800100028F4D12868AE
:10889000083050E8000F400840000100286810F13F
:1088A000080242E800100028F1D12868083050E89A
:1088B000000F30F040000100286810F1080242E883
:1088C00000100028F1D12020C5F88000286E012872
:1088D0000AD1286850E8000F30F0100001002A6823
:1088E00042E800100028F4D100206866286E0128B4
:1088F00005D1B5F85810280002F0ADFE02E02800BE
:1089000002F08EFE31BD000038B50400A56A0120DA
:108910006866286E012807D1B5F85810490889B251
:10892000280002F098FE02E0280003F045FC31BD6B
:10893000F8B50400A56AEE6FD5F8807028688068E5
:10894000000607D5212E05D10020A5F852002800E9
:10895000FFF74BFF28688068400607D5222F05D116
:108960000020A5F85A002800FFF74DFFD5F8840035
:1089700050F01000C5F88400280002F08BFEF1BD15
:1089800038B50400A56A0020A5F85A000020A5F813
:108990005200280002F07EFE31BD10B504002068B0
:1089A00050E8000F30F040000100226842E800105B
:1089B0000028F4D12020E0670020E066200003F0CA
:1089C000FCFB10BD70B50500B5F85C60D5F8800003
:1089D000222866D12868808C040016EA0400696D9C
:1089E0000870686D401C6865B5F85A00401EA5F80F
:1089F0005A00B5F85A00002859D1286850E8000FED
:108A000030F4907001002A6842E800100028F4D188
:108A10002868083050E8000F40084000010028682E
:108A200010F1080242E800100028F1D12020C5F81A
:108A300080000020A8660020686628681C498842DB
:108A40000ED02868406800020AD5286850E8000F58
:108A500030F0806001002A6842E800100028F4D15C
:108A6000286E012819D100202866286850E8000FD8
:108A700030F0100001002A6842E800100028F4D10C
:108A80002868C069C00602D5102029680862B5F8B8
:108A90005810280002F0DFFD09E0280002F0C0FDB8
:108AA00005E02868008B50F008002968088370BD35
:108AB00000800040F369FFEFF8B50500B5F85C7081
:108AC000D5F88000222867D12868808C0400686D62
:108AD000060017EA04003080686D801C6865B5F8F0
:108AE0005A00401EA5F85A00B5F85A00002859D17E
:108AF000286850E8000F30F4907001002A6842E8BE
:108B000000100028F4D12868083050E8000F400811
:108B100040000100286810F1080242E80010002817
:108B2000F1D12020C5F880000020A86600206866EA
:108B30002868224988420ED02868406800020AD579
:108B4000286850E8000F30F0806001002A6842E891
:108B500000100028F4D1286E012819D100202866C1
:108B6000286850E8000F30F0100001002A6842E841
:108B700000100028F4D12868C069C00602D5102072
:108B800029680862B5F85810280002F064FD09E071
:108B9000280002F045FD05E02868008B50F0080031
:108BA00029680883F1BD00000038014088100240A8
:108BB00000440040004800400024F40000800040D1
:108BC0002DE9F74F82B000265FF0000A5FF0000B3E
:108BD00054465D46002000900127DDF80C80DDF84A
:108BE0000890049810F0070F2BD10498C0080021BA
:108BF00082468B4603F03AFB4FF47A7003F04EFB4B
:108C000000200600300080B20021594517D801D35A
:108C1000504514D2D8E9000104000D0022002B00B9
:108C20004946002003F0CAFA07003800C0B2012804
:108C300005D019F1080918F10808761CE2E703F0DD
:108C400026FB3800C0B205B0BDE8F08F70B5040057
:108C5000012503F00BFB06004FF47A7003F01EFBB6
:108C60003000C0B200280FD1C4F3CC20B0F5807F13
:108C700005D20121C4F3CC2003F07CFB04E00121E8
:108C8000C4F3CC2003F076FB4FF47A7003F006FBBC
:108C900005000548016831F00201016003F0F7FAB0
:108CA0002800C0B270BD0000142002402DE9F04140
:108CB000C0B004000D00160000274FF480710022A0
:108CC000E8464046FDF712FE2000FFF7BFFFA52053
:108CD0008DF8000030008DF801005FF0000840467C
:108CE000310080B289B288420AD2404680B2285C04
:108CF0006946424692B21144887018F10108EEE7C5
:108D0000B61C300080B20821B6B20836361A90FB85
:108D1000F1F001FB0066320092B269462000FFF7D5
:108D20004FFF002801D0002000E0012040B0BDE846
:108D3000F081000062B38B0708D0521E11F8013B8E
:108D400000F8013B00F024808B07F6D1830740F048
:108D5000208000BF103A07D330B4B1E83810103A81
:108D6000A0E83810F9D230BC530724BFB1E808108E
:108D7000A0E8081044BF51F8043B40F8043BD20778
:108D800024BF31F8022B20F8022B44BF0B7803706C
:108D90007047121F17D35B0009D151F8043B20F82C
:108DA000023B1B0C121F20F8023BF6D20BE051F8DD
:108DB000043B00F8013B1B0A20F8023B1B0C121F6E
:108DC00000F8013BF3D238BF121D521E24BF11F828
:108DD000013B00F8013BF8D8704700002DE9F04D49
:108DE0002DED0A8B41EC190B43EC182B51EC180BB1
:108DF00020F0000431F0004508BF002C84B000F0E2
:108E0000088353EC192B0020DFF88C1603F002FBCB
:108E100000F0FF82DFF8141603F0FCFA08D151ECE1
:108E2000180B48004015401C02D1090300F0F182E4
:108E300051EC190B48004015401C00F00E8251EC1B
:108E4000190B31F0004108BF002800F0068251ECF8
:108E5000180B48004015401C00F0FF8151EC180B26
:108E60004B0043EAD0734200002B08BF002A04D114
:108E7000B0EE48AAF0EE68AA19E040F23344A4EB41
:108E80005352352A04DB00F0000001F000410CE0F1
:108E9000202A03DD203AD140914000E001D100209A
:108EA00003E0002AC4BFD040904041EC1A0B51ECC3
:108EB000190BC80F0BD053EC182B51EC1A0B03F005
:108EC000A9FA04D0AFF300809FED3F9BA3E253ECDF
:108ED000192B23F00041B1F5801F22F000000DD2C4
:108EE0000022002908BF0028009216D06A4651ECE3
:108EF000190B03F09FFA41EC190B0EE0DFF8AC45BB
:108F0000DFF82C7504EB115000903B40DFF824058E
:108F1000924643EA000B4BEC19AB51EC190BC80F0E
:108F200036D021F0004053EC192B034643EC192BAB
:108F300051EC1A0B4B0043EAD0734200002B08BFE0
:108F4000002A04D1B0EE4A0AF0EE6A0A19E040F2B3
:108F50003444A4EB5352352A04DB00F0000001F046
:108F600000410CE0202A03DD203AD140914000E08E
:108F700001D1002003E0002AC4BFD040904041EC62
:108F8000100B53EC1A2B51EC100B03F043FA01D1E8
:108F9000002600E00126009801281DD151EC190B94
:108FA000DFF89424DFF8943403F07CFA14D253EC05
:108FB000192B00204FF08041FEF7ACF800279FED01
:108FC00004BB41EC190B27E0FFFFFFFFFFFFFF7F12
:108FD000000000000000F03F53EC192B0020DFF8E8
:108FE0006014FEF797F89FED78AB53EC1A2BFEF761
:108FF00063F9FEF71FFAA0F120042046FCF79AFF60
:109000000022DFF84034FEF785F853EC1A2BFEF708
:1090100053F941EC1B0B670151EC190B53EC1B2B63
:1090200001F0D2FC41EC1A0B53EC192B51EC1B0B49
:10903000FEF742F902460B4651EC1A0BFCF79CFF77
:1090400041EC190B53EC192BFEF764F841EC1C0BA7
:1090500053EC1C2BDFF8F003DFF8F013FEF75AF89F
:10906000DFF8EC23DFF8EC33FEF726F953EC1C2B8A
:10907000FEF750F8DFF8E023DFF8E033FEF71CF9E5
:1090800053EC1C2BFEF746F8DFF8D423DFF8D4337B
:10909000FEF712F953EC1C2BFEF73CF8DFF8C8235F
:1090A000DFF8C833FEF708F953EC1C2BFEF732F853
:1090B000DFF8BC23DFF8BC33FEF7FEF853EC1C2BC3
:1090C000FEF728F8DFF8B023DFF8B033FEF7F4F846
:1090D00053EC1C2BFEF71EF853EC1A2B01F074FC1A
:1090E00004460D460020DFF8B01353EC1B2B01F0B3
:1090F0006BFC00224FF08043FEF70CF822462B4613
:10910000FEF7DAF853EC192BFEF704F841EC100BDC
:10911000DFF86C03784400F55A70074453EC1A2BBF
:1091200051EC100BFEF7C8F841EC190B0098FCF756
:1091300001FFD7E90023FEF7BFF841EC1A0B53EC0F
:10914000192BDFF84003DFF84013FDF7E3FF53EC82
:109150001A2BFEF7B1F853EC182BFDF7DBFF0022BA
:10916000DFF8283303F09EF941EC1B0B69D3012291
:10917000C74B03F0AFF961D9C80F53EC1B2B1ABFD3
:109180000020C449AB49FEF797F8FEF753F90022D7
:10919000C14BCDE901238046CDF8008053EC192B5B
:1091A00051EC180BFDF7B6FF04460D46D7E9020156
:1091B000D7E90423FEF780F853EC182BFDF7AAFF3C
:1091C0009FEDB6BB04E000BF000000000000E03FE0
:1091D00053EC1B2BFDF79EFF22462B46FEF76CF847
:1091E00007468B4653EC1A2B51EC180BFDF792FFF8
:1091F00004460D464046FCF79DFE02460B462046BF
:10920000294601F0E1FB53EC1B2BFDF783FF3A46A7
:109210005B46FEF751F8DDE9012303F073F941ECF9
:10922000190B31F0004108BF00280AD051EC190B8E
:1092300048004015401C06D1090304D19FEDA09BB6
:1092400001E09FED9B9B002E00F0E58051EC190B97
:1092500081F0004141EC190BDDE051EC190B4800A5
:109260004015401C02D1090340F0D58051EC180B89
:1092700048004015401C06D1090304D0B0EE489ABE
:10928000F0EE689AC7E051EC180B48000124401535
:10929000401C61D051EC180B4B0043EAD0734200E4
:1092A000002B08BF002A04D1B0EE48AAF0EE68AA4D
:1092B00019E040F23345A5EB5352352A04DB00F0A8
:1092C000000001F000410CE0202A03DD203AD140EB
:1092D000914000E001D1002003E0002AC4BFD0404B
:1092E000904041EC1A0B53EC182B51EC1A0B03F085
:1092F00091F818BF00244B0043EAD0734200002BC2
:1093000008BF002A04D1B0EE4A0AF0EE6A0A19E05A
:1093100040F23445A5EB5352352A04DB00F000003F
:1093200001F000410CE0202A03DD203AD1409140B9
:1093300000E001D1002003E0002AC4BFD0409040EB
:1093400041EC100B44B153EC1A2B51EC100B03F011
:1093500061F80CBF0024012451EC190B48004015A2
:10936000401C0AD1090308D151EC190BC80F21D1B7
:1093700053EC182BDA0F49D040E051EC180B4800A1
:109380004015401C1ED109031CD153EC192B23F0AE
:109390000041B1F5801F22F0000021D200220029F7
:1093A00008BF002800921FD06A4651EC190B03F049
:1093B00041F819E051EC180BC80F01D1002C21E045
:1093C000E4B10AE0002C1ABF51EC190BC80F0020C1
:1093D00053EC182BDA0F14D180B19FED329B1AE0B9
:1093E000324C04EB1150009051EC180BC80F009850
:1093F00002D100280ADC01E0002807DD9FED2C9B4C
:1094000009E0002818BF9FED2C9B04D19FED2C9BF9
:1094100001E09FED049B04B051EC190BBDEC0A8BED
:10942000BDE8F08D000000000000F03F0000F0BF3C
:10943000FFFF0F800000E03FCD3B7F669EA0E63F30
:10944000000050400000903FF7DE29BFD8F8C23F2F
:10945000F4B3FECC1A99C33F62CB68D96F46C73FBD
:10946000C6C912DAC471CC3F4AE98A942449D23F72
:10947000F75F97999999D93FBC5555555555E53F93
:10948000505B0000FE822B654715F73F0000E0C0EF
:109490000000E0400000E0BF0000F03FEF39FAFEBE
:1094A000422EE63F000000000000008002FCFFFFAB
:1094B0000000000000000000000000000000F0FFBD
:1094C000000000000000F07F2DE9F14FB0B092469F
:1094D00004910DF142013A9A2B9199464A7000206D
:1094E0000AE01AF8011B0498309A9047002804906B
:1094F00000F0B6860D98401C0D909AF8000050B10F
:109500002528EED1002100220791089209910A92A4
:109510000B910C9204E00D9800F0A4BE41F0010103
:109520001AF8010F2028F9D023280CD02B2804D0BA
:109530002D2805D0302809D00BE041F00201EFE7DB
:1095400041F00401ECE741F00801E9E741F01001C6
:10955000E6E72A280FD1D9F8002052F8040BC9F801
:10956000002000280F9003D540420F9041F00401E5
:109570000AF1010A14E00F92DFF828380AE00F9888
:10958000984205DA00EB800402EB4402303A0F9275
:109590000AF1010A9AF80020A2F130000A28EED35D
:1095A0009AF800002E2803D04FF0FF320E9229E0E7
:1095B0001AF8010F2A2809D1D9F8000050F8042B15
:1095C000C9F800000E920AF1010A1BE02D280CBF19
:1095D0000AF1010A002000220E92DFF8C8470BE0D2
:1095E00040B90E9AA24205DA02EB820503EB45036D
:1095F000303B0E930AF1010A9AF80030A3F13002D1
:109600000A2AEDD3ADF84010DFF89C07784400F546
:10961000F3609AF8001003F069F908B11AF8010B29
:109620008DF842009DF84200682805D19AF80000A4
:1096300068280CD1622106E06C2804BF9AF800006B
:109640006C2804D171218DF842100AF1010A12A888
:1096500006901AF801BBBBF125012CD01C3900F093
:10966000D081091F022940F2CC81133900F02385F3
:10967000093900F0C681891E00F0B885491E00F046
:109680006585491E022940F2BC81091F00F05E85F4
:10969000491F00F02881491E00F00D85491E00F089
:1096A000D080C91E0DD0891E00F00585C91E00F0AE
:1096B000028500F0A6BD25238DF84830012100F079
:1096C000ABBDD9F8000050F8044BC9F80000002CDD
:1096D000059440F0A3802B994878002800F09980E9
:1096E0004FF0FF340FF6843003F00CF9201A40F0ED
:1096F000B78500F092BD6D1E40F0A9853096079D9C
:1097000012AF75B1309E17F8012B02A9304600F058
:1097100073FE002801D46D1EF5D10028309640F06C
:109720009F850A9D3020002D8DF804000CDD309EB1
:10973000012301AA02A9304600F06EFE002840F085
:109740008F856D1EF4D13096059F089D75B1309EB2
:1097500017F8012B02A9304600F04EFE002801D474
:109760006D1EF5D10028309640F07A850B9D302093
:10977000002D8DF804000CDD309E012301AA02A902
:10978000304600F049FE002840F06A856D1EF4D195
:10979000309605980899099D471875B1309E17F8BD
:1097A000012B02A9304600F027FE002801D46D1ECF
:1097B000F5D10028309640F053850C9D3020002DC7
:1097C0008DF804000CDD309E012301AA02A9304669
:1097D00000F022FE002840F043856D1EF4D1309643
:1097E0009DF8400041077FF588AE2020002C8DF8C1
:1097F00004007FF782AE309D012301AA02A928460A
:1098000000F00AFE002840F02B85641EF4D130954C
:1098100073E60FF66440059000F0FFBC0E9D002D2E
:1098200004D52046FCF74EFB044607E02A462046B6
:1098300003F088F8002814BF041B2C46089400F09D
:10984000ECBCD9F8001051F8040BC9F8001020F056
:109850000004002121F0FF3512ABCDE9024505934C
:10986000DDE9022306993C2413B90AB90E9898B190
:1098700002F00F053035641EEEB23A2EA8BF273530
:10988000120942EA03721B090D5508BF002A03D0D2
:1098900005980D19A842EBD308190590C4F13C02B4
:1098A0000E98089282420ADABDF84010821A4FF6EA
:1098B000EF7001400A92ADF8401000F0AEBC0028F5
:1098C00040F1AB849DF8400000F01400102840F0F7
:1098D000A4840F9B07990A985B1A1B1A9A1A002AEC
:1098E00040F39B84E5E32B99487820B14FF0FF3497
:1098F0000FF65430F8E69DF84200622861D06828DF
:1099000017D06A283FD06C2806D0712847D0742819
:109910002CD07A281DD064E0D9F8001051F8040B3F
:10992000C9F80010002868D14FF0FF340FF630302E
:10993000DAE6D9F8001051F8040BC9F8001020B984
:109940004FF0FF340FF61830CEE60D99018000F08D
:1099500064BCD9F8001051F8040BC9F800100028B5
:109960004BD14FF0FF340FF6F820BDE6D9F80010C8
:1099700051F8040BC9F8001000283ED14FF0FF3415
:109980000FF6DC20B0E6D9F8001051F8040BC9F846
:10999000001080B94FF0FF340FF6C420A4E6D9F8C8
:1099A000001051F8040BC9F8001020B94FF0FF3433
:1099B0000FF6AC2098E60D9AD317C0E9002300F00B
:1099C0002CBCD9F8001051F8040BC9F8001020B9CC
:1099D0004FF0FF340FF6882086E60D99017000F0F5
:1099E0001CBCD9F8001051F8040BC9F8001020B9BC
:1099F0004FF0FF340FF6682076E60D99016000F015
:109A00000CBCD9F80020D21D22F00702C9F80020B2
:109A1000D2E900010832C9F80020CDE90201C80FDF
:109A200002D007982D210AE0BDF84000810702D539
:109A300007982B2103E0C00705D50798202112AA1B
:109A40001154401C0790DDE90223079912A8CDE9C3
:109A50002C2308444BF020016129059021AC0BD048
:109A60000E99002902D506210E9105E001BF4BF0A9
:109A70002001672901220E92DDE9022359004915D0
:109A8000491C0DD11A030BD0ABF1610503211A2D2E
:109A9000089102D20FF6E41110E00FF6E4110DE088
:109AA00059004915491C0DD11A030BD1ABF16105C1
:109AB00003211A2D089119D30FF6CC110322FFF7B9
:109AC00039F9AAE3DDE90201CDE92E01DDE92E2312
:109AD00023F00047B7F5801F22F000060DD20022C8
:109AE000002F08BF002E009203D116E00FF694114C
:109AF000E4E76A4602F09EFC0FE0DFF8DC08DFF8DE
:109B0000DC1800EB17500090DDE92E234FF0FF30FA
:109B10001940DFF8CC7810403943CDE902014BF011
:109B2000200061280DD1059830210170821CBBF105
:109B3000610F05920CBF7821582141700798801C55
:109B40000790DDE9020120F0000231F0004308BF78
:109B5000002A02D10026002568E14BF02008B8F168
:109B6000610F40F0B4800E98002847BF2121019179
:109B7000401C0190019FDDE92C017F1C0022002385
:109B8000DDE9024502F08EFC00998DF8842038BF93
:109B900085F00045091F002F00910DF1850653DD6A
:109BA000204629460022002302F094FC4CD24800B3
:109BB000400D00F11C0212D0002A10DD40F2FF73AC
:109BC0009A4206DBDFF81C1805F000400143002034
:109BD00011E06FF31E5141EA025120460BE024F0E0
:109BE000000035F0004108BF00280FBF29461C22A5
:109BF000294602F0D3FE04460D46FDF71BFCFF1F6D
:109C0000002F804609DDFCF795F902460B462046F9
:109C1000294600F0D9FE04460D46F01D0721B8F193
:109C2000000F0CDD491E5EBF08F00F0200F8012D89
:109C30004FEA2818F3D502E0002200F8012D491E52
:109C4000FAD5C61D002FABDC0DF18500361A019840
:109C50008642D8BF304600280DF1850430D4B0428A
:109C600006DA0DF185010A5C082AA8BF0F2100DA87
:109C70000021024621AB134400E0401E13F80159B5
:109C8000521E8D42F9D00F2904D10DF185018B5C54
:109C90005B1C8B54002A04D50099091D21AC401C83
:109CA0000091411E0CD46218ABF13A0613783033A0
:109CB000DDB23A2DA8BFF318491E02F80139F5D5D7
:109CC0000E99002940F1B080421E0E92ACE000993E
:109CD000DFF8142747F29750414391FBF2F2DDE998
:109CE0002C45009225F00045D2F1070204DD204604
:109CF000294600F04EFB0BE052420020DFF8EC1644
:109D000000F047FB02460B4620462946FCF734F993
:109D10000446B8F1660F0E9806BF009F0A37062763
:109D20003F18142FC8BF142730200D468DF884002B
:109D30000DF18506002F39DD2046294602F0CCFEC4
:109D400001460A4606F1080304200A26B2FBF6F68D
:109D500006EB860EA2EB4E02303203F8012C0A22EB
:109D6000B6FBF2F202EB820EA6EB4E063036401E38
:109D700003F8026DE9D1083F002F03F10806D9DD91
:109D80000846FCF751FA02460B462046294600F0E9
:109D90001BFE0022DFF85836FDF7BCF904460D46DD
:109DA000CAE700BFCBCCCC0C886800000DF1850061
:109DB000361A0DF1850404E00098401E761E0090CE
:109DC000641C20783028F7D0B8F1660F02D10099D2
:109DD000491C04E0B8F1650F0CBF012100210E9869
:109DE00008188642B8BF701E00281DD4B04204DA9D
:109DF000215C3429C8BF392100DC30210246631EB2
:109E00009D1800E0401E15F80169521E8E42F9D0DF
:109E1000392902D1A15C491CA154002A04D500991A
:109E2000491C1C46401C00910646009D02F068FE3D
:109E3000406A0778DDF8388030B2002802DC01265D
:109E40000FF248644BF02000662808BF6D1C16D046
:109E5000672846D128B210F1040F48DB404546DAA6
:109E60009DF840006D1C010703D430B24045B8BFD7
:109E7000804628B2B8EB000848BF4FF000080FFA40
:109E800085FBBBF1000F00F3B5800898411C0891D9
:109E9000302205990A54B8F1000F03DC9DF8400008
:109EA000010704D50898411C089105990F5418EB37
:109EB0000B0FB8BFC8F100052DB268420B90A84443
:109EC00032B29045B8BF4646059B089836B209960F
:109ED000324621461844FEF72DFFA8EB06000C90F1
:109EE000D2E0BBF1610F17D14FF0700B19E030B227
:109EF000404504DA9DF840100A0758BF8046B8F183
:109F0000010848BF4FF00008BBF1670F14BF4FF0C6
:109F1000450B4FF0650B04E0BBF1410F08BF4FF05C
:109F2000500B0898411C0891B8F1000F059914F8DE
:109F3000012B0A5403DC9DF8400001071AD508984C
:109F4000411C0891B8F1000F05990F5412DD761EDF
:109F500030B280450598089BB8BF464632B22146CC
:109F60001844FEF7E7FE089936B271180891A8EB7D
:109F700006000B9005980899084429B2002980F83A
:109F800000B003D42B224270821C04E02D224270C8
:109F90000D46821C6D4200212CAB28460AE0044687
:109FA0000A2094FBF0F000EB8005A4EB450403F8D5
:109FB000014B491C00B20028F1DC012906DC4BF002
:109FC0002000652804BF302002F8010B00292CABCB
:109FD00008D1302002F8010B06E0491E585C3030F1
:109FE00002F8010B0029F8DC059908980844121AB8
:109FF000099249E030B229B288421CDA0598089BE0
:10A0000032B221461844FEF795FE089936B271180F
:10A01000ABEB0606B8F1000F08910B9603DC9DF838
:10A020004000020704D5059847540999491C099135
:10A03000CDF8308028E00598089B2AB221461844C4
:10A04000FEF778FE0898761B5844B8F1000F089088
:10A0500003DC9DF840100A0703D5411C08910599BF
:10A060000F5430B280450598089BB8BF464632B2BF
:10A0700004EB0B011844FEF75DFE089836B2301869
:10A080000890A8EB06000B909DF8400000F014002B
:10A09000102840F0C280079A08990B988A180999ED
:10A0A00082180C988A1882180F98824280F2B58024
:10A0B000821A0A92B1E09DF84200622808D068280E
:10A0C0000ED06A2814D06C281FD0712810D01CE044
:10A0D000D9F8001051F8040BC9F80010C0B21AE00A
:10A0E000D9F8001051F8040BC9F8001080B212E042
:10A0F000D9F80020D21D22F00702C9F80020D2E9C9
:10A1000000010832C9F8002006E0D9F8001051F823
:10A11000040BC9F800100021CDE902019DF84000B0
:10A1200001075AD5DDE90223002B08BF002A54D0CD
:10A130004BF02000782850D1079812A930220A54F9
:10A14000401C431C079301F800B046E09DF8420014
:10A15000622808D068280ED06A2814D06C281FD036
:10A16000712810D01CE0D9F8001051F8040BC9F880
:10A17000001040B21AE0D9F8001051F8040BC9F8E9
:10A18000001000B212E0D9F80020D21D22F0070220
:10A19000C9F80020D2E900010832C9F8002006E021
:10A1A000D9F8001051F8040BC9F80010C117CDE917
:10A1B0000201002902D507982D210AE0BDF84000D0
:10A1C000810702D507982B2103E0C00705D5079822
:10A1D000202112AA1154401C079012A8079901448B
:10A1E000059102A8594600F04FF816E001200790AB
:10A1F000D9F8000050F8041BC9F800008DF8481089
:10A200000BE025210122BBF1000F8DF848100792C9
:10A2100003D08DF849B0022107910F9A07980A9947
:10A220000C9C121A0898521A0B99121A0998521A71
:10A23000121A9DF84000141B41073FF560AA202028
:10A24000002C8DF804007FF75AAA309E2546012382
:10A2500001AA02A9304600F0DFF800283FF44BAA1B
:10A260004FF0FF3031B0BDE8F08F00007072696EC2
:10A2700074665F733A20626164202573206172679F
:10A28000756D656E740000002DE9FC4307466F296B
:10A290003E6908BF082405D041F02000782814BF8B
:10A2A0000A2410243C25D7E90023642918BF692912
:10A2B0009046994605D1002B03D5D8F1000869EBEB
:10A2C0004909B9F1000F08BFB8F1000F0CD1386B84
:10A2D00050B9082C39D197F83800010735D530200E
:10A2E0003B2586F83B0030E08DF80010404649469B
:10A2F0002246E317FCF7F6FD3032D0B26D1E3A2845
:10A30000019504DB9DF80000A0F151018A187255F7
:10A31000404649462246E317FCF7E4FD80465FEAE3
:10A32000010908BFB8F1000F03D0F868711988421D
:10A33000DCD3082C09D197F83800010705D5705DEA
:10A34000302802D06D1E30207055C5F13C02BA6134
:10A350007119F960386B824208DA821A3A624FF654
:10A36000EF70398F01403987BDE8F38300280ED59F
:10A3700097F8380000F01400102808D17B6B796939
:10A38000386A5B1A1B1A9A1A002AC8BF3A62BDE8DB
:10A39000F3832DE9D04306460F4614464FF00008DC
:10A3A000DFF8509012E0E00707D542464B463046B2
:10A3B0003946FCF7AFFE06460F4640464946424640
:10A3C0004B46FCF7A7FE641080468946002CEAD174
:10A3D00030463946BDE8D08302FCFFFFFFFF0F8007
:10A3E0000000E03F0000F07FA08601000000F03F89
:10A3F00084D797410000244010B503460C4611460F
:10A40000A0689847A06020B1E06A401CE06200208C
:10A4100010BD4FF0FF3010BDF8B505460E4617468B
:10A420001C4600205CB117F8011BB068A847B0605B
:10A4300030B1F06A401CF0620020641EF3D1F2BD1E
:10A440004FF0FF30F2BD00007072696E74665F738A
:10A450003A20256E20646973616C6C6F77656400C7
:10A460007072696E74663A2062616420256E2061A4
:10A470007267756D656E7400000000006E616E009D
:10A480004E414E00696E6600494E460030000000A5
:10A4900010B50400002C01D1012074E0606A00288E
:10A4A00006D16068B0F5827F06D00020E06103E04D
:10A4B00000202061002060610020A06294F85D000F
:10A4C000002805D1002084F85C00200002F044FB45
:10A4D000022084F85D002068006830F040002168A8
:10A4E0000860E06840F20171884201D3002101E078
:10A4F0004FF48051E068B0F5706F05D0E068B0F5BA
:10A50000E06F01D00020A062606810F48270A26841
:10A5100012F404421043227C12F002021043227D06
:10A5200012F001021043A26912F400721043227F5C
:10A5300012F03802104394F8202012F080021043E9
:10A54000A26A12F40052104322681060A269120C31
:10A5500012F0040294F8240010F01000024394F862
:10A56000340010F008000243E06810F47060024309
:10A5700011F48050024320684260002020660120D0
:10A5800084F85D00002010BD2DE9F84306000D00A1
:10A5900017001C00FBF7F2FE8046B94696F85D00F6
:10A5A000012801D00220ECE0002D03D0380080B259
:10A5B000002801D10120E4E096F85C00012801D1D7
:10A5C0000220DEE0012086F85C00032086F85D00B2
:10A5D00000203066B563B787F7870020306400201D
:10A5E000A6F844000020A6F84600002030650020B0
:10A5F000F064B068B0F5004F0BD13068006830F0FF
:10A600004000316808603068006850F4804031686C
:10A61000086030680068400605D43068006850F073
:10A62000400031680860F06840F20171884235D31B
:10A630007068002803D0484680B2012809D1B06B69
:10A6400000883168C860B06B801CB063F08F401E1A
:10A65000F087F08F002873D03068806880070AD5B3
:10A66000B06B00883168C860B06B801CB063F08F3D
:10A67000401EF087EDE7FBF781FEB0EB0800A0423B
:10A6800002D314F1010F01D1002CE2D1012086F890
:10A690005D00002086F85C00032072E070680028EE
:10A6A00003D0484680B2012817D1F08F02280AD380
:10A6B000B06B00883168C860B06B801CB063F08FED
:10A6C000801EF08709E0B06B007831680873B06BCA
:10A6D000401CB063F08F401EF087F08F00282FD011
:10A6E00030688068800718D5F08F02280AD3B06BD5
:10A6F00000883168C860B06B801CB063F08F801E2A
:10A70000F087EAE7B06B007831680873B06B401CE3
:10A71000B063F08F401EF087DFE7FBF72FFEB0EB52
:10A720000800A04202D314F1010F01D1002CD4D1B2
:10A73000012086F85D00002086F85C00032020E000
:10A7400042462100300000F003F9002801D020200B
:10A750003066B068002808D1002000903068C068DA
:10A7600000903068806800900098012086F85D00B5
:10A77000002086F85C00306E002801D0012000E047
:10A780000020BDE8F2832DE9FC4705000E0017000C
:10A790009846DDF82890FBF7F1FD0400B8EB0404BF
:10A7A00019EB0404FBF7EAFD8246684800684001A3
:10A7B000000D00FB04F00090286880683040B04233
:10A7C00001D1012000E000203900C9B2884243D005
:10A7D00018F1010FF0D0FBF7D1FDB0EB0A00A04259
:10A7E00001D2002C2FD12868406830F0E0002968A1
:10A7F00048606868B0F5827F0DD1A868B0F5004F59
:10A8000003D0A868B0F5806F05D12868006830F0E3
:10A81000400029680860A86AB0F5005F0BD128687D
:10A82000006830F40050296808602868006850F417
:10A83000005029680860012085F85D00002085F837
:10A840005C00032009E00098002801D100200400EA
:10A850000098401E0090AFE70020BDE8F6872DE984
:10A86000FE4F06000F0014009846DDF830900020DF
:10A870008DF80000FBF782FD0500B8EB050519EB2C
:10A880000505FBF77BFD8246306810F10C0B2F4865
:10A89000016823204143090D01FB05F10191306856
:10A8A00080683840A0424ED0B7F5C06F07D1002C69
:10A8B00005D19BF800008DF800009DF8000018F10C
:10A8C000010FECD0FBF75AFDB0EB0A00A84201D211
:10A8D000002D2FD13068406830F0E00031684860CA
:10A8E0007068B0F5827F0DD1B068B0F5004F03D02D
:10A8F000B068B0F5806F05D13068006830F0400076
:10A9000031680860B06AB0F5005F0BD1306800684C
:10A9100030F40050316808603068006850F400502E
:10A9200031680860012086F85D00002086F85C0030
:10A93000032009E00198002801D1002005000198BA
:10A94000401E0190ABE70020BDE8FE8FEC05002023
:10A950007CB504000D00160000962B0000224FF479
:10A96000C0512000FFF77BFF002805D0206E50F07B
:10A970002000206603201FE000962B00002280218B
:10A980002000FFF700FF002805D0206E50F02000C7
:10A990002066032010E000962B0000224FF4C061D7
:10A9A0002000FFF75CFF002805D0206E50F020004B
:10A9B0002066032000E0002076BD002848BF40420A
:10A9C000704700007047000070B44FF0004591EAF6
:10A9D000030F7CF579AC6B40841A71EB030603D24C
:10A9E000001BB141121973414FF4001C1CEB410FC5
:10A9F00034BF7CEB430442E00C0DA4EB1356352E20
:10AA00004FDC45EAC323DB0A45EAC121C912B6F18E
:10AA100020050DDD63FA05F6EB4086EA03051242D8
:10AA200018BF45F00105C01851F100010CD213E028
:10AA300062FA06F5F2405540F3415A40B340F34004
:10AA40005A408018594107D349085FEA30005FEA4D
:10AA5000350528BF45F0010501F58011420875F163
:10AA6000004250F1000041EB04514E0016F5001F6A
:10AA700070BC38BF70470020090D090570471CEBFA
:10AA8000410F10D252EA43060BD0BCEB410F05D860
:10AA90000C0DAB43661E342EB6DD02E0AB438018CE
:10AAA000594170BC704770BC704780B502F090F897
:10AAB00000F011F802F09EF802F084F9FCF780FE35
:10AAC00002F0B0F902F020F8FCF796FEFCF7B2FEB7
:10AAD00002F0D4FAFEE710B596B04421002205AC8E
:10AAE0002000FBF703FF142100226C462000FBF737
:10AAF000FDFE4FF4007002F09DFC002801D000F034
:10AB000033F81820059001200A9001200B900020B6
:10AB10000C9060200D9002200F90012010900120D9
:10AB200011902820129007201390022014900220E8
:10AB3000159005A800F042FE002801D000F014F89E
:10AB40000F2000900320019000200290002003902D
:10AB5000002004900421684601F074F9002801D017
:10AB600000F002F816B010BD72B6FEE710B504464C
:10AB700010460A4601462046FBF7B8FE204610BDA7
:10AB80002DE9F84F05005FF0000800272868000550
:10AB900027D5686C00280DD0B0F5000F03D0B0F5B4
:10ABA000400F0DD00DE0DFF82403016851F480312F
:10ABB000016008E00021281D00F092F9804602E0C3
:10ABC00001E0012080464046C0B2002808D1DFF8ED
:10ABD0000C130A6832F44002686C02430A6000E019
:10ABE0004746286880037AD55FF00009DFF8E0A2C5
:10ABF000DAF80000C0000DD4DAF8000050F0805000
:10AC0000CAF80000DAF8000010F0805000900098B8
:10AC100001208146DFF8BCB2DBF8000050F4807000
:10AC2000CBF80000FBF7AAFB0600DBF80000C0052C
:10AC300006D4FBF7A3FB801B0328F6D30320804632
:10AC40004046C0B200283FD1DFF88CB2DBF80000EC
:10AC500010F440700400002C15D0E86D844212D02E
:10AC6000DBF8000030F440700400DBF8000050F422
:10AC70008030CBF80000DBF8000030F48030CBF8F7
:10AC80000000CBF80040E0070FD5FBF777FB06008C
:10AC9000DBF80000800708D4FBF770FB801B41F253
:10ACA00089318842F4D3032080464046C0B2002850
:10ACB00008D1DBF8001031F44071E86D0143CBF8A6
:10ACC000001002E0474600E047464846C0B201286F
:10ACD00005D1DAF8000030F08050CAF8000028787A
:10ACE000C00707D5DFF8F4110A6892089200286AB5
:10ACF00002430A602878800707D5DFF8E0110A6868
:10AD000032F00C02686A02430A602878400707D5CF
:10AD1000DFF8C8110A6832F03002A86A02430A60FC
:10AD20002878800607D5DFF8B4110A6832F440624B
:10AD3000E86A02430A602868800507D5DFF89C119D
:10AD40000A6832F44022E86B02430A602868400532
:10AD500007D5DFF888110A6832F44012286C0243E4
:10AD60000A602878400607D5DFF870110A6832F4C7
:10AD70004052286B02430A602878000607D5DFF8A6
:10AD80005C110A6832F44042686B02430A6028682A
:10AD9000C00507D5DFF844110A6832F44032A86BC9
:10ADA00002430A602868800420D5DFF830110A6861
:10ADB00032F04062A86C02430A60A86CB0F1006FE8
:10ADC00006D1DFF80801016851F4801101600DE03F
:10ADD000A86CB0F1806F09D10121281D00F080F826
:10ADE00080464046C0B2002800D04746286800038D
:10ADF00020D5DFF8E8100A6832F04062E86C0243C0
:10AE00000A60E86CB0F1006F06D1DFF8C00001689D
:10AE100051F4801101600DE0E86CB0F1806F09D150
:10AE20000121281D00F05CF880464046C0B2002891
:10AE300000D047462868400320D5DFF8A0100A68F4
:10AE400032F04062286D02430A60286DB0F1006F55
:10AE500006D1DFF87800016851F4801101600DE03F
:10AE6000286DB0F1806F09D10121281D00F038F85C
:10AE700080464046C0B2002800D0474628684004BB
:10AE800015D5DFF858100A6832F04052686D024359
:10AE90000A60686DB0F1805F09D10221281D00F0C1
:10AEA0001FF880464046C0B2002800D047462868B8
:10AEB000000407D5DFF824100A6832F08042A86D3C
:10AEC00002430A603800C0B2BDE8F28F0C100240A5
:10AED000581002400070004090100240881002405C
:10AEE0002DE9F04105000C0000275949086810F0D1
:10AEF000030F12D0086810F003002A68904209D1AD
:10AF00002868002806D00868C0F30210401C696851
:10AF1000884232D0012007002FE02868012804D0A1
:10AF20001BD303280FD007D317E04A4800688007D7
:10AF300001D40120070012E046480068400501D412
:10AF4000012007000BE043480268920304D4006824
:10AF5000400301D40120070001E001200700380070
:10AF6000C0B2002809D10A6832F07302286802438F
:10AF70006868401E52EA00120A603800C0B2002819
:10AF800061D1DFF8D080D8F8000030F08060C8F8D8
:10AF90000000FBF7F3F90600D8F80000000106D521
:10AFA000FBF7ECF9801B0328F6D3032007003800D9
:10AFB000C0B2002847D1002C0BD127490A68274886
:10AFC0000240A86852EA0022E86852EAC0620A60B9
:10AFD0001CE0012C0DD120490A6821480240A868D4
:10AFE00052EA002228694008401E52EA40520A6094
:10AFF0000CE019490A681B480240A86852EA00227E
:10B0000068694008401E52EA40620A60D8F80000B1
:10B0100050F08060C8F80000FBF7B0F90600D8F8DF
:10B020000000000106D4FBF7A9F9801B0328F6D322
:10B03000032007003800C0B2002804D106490A687E
:10B04000A86902430A603800C0B2BDE8F081000080
:10B050000C1002400010024010100240FF80FF0759
:10B06000FF809FFFFF80FFF930B40100002901D16C
:10B07000012067E00868624A90420AD20A68614883
:10B0800082181420B2FBF0F0800048645E48086427
:10B0900009E00A685D4882181420B2FBF0F08000D5
:10B0A00048645B480864022081F82500086802684B
:10B0B0006FF30E128B68C86803430869034348693D
:10B0C000034388690343C8690343086A03431A4377
:10B0D000086802608868B0F5804F2AD0086C4A4B37
:10B0E000984213D14B4803680F2491F8445015F04F
:10B0F0001C05AC40A343036003684C6891F84450BE
:10B1000015F01C05AC402343036012E0424803687D
:10B110000F2491F8445015F01C05AC40A343036084
:10B1200003684C6891F8445015F01C05AC4023436B
:10B1300003600020C863012081F82500002081F809
:10B140002400002030BC704710B40100002901D158
:10B15000012053E008680068400840000A68106059
:10B160000868274A90420AD20A68264882181420A2
:10B17000B2FBF0F0800048642348086409E00A68E4
:10B18000224882181420B2FBF0F080004864204866
:10B19000086400200A681060012091F8442012F031
:10B1A0001C0290400A6C5060086C174A90420AD109
:10B1B000184802680F2391F8444014F01C04A3407F
:10B1C0009A43026009E0144802680F2391F8444052
:10B1D00014F01C04A3409A4302600020C8620020BF
:10B1E000086300204863002088630020C8630020B3
:10B1F00081F82500002081F82400002010BC704751
:10B2000008040240F8FFFDBF00000240F8FBFDBF4C
:10B2100000040240A8000240A80402402DE9F041C9
:10B2200004000D0016001F005FF0000894F82400D1
:10B23000012801D102203BE0012084F8240094F889
:10B24000250001282DD1022084F825000020E0638C
:10B250002068006840084000216808603B00320018
:10B260002900200000F0F8F8206B002806D02068A4
:10B27000006850F00E00216808600BE0206800684C
:10B2800030F00400216808602068006850F00A006F
:10B29000216808602068006850F00100216808609B
:10B2A00004E0002084F82400022080464046C0B21A
:10B2B000BDE8F0810100002291F82500022806D0A7
:10B2C0000420C863002081F8240001201BE00868E6
:10B2D000006830F00E000B681860086800684008CD
:10B2E00040000B681860012091F8443013F01C03F3
:10B2F00098400B6C5860012081F82500002081F8EF
:10B3000024001000C0B2704738B50400002594F83E
:10B310002500022804D00420E063012005001FE07E
:10B320002068006830F00E0021680860206800681E
:10B330004008400021680860012094F8441011F092
:10B340001C018840216C4860012084F82500002001
:10B3500084F82400A06B002802D02000A16B88474D
:10B360002800C0B232BD70B50400206C05682068AA
:10B370000668042094F8441011F01C0110FA01F141
:10B380000D4219D0710717D521680968890605D4BF
:10B390002168096831F004012268116094F84410B2
:10B3A00011F01C018840216C4860206B002852D0AD
:10B3B0002000216B88474EE0022094F8441011F0E1
:10B3C0001C0110FA01F10D421FD0B1071DD52168F3
:10B3D0000968890608D42168096831F00A012268E1
:10B3E0001160012184F8251094F8441011F01C011B
:10B3F0008840216C4860002084F82400E06A00281E
:10B4000029D02000E16A884725E0082094F84410FC
:10B4100011F01C01884005421DD030071BD5206863
:10B42000006830F00E0021680860012094F8441094
:10B4300011F01C018840216C48600120E06301206C
:10B4400084F82500002084F82400606B002802D0D6
:10B450002000616B884770BD30B4012490F84450DF
:10B4600015F01C05AC40056C6C6004686360846872
:10B47000102C04D10468A2600468E16003E0046851
:10B48000A1600468E26030BC7047000010B410F0A6
:10B490000703DFF8684122684FF6FF010A40DFF832
:10B4A000601151EA03210A43226010BC7047DFF8A3
:10B4B0004C010068C0F3022070470000010049B24F
:10B4C00000290AD4012210F01F018A40DFF834114C
:10B4D00003005BB25B0941F823207047010049B2C9
:10B4E00000290DD4012210F01F018A4046490300B3
:10B4F0005BB25B0941F82320BFF34F8FBFF36F8F1F
:10B50000704710B4020052B2002A05D40A013F4B22
:10B51000040064B21A5508E00A013D4B040064B20D
:10B5200014F00F04234403F8042C10BC704770B4CB
:10B53000030013F00704D4F10700052801D3042009
:10B5400001E0D4F10700251D072D01D2002500E000
:10B55000E51E012616FA00F0401E0140A94016FA29
:10B5600005F56D1E2A401143080070BC704710B5E8
:10B570000400601EB0F1807F01D301200EE0601E48
:10B58000244908600F215FF0FF30FFF7BAFF002069
:10B5900021490860072021490860002010BD10B52E
:10B5A00004002000FFF772FF10BD2DE9F0410400F8
:10B5B0000D0016000027FFF77AFF804632002900B1
:10B5C0004046FFF7B4FF0100200040B2FFF799FFAB
:10B5D000BDE8F08110B50400200040B2FFF76EFF17
:10B5E00010BD10B50400200040B2FFF777FF10BD7A
:10B5F00010B504002000FFF7BAFF10BD0CED00E00D
:10B600000000FA0500E100E080E100E000E400E075
:10B6100018ED00E014E000E018E000E010E000E0C9
:10B6200010B50400206841490968884202D1012010
:10B6300001F0F5FD20683E490968884202D10120E9
:10B6400001F04CFF20683B490968884202D1012083
:10B65000FCF79CFA10BD38B504000D002068334992
:10B660000968884203D1280080B201F0D8FD206823
:10B670002F490968884203D1280080B201F02EFFCB
:10B6800020682C490968884203D1280080B2FCF761
:10B690007DFA31BD10B5040020682449096888424C
:10B6A00002D1002024490870206821490968884295
:10B6B00002D102202049087020681E49096888428A
:10B6C00002D104201C49087002211C48FAF7A4FF8B
:10B6D00010BD1CB5184C20780090194B0022002199
:10B6E000032001F023FF207800280ED101F096FD01
:10B6F00014480188491C01800188142903DB0021BA
:10B70000018001F075FD01F077FD20782078022896
:10B7100003D101F0E2FE01F0D1FE20782078042868
:10B7200003D1FCF732FAFCF721FA13BDAC2200205A
:10B7300034230020BC2300205F2A0020F0050020D5
:10B740004CFF00084C2A002070B505000C001600C4
:10B75000D5F8800020282DD1002C03D0300080B2F5
:10B76000002801D1012026E001202866002068661B
:10B77000320092B221002800FCF7D9FF0100080036
:10B78000C0B2002813D1286E01280ED110202A68DB
:10B790001062286850E8000F50F0100002002B687B
:10B7A00043E800200028F4D101E001200100080056
:10B7B000C0B200E0022070BD704700002DE9FE4FCE
:10B7C0000500002D01D101203AE3DFF80499D9F8F2
:10B7D000004014F00C04DFF81889D8F8007017F056
:10B7E00003072878C00640F1C680002C03D00C2C3B
:10B7F0007AD1012F78D1DFF8D4A8DAF800008007D9
:10B8000004D5A869002801D1012019E3DAF8000065
:10B81000000704D5DAF8000010F0F00005E0DFF8CA
:10B8200060090068000910F0F000296A88421ED201
:10B83000286A00F05FFC002801D0012000E3DAF85C
:10B84000000050F00800CAF80000DAF8001031F0EB
:10B85000F001286A0143CAF80010DFF828090168DE
:10B8600031F47F41EA6951EA022101601FE0DAF810
:10B87000000050F00800CAF80000DAF8001031F0BB
:10B88000F001286A0143CAF80010DFF8F8080168DF
:10B8900031F47F41EA6951EA02210160002C06D1AE
:10B8A000286A00F027FC002801D00120C8E200F03F
:10B8B00086FBDFF8D418D9F80020C2F30312895CA4
:10B8C00011F01F01C840DFF80C180860DFF8080805
:10B8D000006801F049FF8DF800009DF80000002885
:10B8E00049D09DF80000ABE2A86900282DD0DFF810
:10B8F000DC97D9F8000050F00100C9F80000FAF711
:10B900003DFD0600D9F80000800706D4FAF736FDA1
:10B91000801B0328F6D3032092E2D9F8000050F0F0
:10B920000800C9F80000D9F8001031F0F001286AC9
:10B930000143C9F80010DFF84C08016831F47F4179
:10B94000EA6951EA0221016015E0DFF88097D9F831
:10B95000000040084000C9F80000FAF70FFD06009B
:10B96000D9F80000800706D5FAF708FD801B0328E8
:10B97000F6D3032064E22878C00754D5082C03D0FE
:10B980000C2C0BD1032F09D1DFF84007006880038E
:10B9900049D56868002846D1012051E26868B0F5B1
:10B9A000803F06D1DFF82407016851F4803101603F
:10B9B00018E06868B0F5A02F0AD1DFF81007016819
:10B9C00051F480210160016851F48031016009E087
:10B9D000DFF8F806016831F480310160016831F464
:10B9E00080210160686800280ED0FAF7C7FC0600C5
:10B9F000DFF8D8060068800315D4FAF7BFFC801B77
:10BA00006528F5D303201BE2FAF7B8FC0600DFF83F
:10BA1000BC060068800306D5FAF7B0FC801B6528D9
:10BA2000F5D303200CE22878800752D5042C03D0EC
:10BA30000C2C15D1022F13D1DFF8900600684005B9
:10BA400004D5E868002801D10120F9E1DFF83407C6
:10BA5000016831F0F8512A6951EA0261016038E069
:10BA6000E86800281FD0DFF86496D9F8000050F489
:10BA70008070C9F80000FAF781FC0600D9F80000D0
:10BA8000400506D4FAF77AFC801B0328F6D303207E
:10BA9000D6E1DFF8F006016831F0F8512A6951EA81
:10BAA0000261016015E0DFF82496D9F8000030F457
:10BAB0008070C9F80000FAF761FC0600D9F80000B0
:10BAC000400506D5FAF75AFC801B0328F6D303205D
:10BAD000B6E1287800072ED56869002815D0DFF870
:10BAE000A096D9F8000050F00100C9F80000FAF75C
:10BAF00045FC0600D9F8000080071CD4FAF73EFC8C
:10BB0000801B0328F6D303209AE1DFF87496D9F856
:10BB1000000040084000C9F80000FAF72FFC0600BA
:10BB2000D9F80000800706D5FAF728FC801B032807
:10BB3000F6D3032084E12878400740F181805FF04C
:10BB40000009DFF848A6DAF80000C0000DD4DAF8E2
:10BB5000000050F08050CAF80000DAF8000010F041
:10BB600080500190019801208146DFF824B6DBF86F
:10BB70000000C00513D4DBF8000050F48070CBF84F
:10BB80000000FAF7FBFB0600DBF80000C00506D456
:10BB9000FAF7F4FB801B0328F6D3032050E1A868D2
:10BBA000012806D1DFF8EC05016851F001010160C0
:10BBB00017E0A86805280AD1DFF8D805016851F018
:10BBC00004010160016851F00101016009E0DFF842
:10BBD000C4050168490849000160016831F00401A9
:10BBE0000160A868002810D0FAF7C8FB0600DFF84B
:10BBF000A4050068800719D4FAF7C0FB801B41F246
:10BC000089318842F3D303201AE1FAF7B7FB060023
:10BC1000DFF880050068800708D5FAF7AFFB801BC6
:10BC200041F289318842F3D3032009E14846C0B28A
:10BC3000012805D1DAF8000030F08050CAF8000081
:10BC4000287880062ED5686A002815D0DFF8489538
:10BC5000D9F8000050F00100C9F80000FAF78EFB97
:10BC60000600D9F8000080071CD4FAF787FB801B78
:10BC70000328F6D30320E3E0DFF81C95D9F8000091
:10BC800040084000C9F80000FAF778FB0600D9F830
:10BC90000000800706D5FAF771FB801B0328F6D356
:10BCA0000320CDE0A86A002800F0C980A86A022815
:10BCB00040F0A380D8F80000070017F00300E96AFD
:10BCC000884222D117F07000296B491EB0EB011F8A
:10BCD0001BD117F4FE40696BB0EB012F15D117F0A3
:10BCE0007840A96BB0EBC16F0FD117F4C000E96BBE
:10BCF0004908491EB0EB415F07D117F0C060296CBD
:10BD00004908491EB0EB416F57D00C2C53D0DFF8D7
:10BD1000BCA3DAF80000400101D5012090E0DAF878
:10BD2000000030F08070CAF80000FAF727FB814667
:10BD3000DAF80000800107D5FAF720FBB0EB090024
:10BD40000328F5D303207BE0D8F80010DFF84C047B
:10BD50000140E86A0143286B401E51EA0011686BFC
:10BD600051EA0021E86B4008401E51EA4051286C1E
:10BD70004008401E51EA4061A86B51EAC061C8F812
:10BD80000010DAF8000050F08070CAF80000D8F80F
:10BD9000000050F08070C8F80000FAF7EFFA0600D3
:10BDA000DAF8000080014AD4FAF7E8FA801B032889
:10BDB000F6D3032044E0012042E0DFF81093D9F8E5
:10BDC000000080013BD4D9F8000050F08070C9F821
:10BDD0000000D8F8000050F08070C8F80000FAF7B2
:10BDE000CDFA0600D9F80000800128D4FAF7C6FA87
:10BDF000801B0328F6D3032022E00C2C1DD0DFF893
:10BE0000CC92D9F8000030F08070C9F80000FAF741
:10BE1000B5FA0600D9F80000800106D5FAF7AEFAA7
:10BE2000801B0328F6D303200AE0D8F80010DFF8BF
:10BE300070030140C8F8001001E0012000E000207C
:10BE4000BDE8FE8F2DE9F04104000D00002C01D16A
:10BE50000120B2E0DFF84C73386810F00700A84208
:10BE60000BD23868C008C00028433860386810F02A
:10BE70000700A84201D001209FE0207880070DD55F
:10BE8000DFF84C12086810F0F000A268904205D26A
:10BE90000A6832F0F002A06802430A602078C00706
:10BEA00042D56068032806D1DFF8200200688001CF
:10BEB0001CD4012081E06068022806D1DFF80C0262
:10BEC0000068800312D4012077E06068002806D162
:10BED000DFF8F8010068800708D401206DE0DFF882
:10BEE000EC010068400501D4012066E0DFF8E08144
:10BEF000D8F800108908890060680143C8F800106C
:10BF0000FAF73CFA0600D8F8000010F00C0061685F
:10BF1000B0EB810F08D0FAF731FA801B41F289317A
:10BF20008842F0D3032048E0207880070CD5684988
:10BF3000A0680A6812F0F002904205D20A6832F056
:10BF4000F002A06802430A60386810F007008542DA
:10BF50000BD23868C008C00028433860386810F039
:10BF60000700A84201D0012027E02078400706D52D
:10BF700057490A6832F4E062E06802430A602078B8
:10BF8000000707D55248016831F46051226951EA2F
:10BF9000C201016000F013F8DFF8EC114C4A12689E
:10BFA000C2F30312895C11F01F01C84049490860BF
:10BFB0004948006801F0D8FBC0B2BDE8F0812DE926
:10BFC000F041002600204249096811F00C01DFF819
:10BFD00020C1DCF8007017F00307002903D00C29FA
:10BFE0001AD1012F18D1DFF8E4E0DEF800805FEA13
:10BFF000087806D4DFF888E1DEF800E0CEF3032EFF
:10C0000003E0DEF800E0CEF3031E674E56F82E6024
:10C0100000290CD130000AE0042903D1DFF88CE1BB
:10C02000704604E0082902D1DFF884E170460C294B
:10C030002DD1DCF800E01EF0030E73469E46BEF1E3
:10C04000020F03D0BEF1030F03D005E0DFF85CE17F
:10C0500003E0DFF85CE100E0B646DCF80020C2F364
:10C060000212521C1500DCF80020C2F3062202FB6B
:10C070000EFEBEFBF5F2DCF800C0CCF3416C1CF107
:10C08000010C5FEA4C0C6446B2FBF4FC6046BDE870
:10C09000F08110480068704780B5FFF7FAFF454906
:10C0A0000B4A1268C2F30222895C11F01F01C840DA
:10C0B00002BD80B5FFF7EDFF3E49054A1268C2F3A5
:10C0C000C222895C11F01F01C84002BD001002406D
:10C0D00008100240EC050020C80500202849086827
:10C0E00010F07E400A6852F400020A6070470000B7
:10C0F0000C1002407CB504000025244E3068C000BE
:10C1000003D501F091F901000FE0306850F0805044
:10C110003060306810F080500090009801F084F991
:10C120000100306830F080503060B1F5007F09D1F7
:10C13000812C15D3A12C02D30220050010E0012090
:10C1400005000DE0812C02D30320050008E0802CBF
:10C1500002D10220050003E0702C01D1012005006E
:10C1600010480268D208D2002A430260006810F02A
:10C170000700A84201D0012000E0002076BD0000A9
:10C180009410024004100240C00001085810024000
:10C190000070004090100240981002408C809D0179
:10C1A000FCFFEEFE00200240C4FD00080024F40065
:10C1B00000127A00C0050108704770472DE9F84F5A
:10C1C00082468B4614001D000026DFF88471387803
:10C1D000012801D1022047E0012038704CF250388C
:10C1E000404600F05BF881464846C0B2002837D18F
:10C1F00000207860DFF85C010168490506D5016818
:10C2000031F4806101600220387701E00020387746
:10C21000BAF1000F07D122002B00584600F071F848
:10C22000012006000FE0BAF1010F02D0BAF1020FAF
:10C2300009D12100584600F071F8BAF1020F02D17D
:10C240005FF480200600404600F028F88146002E6A
:10C2500004D0DFF804010168B143016000F09FF8E9
:10C26000002038704846C0B2BDE8F28F00203A493D
:10C270000A68002A09D53C4A3C4B13603C4B1360CA
:10C280000968002901D501210800C0B27047324871
:10C29000016851F0004101600020704770B5040052
:10C2A000FAF76CF805002D4A1068C00309D514F19F
:10C2B000010FF8D0FAF762F8401BA042F3D3032035
:10C2C0001EE0116826480140002913D02048436829
:10C2D0000B43436011F0404F05D0224B1E6811F014
:10C2E000404006431E60880002D021F040401060AC
:10C2F000012005E01068C00701D501201060002072
:10C3000070BD10B414490C6854F001040C60026054
:10C31000BFF36F8F011D0B6010BC704770B44023DA
:10C3200004000D000C4A166856F480261660EFF3E0
:10C33000108272B62E682660241D2D1D5B1E1E0005
:10C34000F6B2002EF6D182F3108870BC7047000060
:10C35000CC050020002002401420024010200240A2
:10C36000FAC302001820024008200240230167455A
:10C37000AB89EFCD10B4DFF89820136833F47E73E7
:10C38000C40014F4FF6423431360136853F00203E2
:10C390001360136853F48033136010BC7047DFF8E8
:10C3A0006800017F0A00D2B2012A03D00A00D2B28B
:10C3B000032A11D1DFF85420136833F4007313609B
:10C3C000136853F400631360136833F4006313605D
:10C3D000136853F4007313600A00D2B2022A03D028
:10C3E0000A00D2B2032A0CD1084A136853F48053CE
:10C3F0001360136833F480531360136853F480633D
:10C400001360002202777047CC0500200020024014
:10C410001420024090420CD141EA030C50EA4C0C2B
:10C4200007D0994205D14FF4001C1CEB410F38BFD7
:10C430008942704710B5144600F002F8226010BD22
:10C44000C1F30A5343B14A0012F5001F28D2A3F2E8
:10C45000FE32A1EB0251704750EA410C20D001F0AE
:10C46000004C31EA0C01B1FA81F204BFB0FA80F35A
:10C47000D2180B3AB2F120032CBF00FA03F191401D
:10C4800041EA0C013EBFC2F1200C20FA0CF3194323
:10C490009040524240F2FD33D21A01EB03517047F3
:10C4A000002270474FF4001C1CEB410F94BF1CEBA3
:10C4B000430F09E041EA030C50EA4C0C52EA0C0C21
:10C4C00003D2994208BF9042704714BF8B42824208
:10C4D000704700004FF4001C1CEB410F94BF1CEB95
:10C4E000430F09E041EA030C50EA4C0C52EA0C0CF1
:10C4F00003D28B4208BF8242704714BF99429042D8
:10C5000070470000F8B52DED0A8B41EC1A0B48007E
:10C510004015109D401C43EC182B23D051EC1A0BF6
:10C5200031F0004108BF00281CD051EC180B480026
:10C530004015401C16D051EC180B31F0004108BFDB
:10C5400000280FD051EC1A0B0022DFF84833FFF718
:10C55000A9FF80F0A38055EC184B9FED800B05F0F0
:10C560000042ACE051EC1A0B48004015401C02D1CF
:10C57000090340F0898151EC180B48004015401C1C
:10C5800001D1090353D151EC180B31F0004308BF1E
:10C59000002A08D151EC1A0B48004015401C46D126
:10C5A000090344D10DE048004015401C12D1090395
:10C5B00010D151EC1A0B48004015401C37D109032B
:10C5C00035D1AFF30080BDEC0A8B4FF0FF306FF038
:10C5D0000041F4BD51EC1A0B31F0004108BF0028B6
:10C5E00028D151EC180B4800400D05EB000234D166
:10C5F00051EC180B31F0004108BF002806D02A4644
:10C6000051EC180B00F0CAF941EC180B51EC180B67
:10C6100020F0000231F0004308BF002A05D0480096
:10C620004015401C03D1090301D1AFF3008051EC48
:10C63000180B2BE151EC1A0B48004015401C26D179
:10C64000090324D153EC1A2B51EC180BBDEC0A8BC7
:10C6500001B0BDE8F040FAF75DBD002AC8DD40F248
:10C66000FF70824209DB9FED9F0B53EC102B01F012
:10C6700000410B4343EC182BC8E76FF31E5141EA0E
:10C68000025155EC184B0D4645EC184BBEE755ECE6
:10C69000184B9FED320B05F0004210E001227E4B5B
:10C6A000FFF718FF11D89FED8F0B51EC100B55ECD5
:10C6B000184BAFF3008005F0004040EA010251EC56
:10C6C000100BBDEC0A8B1146F4BD53EC1A2B7348CA
:10C6D0007349FAF71FFD41EC100B53EC102B9FED43
:10C6E000719B03F0004251EC190B0C46144353ECC0
:10C6F000192B51EC100B2346FAF7DEFDFAF79AFEE0
:10C700000446F9F717FC41EC1B0B53EC1B2B4FF0C5
:10C7100078406649FAF7FEFC02460B4651EC1A0BCC
:10C72000FEF752F906460F4653EC1B2B6048614951
:10C73000FAF7F0FC02460B4630463946FEF744F95C
:10C7400041EC1A0B21F0004100225B4BFFF7AAFEDF
:10C7500008D2B0EE48AAF0EE68AA55E0000000004A
:10C760000000000053EC1A2B51EC1A0BFAF7D2FC24
:10C7700041EC1B0B53EC1B2B50485149FAF7CAFCF8
:10C78000504A514BFAF798FD53EC1B2BFAF7C2FCB9
:10C7900041EC1C0B53EC1B2B4C484D49FAF7BAFCEF
:10C7A0004C4A4D4BFAF788FD53EC1B2BFAF7B2FCC1
:10C7B00053EC192BFAF780FD53EC1A2BFAF7AAFC6D
:10C7C00041EC190B53EC1C2BFAF776FD9FED43ABB4
:10C7D00053EC1A2BFAF770FD06460F4651EC1C0B72
:10C7E00053EC192BFEF7F0F853EC1A2BFAF764FD13
:10C7F00002460B4630463946F9F7BEFB53EC182B80
:10C80000FAF788FC41EC1A0B51EC1A0B2A19480074
:10C81000400D02EB000319D0002B17DD40F2FF7032
:10C82000834209DB9FED2F0B53EC102B01F00041ED
:10C830000B4343EC1A2B16E06FF31E5141EA0351F0
:10C8400055EC1A4B0D4645EC1A4B0CE051EC1A0B0B
:10C8500031F0004108BF002805D051EC1A0B00F060
:10C860009DF841EC1A0B51EC1A0B20F0000231F04C
:10C87000004308BF002A05D048004015401C03D1E2
:10C88000090301D1AFF3008051EC1A0BBDEC0A8B08
:10C89000F4BD000000C89CC000C89C40FE822B650F
:10C8A0004715F73F000000000000E03F422EE63F42
:10C8B000F2E4D5BCE7E84B3E0000903C112E5781D6
:10C8C000A03F503F5843128C8F71BC3F4BE8A541AD
:10C8D000B752013F0BBDF3DAE8708C3F0000000057
:10C8E0000000F03F000000000000F07FC9B20278B5
:10C8F0008A421AB11CBF10F8012FF9E718BF0020B7
:10C900007047000080B500B906A005490B681BB14F
:10C9100022220021984701E000F056FF222002BDAC
:10C920003C2A0020636F6E73747261696E742068B4
:10C93000616E646C65723A20626164206D65737328
:10C9400061676500C9B2830706D0521E22D310F872
:10C95000013B9942F7D11FE0083A13D302F10402D8
:10C9600041EA012141EA014150F8043B121F21BF75
:10C970004B40A3F1013C2CEA030C1CF0803FF3D0A8
:10C98000C9B2001F083210F8013B521E28BF91EABD
:10C99000030FF8D818BF0120401E7047124254D42C
:10C9A00040F2FF7C1CEA11530FD0634531D09B1835
:10C9B00063453CBF01EB0251704701F0004141EA81
:10C9C0000C510020AFF30080704750EA410320D0A3
:10C9D00001F0004C91EA0C011CD0B1FA81F30B3B41
:10C9E0009A420DD9D21A994051EA0C01C3F1200C98
:10C9F00020FA0CFC61449840531C40F2FF7CD7E7BE
:10CA0000914041EA0C01C2F1200C20FA0CF31943C9
:10CA100090407047B0FA80F31533202BE0D3202AE2
:10CA2000EED3203A203B9A4209D9D21A00FA03F1F8
:10CA300041EA0C010020531C40F2FF7CB8E700FAE9
:10CA400002F141EA0C0100207047524240F2FF7CA3
:10CA50001CEA11530DD06345DBD0B2EB030C3CBF95
:10CA6000A1EB025170470CF1010221EA035141F49C
:10CA7000801150EA410CCCD001F0004C352A27DC63
:10CA800030B481EA0C01B2F1200309DAC2F12003CB
:10CA9000044601FA03F5D0402843D1409C400CE005
:10CAA000C3F12002450020FA03F418BF44F001044A
:10CAB00021FA03F091400C43002174F1004550F13C
:10CAC000000051EB0C01244230BC7FF47BAF704777
:10CAD0006146002076E70000400D491840EA8120B9
:10CAE0000CD2490DA1F58061491C40F0004005DBE6
:10CAF000D1F11F0154BFC840C017704700207047D4
:10CB000000487047DC0C002080B52C482C4901609F
:10CB10004FF482714160002181604FF4E061C16097
:10CB200000210161002141614FF400718161002108
:10CB3000C16100210162002141620021816207215F
:10CB4000C1620021016308214163FDF7A1FC0028B7
:10CB500001D0FEF709F801BD10B586B0040014221B
:10CB6000002101A8FEF702F820681549884222D169
:10CB70001448016851F480410160006810F480405D
:10CB8000009000981048016851F0020101600068AF
:10CB900010F00200009000984FF420400190022015
:10CBA000029000200390032004900520059001A925
:10CBB0000648F5F763FC06B010BD0000C42600204F
:10CBC00000380040581002404C1002400004004859
:10CBD00010B500240320FEF7E2FC0F2000F0C4FD96
:10CBE000002802D00120040001E000F0F1FD200047
:10CBF000C0B210BD70B586B0142200216846FDF7A2
:10CC0000B5FF6B48016851F004010160016811F043
:10CC1000040105910599016851F0800101600168E6
:10CC200011F0800105910599016851F00101016041
:10CC3000016811F0010105910599016851F00201A7
:10CC40000160016811F0020105910599016851F038
:10CC500008010160006810F0080005900598554C27
:10CC6000002243F2C1312000F5F7A7FD00224FF466
:10CC7000F8515FF09040F5F7A0FD4F4D00220421E0
:10CC80002800F5F79AFD4D4E002238213000F5F7C7
:10CC900094FD42F2C13000900120019000200290EA
:10CCA0000020039069462000F5F7E8FB4CF21E00D7
:10CCB0000090032001900020029069462000F5F7C3
:10CCC000DDFB0B20009003200190002002906946BC
:10CCD0003B48F5F7D3FB48F2FF000090032001909A
:10CCE0000020029069465FF09040F5F7C7FB2020D6
:10CCF0000090002001900120029069462000F5F785
:10CD0000BDFB0720009000200190012002906946A1
:10CD10003000F5F7B3FB4FF4A640009003200190DC
:10CD20000020029069463000F5F7A8FB4FF4F85058
:10CD3000009001200190002002900020039069469D
:10CD40005FF09040F5F79AFB4FF48050009001207F
:10CD50000190002002900320039069462000F5F71F
:10CD60008DFB042000900120019000200290002003
:10CD7000039069462800F5F781FB182000900120F8
:10CD80000190002002900020039069463000F5F7E2
:10CD900075FB2020009001200190002002900320CC
:10CDA000039069463000F5F769FB06B070BD00BF1F
:10CDB0004C10024000080048000C004800040048E5
:10CDC000001C004880B51648016851F0020101605E
:10CDD000016811F0020100910099016851F0010110
:10CDE0000160006810F0010000900098002200210E
:10CDF0000D20FEF7DAFB0D20FEF7ECFB00220021F0
:10CE00000F20FEF7D2FB0F20FEF7E4FB00220021EB
:10CE10004520FEF7CAFB4520FEF7DCFB01BD00BF45
:10CE20004810024018B591B01422002101A8FDF766
:10CE30009DFE042200216846FDF798FE2C22002169
:10CE400006A8FDF793FE484C48482060002060602B
:10CE50007F20A060FF20E060002020610020606152
:10CE60000020A0610020E061200000F0CDFC00283F
:10CE700001D0FDF779FE00208DF8040000208DF828
:10CE8000050000208DF80600002004900020059089
:10CE9000012201A9200000F01CFD002801D0FDF7AF
:10CEA00063FE01208DF8000001208DF801000120B3
:10CEB0008DF8020000208DF8030001226946200051
:10CEC00000F0B5FD002801D0FDF74EFE00208DF8E2
:10CED000180000208DF8190000208DF81A0000209D
:10CEE00007900020099000200A9000200B9000205D
:10CEF0000D9000200E9001208DF83C004FF48070C2
:10CF00001090012206A9200000F020FE002801D088
:10CF1000FDF72AFE12B010BD10B598B004006022D3
:10CF200000216846FDF722FE20681049884219D189
:10CF30005FF4003000904FF4007017906846FDF7E2
:10CF40001FFE002801D0FDF70FFE0948016851F4CB
:10CF500000410160002200212920FEF726FB292044
:10CF6000FEF738FB18B010BD24290020002800402F
:10CF70009010024010B5040001F0F1F8012010BD3E
:10CF800038B50400DFF85C14087800280ED10120C1
:10CF90000870DFF854048088DFF8501408802100FE
:10CFA000C9B2DFF84C04F9F746FB22E0DFF83C0495
:10CFB000DFF83454AA8803889A4212D100200870FE
:10CFC000AA8829680220F5F77FFC93A10220F5F7D3
:10CFD00091FC0121280001F067F92800F5F756FCC3
:10CFE00007E0A98801802100C9B2DFF80404F9F73D
:10CFF00022FB012032BD10B50400FEF76AFB0120C0
:10D0000010BD10B50400DFF8EC130320F5F780FC29
:10D010000421DFF8DC03F9F70EFB012010BD01004D
:10D020000120704701000120704701000120704776
:10D0300080B500F0B1FF01F025FA01BD1CB500F08C
:10D040003BF801F0ACFAF8F7F1F8F5F7E5FCF8F782
:10D05000EDF8DFF8A443002000900FF2291300221E
:10D060005FF0FF31200000F0A1FFDFF890132000F7
:10D0700001F058F8200000F0BFFF13BDF8B5002400
:10D08000FFF7D6FFFFF7DAFF00F096F8012803D18B
:10D090004FF4FA60FAF79CFD002500F01DF8060039
:10D0A0002E4301F087FA07003743F8F7E1F83843D9
:10D0B0000400F5F75DFDEFE780B500F099F800F0AA
:10D0C0009BF80FF2B500DFF8381308600FF2D100BB
:10D0D000DFF83013086001BD70B500200024002582
:10D0E0002800C0B207283ADAC14E2800C0B20001B9
:10D0F00030444078012830D12800C0B2042801D043
:10D10000012004002800C0B200013044406800281B
:10D110000ED0F9F733F92900C9B209013144496841
:10D12000401A2900C9B2090131448968884214D3E0
:10D1300000202900C9B2090131444870F9F71EF9ED
:10D140002900C9B20901314448602800C0B2290051
:10D15000C9B209013144C96888476D1CC0E7A44AB7
:10D1600092F84100002803D104211000F9F763FA76
:10D170002000C0B270BD000080B500219C48F9F7C6
:10D180004BFA01BD10B504009F490320F5F7B2FB2F
:10D1900005219748F9F740FA00F001F810BD7047F3
:10D1A00038B504000D004FF47A732A0092B22100C2
:10D1B0009648FAF75EFD31BD38B500250024FEF72C
:10D1C0008DFF0100880110D4C8000ED488000CD453
:10D1D00048000AD4002908D4480102D501200400DF
:10D1E00003E0080101D5012004002000C0B232BDD7
:10D1F00080B5FAF7E5FA01BD80B50122844983487C
:10D20000FAF79DFD002201214620FEF7CEF94620C7
:10D21000FEF7E0F901BD00000D0A000070472DE99E
:10D22000F0410400002500217A4A16887A4FF869F7
:10D23000002823D16C48828812FA84F2B2F5966FE6
:10D2400001D3002282805FF000084146220089B2AB
:10D2500092B291420ED2016882881144424692B243
:10D260006E4BC4461FFA8CFC13F80C308B5418F12B
:10D270000108EAE781886118818077E030002300A7
:10D2800080B29BB2984229D2A01B050056488388E1
:10D2900013FA85F3B3F5966F01D3002383805FF013
:10D2A000000841462B0089B29BB2994212D2016814
:10D2B0008388194443469BB2DFF860C1C6461FFA13
:10D2C0008EFE1EFA86FE1CF80EC001F803C018F18F
:10D2D0000108E6E781886918818046E0D6F164009C
:10D2E0000500414B988810FA84F010FA85F0B0F5EB
:10D2F000966F01D30020988000200100AC4689B2CF
:10D300001FFA8CFC614513D21968B3F804C061445C
:10D3100084461FFA8CFCDFF804E180461FFA88F887
:10D3200018FA86F81EF808E001F80CE0401CE4E763
:10D330005FF000084046210080B289B2884210D2D6
:10D34000186899880844414689B2DFF8D0C0C646BB
:10D350001FFA8EFE1CF80EC000F801C018F101087B
:10D36000E8E799882819411899801480F8690028FD
:10D370000AD1642229492548FEF7E6F93868006891
:10D3800030F004003968086001211948F9F744F9C0
:10D39000BDE8F0810100224801600020704780B59F
:10D3A0002048016851F480410160016831F48041F6
:10D3B00001601648FAF76EFB002002BD38B5040084
:10D3C0000D00104A1068002804D0290089B22000FE
:10D3D000126890470020124909688847002032BD32
:10D3E00000000000542A002068060020462A002081
:10D3F000F005002068FF00089429002080A90300A0
:10D40000282A0020382A002030FF0008AC22002003
:10D41000532A0020442A00208C270020282700209F
:10D42000142A002040100240DFF88000006810F449
:10D43000C06070470200B2F5007F26D1DFF86C00B3
:10D44000036813F4C063B3F5007F2CD0036833F492
:10D45000C06353F400730360DFF8540003683220A4
:10D460004343DFF85000B3FBF0F0401C0100DFF84D
:10D47000480003685B0503D5002901D0491EF6E783
:10D48000006840050FD503200EE0DFF82000036898
:10D4900013F4C063B3F5806F05D0036833F4C06341
:10D4A00053F4806303600020704700000070004068
:10D4B000EC05002040420F001470004080B50122AE
:10D4C00017491848FAF73BFC002201212520FEF7F6
:10D4D0006CF82520FEF77EF801BD704738B50400D2
:10D4E0000D480F490A78036885885A558288521C6E
:10D4F0008280828840F2FF139A4201D30022828008
:10D5000001220848FAF71BFC012004490870022197
:10D510000548F9F790F831BDCC0C00205D2A0020B9
:10D520005C2A002034230020D00700202DE9F84792
:10D5300085B005000E0014001F000020ADF80200A9
:10D540005FF0000ADFF80C22107AA84202D27FF0C6
:10D55000040055E0D0683040B04202D07FF00500B2
:10D560004EE05068002806D0002C04D00DF10201D6
:10D5700001A8526890470DF1380843463A004FF42D
:10D580000071DFF8DC0101F020F9814600F0CFF8EE
:10D590006946BDF8020010EB090080B200F076F891
:10D5A00010F1010F28D05FF0000A5046BDF80210BC
:10D5B00080B2884210D201A8514689B2405CDFF89F
:10D5C0009811BDF800208854BDF80000401CADF84B
:10D5D00000001AF1010AE8E743463A004FF40071EF
:10D5E000DFF87401BDF800C0604401F0EEF800F00F
:10D5F000A3F800F008F803E000F09EF87FF00200C6
:10D6000006B0BDE8F08770B50024002500F099F859
:10D61000002837D100F08BF84E4E308A718A88424C
:10D620002ED0B07801280ED13188308A091AB18203
:10D630000220B07000203080B08A002803D1002082
:10D64000B07000203082B07800280CD1308A718A06
:10D65000884204D2718A308A091AB18203E0308A82
:10D66000D0F58060B0823C48318A0844050000F063
:10D6700079F8B18A2800394A92689047040001E09D
:10D6800000F05AF8200040B270BD000070B40200F3
:10D690005FF0FF302F4B5C8A1D8AAC4216D15C8A4A
:10D6A000D4F5806415002600ADB2B6B2B5422BD3D6
:10D6B00015001E8AADB2B54226D201259D705D8A45
:10D6C0001D801D8A2C0000255D821DE01C8A5D8A5C
:10D6D000AC4216D25C8AD4F5806415002600ADB247
:10D6E000B6B2B54210D315001E8AADB2B5420BD208
:10D6F00001259D705D8A1D801D8A2C0000255D829C
:10D7000002E01D8A5C8A2C1B15002600ADB2B6B261
:10D71000B54209D25D8A0D805D8A15FA82F5AD05A4
:10D72000AD0D5D820023180000B270BC704709483F
:10D73000C18A491CC18270470648C18A491EC182FC
:10D7400070470448C08A002801D1002000E0012071
:10D75000704700007C290020CC150020D40301086C
:10D76000181C00207047000038B50400002513493C
:10D77000087800281DD04FF47A700978B0FBF1F0DA
:10D780000F490968B1FBF0F0FDF732FF00280DD119
:10D79000102C08D2002221005FF0FF30FDF705FFBA
:10D7A0000848046007E00120050004E001200500AE
:10D7B00001E0012005002800C0B232BD170D002095
:10D7C000EC050020C8050020012001F0EFB80000A2
:10D7D00081B00B48016851F001010160006810F050
:10D7E0000100009000980748016851F080510160E5
:10D7F000006810F080500090009801B0704700BFA2
:10D80000601002405810024070B504000125002C41
:10D810005CD094F82100002805D1002084F8200075
:10D820002000FFF779FB022084F821002068C068FF
:10D83000C00642D4CA202168486253202168486249
:10D84000200000F02AFB06003000C0B200281AD1E8
:10D8500020688168DFF8E806014020688160206860
:10D860008168626820690243A0690243114320680D
:10D870008160E0682168086120680069A16850EA59
:10D88000014021680861200000F02DFB0500280000
:10D89000C0B200280DD12068C06C800880002168CB
:10D8A000C8642068C16CE269606902431143206862
:10D8B000C164FF202168486201E0002005002800C3
:10D8C000C0B2002802D1012084F821002800C0B293
:10D8D00070BD2DE9F04705000E00140095F82000FA
:10D8E000012801D102206DE0012085F820000220EE
:10D8F00085F82100CA2029684862532029684862B7
:10D90000280000F0CAFA80464046C0B200284AD13A
:10D91000002C20D128688068400601D40020F070D7
:10D92000307800F01FFB8246707800F01BFB8146C8
:10D93000B07800F017FB5FFA8AFA5FFA89F95FEABC
:10D94000092959EA0A49C0B250EA0909F07859EAA6
:10D9500080594F4610E028688068400601D40020B6
:10D96000F07030787178090251EA0041B0780143D3
:10D97000F07851EA80510F00DFF8C8053840296877
:10D9800008602868806830F48020296888602868EA
:10D990008168F26830690243114328688160280079
:10D9A00000F0A1FA8046FF20296848624046C0B2D4
:10D9B000002802D1012085F82100002085F82000F0
:10D9C0004046C0B2BDE8F087F8B505000E0014006F
:10D9D0002868806A7060286800694004400CB06064
:10D9E00028680768DFF85C0507403800000C10F075
:10D9F0003F0030703800000A10F07F00707017F0A0
:10DA00007F00B0703800800D10F00100F070002C25
:10DA10000BD1307800F0B4FA3070707800F0B0FAC2
:10DA20007070B07800F0ACFAB0700020F2BD2DE953
:10DA3000F04105000E00140095F82000012801D1E6
:10DA4000022058E0012085F82000022085F82100FE
:10DA5000002C07D17078C00604D5707810F0EF0064
:10DA60000A307070002C16D1F07800F07BFA8046F6
:10DA7000707800F077FA0700B07800F073FA5FFA78
:10DA800088F8FFB23F0257EA0847C0B20743307830
:10DA900057EA403709E0F07877783F0257EA0047C5
:10DAA000B0780743307857EA4037CA20296848627F
:10DAB000532029684862280000F0EFF9804640466C
:10DAC000C0B2002808D1DFF88004384029684860D7
:10DAD000280000F008FA8046FF2029684862404686
:10DAE000C0B2002802D1012085F82100002085F86D
:10DAF00020004046C0B2BDE8F081F8B505000E0038
:10DB0000140028684768DFF8400407403800000C1C
:10DB1000F0703800000A10F01F00707017F03F001E
:10DB2000B0703800400B10F007003070002C0BD1A3
:10DB3000F07800F025FAF070707800F021FA70703B
:10DB4000B07800F01DFAB0700020F2BD2DE9F84366
:10DB500005000E00140095F82000012801D10220D4
:10DB6000E5E0012085F82000022085F82100002C46
:10DB70002DD128688068400601D40020F070306AFA
:10DB80000028FFD0307800F0EDF98046707800F082
:10DB9000E9F90700B07800F0E5F9814696F824002D
:10DBA00000F0E0F95FFA88F8FFB23F0257EA084751
:10DBB0005FFA89F959EA0707F17857EA8157C0B245
:10DBC00057EA0067306A07437069074317E028681F
:10DBD0008068400601D40020F070307877783F02EA
:10DBE00057EA0047B0780743F07857EA805796F82D
:10DBF000240057EA0067306A074370690743D6F884
:10DC00000480F06950EA0808CA2029684862532055
:10DC100029684862B06AB0F5807F39D12868806889
:10DC200030F48070296888602868C06810F080002F
:10DC300070F4C0702968C860F8F7A0FB81462868B6
:10DC4000C068C00712D4F8F799FBB0EB090040F2A6
:10DC5000E9318842F3D3FF2029684862032085F820
:10DC60002100002085F82000032060E02868C761BB
:10DC70002868C0F844802868806850F4807029685B
:10DC800088602868806850F480502968886038E08F
:10DC90002868806830F40070296888602868C06847
:10DCA00010F0800070F420702968C860F8F766FBF7
:10DCB00081462868C068800712D4F8F75FFBB0EB94
:10DCC000090040F2E9318842F3D3FF202968486215
:10DCD000032085F82100002085F82000032026E09D
:10DCE000286807622868C0F848802868806850F46F
:10DCF0000070296888602868806850F4005029689E
:10DD00008860DFF84802016851F480210160DFF883
:10DD10004002016851F480210160FF2029684862B7
:10DD2000012085F82100002085F820000020BDE8B2
:10DD3000F28370B504000D0094F82000012801D191
:10DD4000022062E0012084F82000022084F82100F3
:10DD5000CA2021684862532021684862B5F5807F57
:10DD600024D12068806830F4807021688860206841
:10DD7000806830F4805021688860F8F7FFFA060068
:10DD80002068C068C00736D4F8F7F8FA801B40F264
:10DD9000E9318842F4D3FF2021684862032084F8E7
:10DDA0002100002084F8200003202EE020688068F5
:10DDB00030F40070216888602068806830F400507A
:10DDC00021688860F8F7DAFA06002068C0688007E2
:10DDD00011D4F8F7D3FA801B40F2E9318842F4D32A
:10DDE000FF2021684862032084F82100002084F885
:10DDF0002000032009E0FF2021684862012084F808
:10DE00002100002084F82000002070BD10B504001F
:10DE10005FF480204F49086020688068C0040ED5F8
:10DE20002068C068C0050AD52068C06810F080006E
:10DE300070F4C0702168C860200000F049FE2068BE
:10DE4000806880040ED52068C06880050AD52068E7
:10DE5000C06810F0800070F420702168C860200055
:10DE600000F082FF012084F8210010BD38B50400C5
:10DE700039482168C860F8F781FA05002068C06851
:10DE8000800608D4F8F77AFA401B40F2E93188425C
:10DE9000F4D3032000E0002032BD70B5040000265A
:10DEA0002068C06840061BD45FF0FF302168C8605E
:10DEB000F8F764FA05002068C068400610D4300006
:10DEC000C0B203280CD0F8F759FA401B40F2E931F0
:10DED0008842F0D303200600032084F82100EAE7FB
:10DEE0003000C0B270BD70B5040000251B48016849
:10DEF00031F0800101601A4E306880060AD420009B
:10DF0000FFF7B4FF002817D0032084F82100032076
:10DF1000050011E0306830F0200030602000FFF78D
:10DF2000A5FF002804D0032084F821000320050069
:10DF3000306850F0200030602800C0B270BD000092
:10DF4000BFFF8FFF7F7F7F003FFFFF000004014086
:10DF500008040140140401405FFF03000C28004046
:10DF6000082800400100002208000300DBB20A2B51
:10DF700002D3521C0A38F8E750EA0210C0B27047C8
:10DF80000100C9B209090A2211FB02F110F00F00C9
:10DF90004018C0B27047000080B50020DFF80013C1
:10DFA0000860DFF800030068804702BD2DE9F041FA
:10DFB00004000D0016001F00DDF81880002C18D09A
:10DFC0003800002815D0002020602800DFF8D41287
:10DFD000496A88476060002020720020607200203B
:10DFE000A072E760C4F81080E67200206061002033
:10DFF00000E00120BDE8F0812DE9F04704005FF06A
:10E000000008002C3BD0200000F002F9002836D197
:10E01000607A002833D160680700DFF88892D9F869
:10E02000200080470600B74200D23700276000205A
:10E030002072012060720020A072DFF864A2DAF87A
:10E040000000002806D1D9F810008047200000F019
:10E0500019F916E0D9F8180080470500206828183B
:10E0600020602068DAF800100968884203D2200096
:10E0700000F008F905E0200000F0EDF801E00120D3
:10E0800080464046C0B2BDE8F0872DE9F04105006A
:10E090000026002D40D0DFF80882D8F80070D8F8AC
:10E0A00000400120A872D8F80000002836D00020D7
:10E0B0006872D8F80000A8421AD10020D8F80010E1
:10E0C0000872D8F800004069002809D0D8F800008C
:10E0D0004069C8F80000D8F8000000F0A6F818E081
:10E0E000DFF8C001C06880470020C8F8000010E0D9
:10E0F000002C0ED0AC4209D16069002802D06469BE
:10E100007C6102E0002004007C6102E02700646979
:10E11000EEE70020060001E0012006003000C0B25A
:10E12000BDE8F08170B504000D000026002C02D17E
:10E130000120060010E028005A49496A88476060BB
:10E14000200000F065F8002806D02000FFF79DFFB2
:10E150002000FFF751FF06003000C0B270BD2DE96E
:10E16000F843504D686980470600286980470700DA
:10E17000B7EB0608DFF82891D9F8000000280FD087
:10E18000D9F8000004002068804504D22068B0EB74
:10E190000800206001E0002020606469002CF2D1BA
:10E1A000D9F80000002824D0D9F800000068002821
:10E1B00006D0A8698047D9F800100968814218D2B2
:10E1C000D9F800000400D9F800004069C9F800003F
:10E1D00000202072002060722069E1688847E07AA0
:10E1E0000128DDD1A07A0028DAD12000FFF704FF52
:10E1F000D6E7D9F80000002808D0D9F80000007A46
:10E20000002803D1D9F8000000F00FF8BDE8F18331
:10E21000020023480168002905D0914201D1012064
:10E2200002E04969F7E70020704770B504001D4D12
:10E23000286A8047060001202072A869804721686B
:10E240003018814203D2A8698047301820602068C6
:10E25000A968884770BD10B411490A6809684B69FC
:10E260005169002909D019680468A14202D21A0034
:10E270005B69F5E75061436102E050610021416153
:10E2800010BC704738B5050005480468002C01D063
:10E29000002121726C6105600068FFF7C6FF31BD87
:10E2A0002C2A0020F4FD00082DE9FC4704000D0095
:10E2B0005FF0FF3600226E4BD3E90001CDE900018B
:10E2C0005FF000094846A18880B2884224D22068C5
:10E2D000494689B2405C3D2805D02068494689B24C
:10E2E000405C3F2800D117E02068494689B2405C75
:10E2F00041280EDB2068494689B2405C5B2808DA79
:10E300002068494689B2405C203021684A4692B272
:10E31000885419F10109D5E700273800C0B2412817
:10E3200080F2A280DFF84C8121003800C0B20001E9
:10E330004044083000F019FD0600002E00F19280E4
:10E340003800C0B2000140444068002800F08A80D4
:10E350003800C0B2000140444068002808D14FF4A2
:10E360007A73A28821004448F9F783FC01207CE0FD
:10E37000DFF808A15046F4F789FA0020010089B2BD
:10E38000A288921B914223DA21683144020092B2A2
:10E39000895C3F290AD021683144020092B2895C2D
:10E3A0003D2903D0BAF80410802900DB10E0216871
:10E3B0003144020092B2895CDAF80020BAF80430E5
:10E3C000D154BAF80410491CAAF80410401CD5E72F
:10E3D0003900C9B209014144898916FA81F6B1466A
:10E3E0004846A18880B2884226D22068494689B230
:10E3F000405C0D280CD1484680B2A188491E884255
:10E4000006DA2068494689B2084440780A2813D0C1
:10E41000BDF8040080280CD22068494689B2405CCF
:10E420000099BDF804208854BDF80400401CADF8E4
:10E43000040019F10109D3E7114805702800C0B2A2
:10E44000401E012802D9801E09D009E0002168463B
:10E450003A00D2B2120142445268904700E0FFE70E
:10E46000012002E07F1C58E70020BDE8F68700BFCE
:10E4700018060108B4080020AC220020AC080020D7
:10E48000592A002010B586B0DFF84840002201A9C3
:10E490002000FFF799FA002269462000FFF72DFBC4
:10E4A000DFF834009DF8061081709DF8051041706A
:10E4B0009DF8041001709DF80010C1709DF80210C5
:10E4C00001719DF8011041719DF80310817106B032
:10E4D00010BD000024290020E429002010B504000C
:10E4E000012210215448F4F768F9012010BD70B5DD
:10E4F0000400524D524E30786978884207D0514816
:10E50000697850F8210000F02BF86878307021000D
:10E51000C9B24D48F8F78FF8012070BD10B504005E
:10E520004A48C078012802D14948F7F7F0FA032198
:10E530004548F8F780F84648F4F7A8F9012010BDDF
:10E5400010B504003F483D49497850F8210000F0DB
:10E5500007F82100C9B23C48F8F76DF8012010BD5A
:10E5600010B504003B483C490160446000218160D3
:10E570000021C160002101610C2141610021816104
:10E580000021C1610021016200214162F9F734FBE1
:10E59000002801D0FCF7E8FAFEF790FF10BD80B527
:10E5A000F7F79DFA27482549497850F82100FFF7E9
:10E5B000D7FF01BD70B50020002400252800C0B29F
:10E5C000042836DA204E2800C0B2000130444078DA
:10E5D00001282CD1012004002800C0B200013044E1
:10E5E000406800280ED0F7F7C9FE2900C9B209011A
:10E5F00031444968401A2900C9B209013144896887
:10E60000884214D300202900C9B20901314448705E
:10E61000F7F7B4FE2900C9B2090131444860280067
:10E62000C0B22900C9B209013144C96888476D1CCC
:10E63000C4E72000C0B270BD00040048140D0020E3
:10E64000552A00209C070020D00700201C2A00200B
:10E65000CC0C0020342300200038014002000020B0
:10E660001168097830290CDB116809783A2908DA31
:10E6700011684B1C13600A23097803FB0010303823
:10E68000EEE770472DE9F04F91B00400DDF86880A7
:10E690001B9D1C9EDFF808030768700603D5DFF892
:10E6A000040300680700022B01DB252B01DB00209F
:10E6B00088E0F00702D55FF0300C01E05FF0200C3D
:10E6C0005FF0000EB00706D5002A04D52D2086463F
:10E6D0005242B8F101085FF00009002A06D130204B
:10E6E000EA460AF8090019F1010910E0002A0ED0E3
:10E6F00010009A46B0FBFAFB0AFB1B00385CEA46A6
:10E700000AF8090019F10109B2FBF3F2EEE74D45F1
:10E7100000DA4D46B8EB0508F0070DD44046B0F1DD
:10E720000108012808DB20202070641C491E0029F4
:10E7300001D1200046E0F1E77046C0B2002807D0C2
:10E7400084F800E0641C491E002901D1200039E052
:10E750004046B0F10108012808DB84F800C0641CC1
:10E76000491E002901D120002CE0F1E72800451EB8
:10E77000814508DA30202070641C491E002901D12F
:10E7800020001FE0F2E74846B0F1010901280ADB4A
:10E79000684610F809002070641C491E002901D148
:10E7A00020000FE0EFE74046B0F10108012808DB48
:10E7B00020202070641C491E002901D1200001E0A6
:10E7C000F1E7200011B0BDE8F08F2DE9F74F88B0D8
:10E7D00005001E000998012801DA0020DDE0AA46A4
:10E7E0000A980078002806D1BAEB05000999491E5D
:10E7F0008842C0F2CC80BAEB05000999491E8842D4
:10E8000080F2C5800A980078252806D00A980078FA
:10E810008AF800001AF1010AB5E0002080460A9843
:10E82000401C0A900A980078302801D158F001085D
:10E830005FF0FF3BD9460A980078302807DB0A983A
:10E8400000783A2803DA0AA8FFF708FF8146CDF8D6
:10E850001CB0CDF818B00A2005900A980078582806
:10E8600043D063280AD0642844D0692842D0732852
:10E8700016D0752840D0782839D03EE0B9F101098A
:10E88000B9F1010F05DB20208AF800001AF1010A16
:10E89000F4E73068361D8AF800001AF1010A72E0C8
:10E8A0003068361D0400002C01D13F4804002000D0
:10E8B000F7F708FB04904846B0F10109049981423A
:10E8C00005DA20208AF800001AF1010AF3E7002097
:10E8D00007000498874207DA20788AF80000641C51
:10E8E0001AF1010A7F1CF4E74DE058F040081020AF
:10E8F000059026E058F0020823E00A9800782528C1
:10E9000004D025208AF800001AF1010ABAEB0500AC
:10E910000999491E884214DA0A980078002806D01E
:10E920000A9800788AF800001AF1010A02E00A98B1
:10E93000401E0A90BAEB05000999491E884200DA88
:10E9400021E006986C2803D13068361D039009E059
:10E950005FEA887003D53068361D039002E03068A6
:10E96000361D0390CDF8088007980190CDF80090EF
:10E97000059B039A0999491EBAEB0500091A5046EE
:10E98000FFF780FE82460A98401C0A9028E7002084
:10E990008AF80000BAEB050528000BB0BDE8F08F3F
:10E9A000D40C0020D80C00202006010880B5AFF35D
:10E9B0000080024A11001820ABBEFBE726000200CF
:10E9C00080B5DFF87003DFF870130160002141604B
:10E9D0001F21816040F2FF31C160002101610021EF
:10E9E0004161002181610021C161FEF70DFF002816
:10E9F00001D0FCF7B9F801BD38B5DFF84043207805
:10EA000000280FD1FFF7DCFFDFF828534FF48071A7
:10EA10002800FFF78EF9280000F09AFA00F01CF8A1
:10EA200001202070002032BD10B50400200000F04D
:10EA300055F8002010BD80B5DFF8F8020168C968FC
:10EA400011F0800171F4C0710268D1604FF48071DF
:10EA5000FFF76FF9002002BD10B5DFF8E442211D79
:10EA600014F1180000F01DF92060206810BDDFF8D7
:10EA7000D0020068704780B586B001A9684600F0F2
:10EA800010F9AF490968401A07B000BD10B586B04B
:10EA90000024AA480078012804D101A9684600F0A2
:10EAA00000F90400200006B010BD0320704700B537
:10EAB0008021A1FB00017D220023F8F713FA00BD9D
:10EAC0007D21A1FB0001C00940EA4160C9097047EE
:10EAD00010B504009B480068804710BD2DE9F04F39
:10EAE00099B004004021002209AD2800F7F7FEFE8E
:10EAF0005FF000085FF0000A002600275FF0000BBF
:10EB00008F4D04A8291D1422FAF724F9A86903904F
:10EB1000FFF791FF40F2FF30059D451B2000800567
:10EB2000800D4519A40A9DF80E908748844204D3AD
:10EB30008648041919F10109F7E79DF81080B4F52A
:10EB4000616F04D3B4F5616418F10108F7E79DF82B
:10EB500011703C2C02D33C3C7F1CFAE79DF812005C
:10EB6000210051FA80F6280080B2B0F5806F03DBF7
:10EB7000B5F58065761CF6E7300080B23C2802D3FC
:10EB80003C3E7F1CF8E7380080B23C2803D33C3F72
:10EB900018F10108F7E7404680B2182804D3B8F10D
:10EBA000180819F10109F6E79DF80F00042190FB00
:10EBB000F1F201FB1200002817D165499DF80D0004
:10EBC000084410F8010C4A4680B292B2904223D217
:10EBD0001FFA89F948469DF80D20114411F8011CCF
:10EBE00090FBF1F901FB190916E05A499DF80D0057
:10EBF000084410F8010C4A4680B292B290420BD2FF
:10EC00001FFA89F948469DF80D20114411F8011C9E
:10EC100090FBF1F901FB1909DFF83CA140F2FF314B
:10EC2000280080B2091ACAF804105FF02060CAF800
:10EC30001C008AF802608AF801708AF800808AF85D
:10EC400024909DF813008AF803000020CAF82000E1
:10EC50005FF00040CAF814004FF48070CAF8280032
:10EC60000020CAF80C000020CAF81000002251460B
:10EC70003048FEF76BFF002810D0DAF8040002904D
:10EC80009AF8020001909AF8010000909AF800307A
:10EC90009AF82420314909A8F7F7F8FA19B0BDE825
:10ECA000F08FF8B504000D000026224F002221004D
:10ECB0003800FEF722FF002229003800FEF784FE0C
:10ECC000E17840F2B5504143C91C8908E07804223C
:10ECD00090FBF2F302FB1300002801D1204A00E070
:10ECE000204A63783D2043433C3B022093FBF0F0F5
:10ECF00041186078401EC0B240001300C34013F0BA
:10ED00000303C91AA078401E41180F484143AB784D
:10ED10006E783C204643F3182E784FF4616000FB78
:10ED200006335918890201F2FF316868091A080090
:10ED3000F2BD000024290020002800405E2A0020A7
:10ED400048290020282A00208051010080AEFEFFC3
:10ED5000480501083C050108A8280020DCFE000841
:10ED600050554400A0AA990070472DE9FE4F0400B9
:10ED70000D000020002600270021ADF804105FF0F0
:10ED800001085FF000095FF0000A21680978212975
:10ED900001D101218A465FF0000B584600B2A988D4
:10EDA000884272DA20685146C9B2405C29685A46E6
:10EDB00012B2895C884265D1012080465046C0B2BB
:10EDC000401C0600002081460020ADF80400300001
:10EDD00000B2A18888424ADA2068310009B2405C5A
:10EDE0007C281ED1BDF90400002804D101208146F1
:10EDF00016EB0B00070001A800903B001BB22A0095
:10EE00002100701C00B200F059F880464046C0B2A4
:10EE1000012806D15146C9B2584600B200F03DF86B
:10EE200039E04846C0B200280FD12068310009B24D
:10EE3000405C29685A4612B21144320012B2895C11
:10EE4000884202D00020804611E04846C0B2002827
:10EE500001D1761CBBE73000BDF9041000B2884236
:10EE600003DABDF904000600B1E7761CAFE74046BF
:10EE7000C0B2012806D15146C9B2584600B200F0CE
:10EE80000CF808E01BF1010B87E75146C9B25FF0AF
:10EE9000FF3000F002F8BDE8FE8F02000800C0B2AB
:10EEA000002802D1100000B207E0100000B20028D4
:10EEB00002D45FF0FF3000E000207047F0B504009E
:10EEC000059D0120002637003FB207FA84F7B1F80C
:10EED00004C067453ADA0F68A4460FFA8CFC674411
:10EEE000B4460FFA8CFC17F80C707C2F03D137193D
:10EEF0002F8000B22BE09788B4460FFA8CFC0CFAF6
:10EF000083FC674506DAB2F904707F1C2F805FF03E
:10EF1000FF3738000F68A4460FFA8CFC6744B446EC
:10EF20000FFA8CFC17F80C70D2F800C09E460FFA4E
:10EF30008EFEF444B6460FFA8EFE1CF80EC06745EE
:10EF400002D05FF0FF373800761CBCE700B2F0BD9E
:10EF5000010091F82000012801D102201BE00120CE
:10EF600081F82000022081F82100CA200A6850623E
:10EF700053200A6850620868806850F020000A68D0
:10EF80009060FF200A685062012081F82100002073
:10EF900081F8200000207047494420536C61766559
:10EFA0003A20000000000000000000000000000007
:10EFB0000000000000000000000000000000000051
:10EFC0000000000000000000000000000000000041
:10EFD000000000000000F0BF000000000000008002
:10EFE00000000000000000800000000000000000A1
:10EFF000000000C05294EEBF00000048204E51BEF9
:10F00000000000F86467BCBC0000000000000000C5
:10F01000000000208133EDBF00000080B3DB14BE90
:10F02000000000506706A3BC0000000000000000C4
:10F03000000000D0E9DCEBBF00000008C39259BE1D
:10F0400000000080B0D3B8BC000000000000000049
:10F0500000000070F98FEABF000000C0A51028BEB4
:10F06000000000E8BFC0B0BC0000000000000000CD
:10F0700000000070284CE9BF00000060134B42BE46
:10F08000000000C03D20B8BC0000000000000000EF
:10F0900000000050FA10E8BF000000C05FF62BBE71
:10F0A000000000905C71A7BC0000000000000000A0
:10F0B00000000020FCDDE6BF000000C0F8F154BEF7
:10F0C00000000018E9F6B9BC0000000000000000D4
:10F0D000000000D0C3B2E5BF00000070E43254BEAF
:10F0E00000000050DB06B4BC00000000000000007F
:10F0F00000000010EF8EE4BF00000020F36252BE5B
:10F10000000000C02A879ABC000000000000000038
:10F11000000000B02272E3BF000000F0E8E056BE3D
:10F1200000000028352DBDBC0000000000000000DC
:10F13000000000000A5CE2BF000000B0FA8E41BE91
:10F1400000000040AE6FBDBC0000000000000000E9
:10F1500000000000564CE1BF000000F015CD5FBE7E
:10F1600000000000141C90BC000000000000000023
:10F1700000000040BD42E0BF00000030F93457BE3F
:10F18000000000E06C1E93BC0000000000000000C6
:10F19000000000E0F57DDEBF000000B08A535EBED7
:10F1A00000000080DA77AABC000000000000000028
:10F1B000000000C09D81DCBF00000000FFA226BE51
:10F1C0000000006057E2B0BC00000000000000003A
:10F1D00000000060F98FDABF000000580A8151BEBC
:10F1E000000000F05F60B8BC0000000000000000FC
:10F1F0000000000098A8D8BF000000607A7F45BEDC
:10F20000000000D05433A3BC000000000000000048
:10F21000000000600FCBD6BF000000D091CB40BEF5
:10F22000000000406D1BA0BC0000000000000000BA
:10F23000000000A0FBF6D4BF00000098C5CE52BE6F
:10F24000000000003A397EBC000000000000000011
:10F25000000000E0FE2BD3BF0000004073872BBEF0
:10F2600000000000926879BC00000000000000006F
:10F2700000000040C069D1BF00000058F16353BED8
:10F2800000000080438D7CBC0000000000000000F6
:10F2900000000080D85FCFBF000000181F8354BE5D
:10F2A000000000B03F42A2BC0000000000000000CF
:10F2B0000000008067FCCBBF00000060FAFF53BE77
:10F2C00000000050E00DB8BC00000000000000008D
:10F2D0000000000098A8C8BF000000607A7F35BE1B
:10F2E000000000C0543393BC000000000000000088
:10F2F00000000000DC63C5BF00000058D6FF54BE0C
:10F3000000000000396490BC000000000000000014
:10F31000000000C0AD2DC2BF00000080A45915BE82
:10F32000000000E0484BABBC000000000000000003
:10F33000000000801A0BBEBF00000050BF3C5ABE48
:10F34000000000A0B364B6BC000000000000000094
:10F350000000008004D6B7BF00000040BBCF36BE1F
:10F360000000008076CEA8BC000000000000000075
:10F370000000008032BBB1BF000000402A0043BE45
:10F3800000000028C60CBDBC00000000000000000A
:10F39000000000009473A7BF000000182B3B59BE6B
:10F3A000000000C0E55DA5BC0000000000000000FA
:10F3B00000000000EE4397BF000000A0E6C340BE7F
:10F3C00000000020958DB5BC00000000000000008A
:10F3D000000000000000008000000000000000802D
:10F3E000000000000000008000000000000000009D
:10F3F000000000000000000000000000000000000D
:10F4000000000000000000000000000000000000FC
:10F4100000000000000000000000000000000000EC
:10F4200000000000000000000000000000000000DC
:10F4300000000000000000000000000000000000CC
:10F4400000000000000000000000000000000000BC
:10F4500000000000000000000000000000000000AC
:10F46000000000000000000000000000000000009C
:10F47000000000000000000000000000000000008C
:10F480000000000000C0F0FCFFFEF8C0000000001B
:10F49000000000000000000000000000000000006C
:10F4A000000000000000000000000000000000005C
:10F4B000000000000000000000000000000000004C
:10F4C000000000000000000000000000000000003C
:10F4D000000000000000000000000000000000002C
:10F4E000000000000000000000000000000000001C
:10F4F000000000000000000000000000000000000C
:10F5000000C0F0FCFFFFFFFFFFFFFFFFFFFCF0C0AC
:10F5100000000000000000000000000080C0C0C02B
:10F52000C0E0F0F0F0F070383C3C3C3C3F3F0F0353
:10F5300000000000000000000000000000000000CB
:10F5400000000000000000000000000000000000BB
:10F5500000000000000000000000000000000000AB
:10F56000000000000000000000000000000000009B
:10F5700000000000000000000000000000C0F0FCDF
:10F58000FFFFFFFFFF3F0F0F03070F3FFFFFFFFFCF
:10F59000FFFC30383C3C1C0E8FCFC7C3C3C3E373A2
:10F5A00071303030383C0C0000000070F8CCCC0CCE
:10F5B0000C0000C0F03C0CFCFC000000C0F01C0C77
:10F5C0000C8CFCF00000000000000CFCFC0000C0F3
:10F5D0003C0C00C0FCFC0C0000FCFCCCCCCCCC0CEB
:10F5E000000C8CFCFC1C0C0C0C000000000000004B
:10F5F000000000000000000000C0F0FCFFFF7F3FA3
:10F600000F07C3C040303018CCCCC7C30333301011
:10F610000C8CCCC4C3C3E3F33130303038380C0029
:10F62000000000000000000000000C0C0C0C0F0398
:10F63000030C0F030303030F0F000000030F0C0C58
:10F640000C0F0301000000000000000F0F0C03006E
:10F6500000000C0F0F0000000F0F0F0C0C0C00002F
:10F6600000000F0F0000000000000000000000007C
:10F670000000000000C0F0FC3F3F0F0703000C003B
:10F68000C3C13030CCCC03333300000C0C00030377
:10F690000300000001030F0F3C78C00000000000D1
:10F6A000000000000000000000000000000000005A
:10F6B000000000000000000000000000000000004A
:10F6C000000000000000000000000000000000003A
:10F6D000000000000000000000000000000000002A
:10F6E000000000000000000000000000000000001A
:10F6F0000000C0300F030300000000000000000005
:10F7000000000003000000000000000000000000F6
:10F710000000000000000000000000030C30C000EA
:10F7200000000000000000000000000000000000D9
:10F7300000000000000000000000000000000000C9
:10F7400000000000000000000000000000000000B9
:10F7500000000000000000000000000000000000A9
:10F760000000000000000000000000000000000099
:10F770000000000000000000000000000000000089
:10F780000000000000000000000000000000000079
:10F790000000000000000000000000000000000069
:10F7A0000000000000000000000000000000000059
:10F7B0000000000000000000000000000000000049
:10F7C0000000000000000000000000000000000039
:10F7D0000000000000000000000000000000000029
:10F7E0000000000000000000000000000000000019
:10F7F0000600000000000000000F00000F00000FD6
:10F8000000000F00000000000000000000000000E9
:10F8100000000000000000000000000000000700E1
:10F82000001E00E01F00FF1FF8FF03FF1F00FF0185
:10F83000000F0000000000000000000000000000B9
:10F840000000000000000000000000000E000000AA
:10F85000C07F00F8FF01FCFF07FCFF073E800F0E92
:10F86000000E0E000E0E000E1E800FFCFF07FCFFA8
:10F8700007F8FF01C07F000000000E0000007000CC
:10F880000E38000E38000E1C000E0E000EFEFF0F8C
:10F89000FEFF0FFEFF0FFEFF0F00000E00000E0028
:10F8A000000E00000E0000000E00000060000F7847
:10F8B000800F7CC00F7CE00F1EF00F0EF80E0E7C48
:10F8C0000E0E3E0E1E1F0EFE0F0EFC070EF8030E50
:10F8D000F0010E0000000E000000308001388003AF
:10F8E0003C80073C800F1E000F0E0E0E0E0E0E0EFB
:10F8F0000E0E1E1F0FFEFF0FFCFB07FCF903F0E0CE
:10F90000010000000F00000000F00000F80000FE01
:10F910000080EF00C0E700F0E1007CE0003EE00086
:10F92000FEFF0FFEFF0FFEFF0FFEFF0F00E00000C7
:10F93000E0000E000000008001F88703FE8707FE4C
:10F94000870FFE070F0E030E8E030E8E030E8E071B
:10F950000F8EFF070EFF070EFE0300FC00000000E5
:10F960000E000000C07F00F0FF01F8FF07FCFF075A
:10F970003E0E0F0E070E0E070E0E070E1E0F0F3E49
:10F98000FF0F3CFE0738FE0330F8010000000E00B8
:10F9900000000E00000E00000E00000E000F0EE032
:10F9A0000F0EF80F0EFE0F8EFF00CE0F00FE0300AD
:10F9B000FE00003E00001E00000000000E000000DF
:10F9C000F0E001F8FB03FCFB07FEFF0F1E1F0F0E0C
:10F9D0000E0E0E0E0E0E0E0E1E1F0FFEFF0FFCFB68
:10F9E00007FCFB03F0E0010000000E000000F083C4
:10F9F00001F88703FC8F07FE9F0F1E1E0F0E1C0EC3
:10FA00000E1C0E0E1C0E1E8E0FFCFF07FCFF03F8D3
:10FA1000FF01C07F00000000000000000000005F48
:10FA200000000007000700147F147F14242A7F2A97
:10FA30001223130864623649552250000503000062
:10FA4000001C2241000041221C00082A1C2A080830
:10FA5000083E080800503000000808080808006048
:10FA600060000020100804023E5149453E00427FDC
:10FA7000400042615149462141454B311814127FE3
:10FA80001027454545393C4A49493001710905036C
:10FA90003649494936064949291E003636000000D4
:10FAA0005636000000081422411414141414412284
:10FAB0001408000201510906324979413E7E1111B4
:10FAC000117E7F494949363E414141227F414122D1
:10FAD0001C7F494949417F090901013E4141513299
:10FAE0007F0808087F00417F41002040413F017F9F
:10FAF000081422417F404040407F0204027F7F047F
:10FB000008107F3E4141413E7F090909063E4151AF
:10FB1000215E7F09192946464949493101017F0182
:10FB2000013F4040403F1F2040201F7F2018207F82
:10FB300063140814630304780403615149454300C6
:10FB4000007F4141020408102041417F000004026F
:10FB5000010204404040404000010204002054548F
:10FB600054787F4844443838444444203844444816
:10FB70007F3854545418087E090102081454543C28
:10FB80007F0804047800447D40002040443D00008C
:10FB90007F10284400417F40007C041804787C08D2
:10FBA00004047838444444387C14141408081414A9
:10FBB000187C7C080404084854545420043F4440F2
:10FBC000203C4040207C1C2040201C3C4030403CDD
:10FBD00044281028440C5050503C4464544C440079
:10FBE0000836410000007F00000041360800080888
:10FBF0002A1C08081C2A08086070787C7E1C362A9B
:10FC0000361C303E3F3E3007087F09077C444444A1
:10FC1000387C7C4444387C7C7C44387C7C7C7C38DC
:10FC20001E3276321E00000205020000FEE7FEE7EB
:10FC3000FEE7FEE7FEE770477047704780B500F0CB
:10FC40005FF824480168491C016023480168491C89
:10FC500001600168C92918D3002101601F49087893
:10FC6000002802D10120087001E000200870087807
:10FC7000012805D1012201211948F2F79EFD04E077
:10FC8000002201211648F2F798FD01BD80B5154804
:10FC9000FBF769FB01BD80B51348FBF764FB01BDB1
:10FCA00080B51248F8F77AF801BD80B51048F8F72A
:10FCB00075F801BD80B50F48FEF7A8F801BD80B505
:10FCC0000D48FBF750FB01BD80B50C48F8F766F80E
:10FCD00001BD0000302A0020102A0020522A0020F6
:10FCE000000800481C280020D427002034230020CE
:10FCF000BC230020242900208C270020AC220020D7
:10FD000003480168034A127889180160704700BFF0
:10FD10000C2A0020170D0020F0B4024610689568E8
:10FD20001318506803EB5004C0071CD54D441AE06B
:10FD300013F8017B05F8017B491EF9D198B113F83E
:10FD4000011BC6F38106032E08BF13F8016B01EBFC
:10FD500006214942801C294405D011F8016B05F8A1
:10FD6000016B401EF9D1A3420ED013F8016B16F0BF
:10FD7000030104BF13F8011BC91C30090F28DBD194
:10FD800013F8010B0F30D7E7F0BC02F10C007047FD
:10FD9000425220536C6176653A200000000000005A
:10FDA0000000000000000000000000000000000053
:10FDB0000000000000000000000000000000000043
:10FDC00000000000A0860100400D0300801A06001C
:10FDD00000350C0040420F0080841E0000093D00E9
:10FDE00000127A000024F40000366E010048E80199
:10FDF000006CDC02F9E900080000000029EA0008B4
:10FE000037EA000859EA00086FEA000877EA0008B4
:10FE10008DEA0008ABEA0008AFEA0008C1EA000872
:10FE20003031323334353637383961626364656670
:10FE30006768696A6B6C6D6E6F70717273747576DA
:10FE40007778797A00000000303132333435363734
:10FE500038394142434445464748494A4B4C4D4E48
:10FE60004F505152535455565758595A000000009C
:10FE700010B5074979441831064C7C44163404E027
:10FE80000A68081D114488470146A142F8D110BDF7
:10FE90002C000000480000004EF68851CEF2000110
:10FEA000086840F470000860BFF34F8FBFF36F8F96
:10FEB0004FF00070E1EE100A704700003F60FFFF56
:10FEC000441D00001C0D0020000000004DFEFFFF3F
:10FED00064080000580B000000000020616C617293
:10FEE0006D206661696C3A2025642D25643A25648D
:10FEF0003A25643A25640D0A0000000000F00DF870
:10FF0000002801D0FFF7B4FFAFF300800020AFF36B
:10FF10000080FAF7CAFD00F002F80120704700F0F7
:10FF200001B8000007463846FEF740FDFBE7000039
:10FF3000755F6170705F636F6D6D3A2074782074C7
:10FF4000696D65722063620D0A000000755F617063
:10FF5000705F636F6D3A207561727420256420654F
:10FF600072726F72210D0A00755F6170705F636F4E
:10FF70006D6D3A2073657420727463210D0A000060
:10FF800053565F454E56495F4C435F54555242317C
:10FF90003000000073616F7669657467726F757009
:10FFA0002E636F6D2E766E00535654485F53564D38
:10FFB0005F444C535F56315F315F310061742B7287
:10FFC000646C617374666F726C6F673D0000000053
:10FFD00061742B72646C617374666F726F7065729A
:10FFE000613D000061742B72646C617374666F72A2
:10FFF0006576656E743D000061742B72646C61738C
:020000040801F1
:1000000074666F726770733D0000000061742B723C
:100010006573746F7265736C6176653F00000000F4
:10002000456E7465722050617373776F726400005F
:10003000312E4D6F646275732052545500000000DC
:10004000362E496E666F726D6174696F6E000000C6
:10005000534554204D4F44425553205254550000AF
:10006000312E49442020202020203A20000000008A
:10007000322E42617564726174653A20000000009E
:1000800043414C49422053454E534F52000000001B
:100090005741524E494E47205455524200000000ED
:1000A00052414E47452053455454494E47000000A5
:1000B0005375636365737366756C6C79210000001A
:1000C0000000000000000000010203040607080908
:1000D000526573746F7265204F4B210D0A0000004A
:1000E00061742B6D7174746D61696E3D0000000068
:1000F00061742B6D7174746D61696E3F0000000056
:1001000061742B6D7174746261636B75703D000076
:1001100061742B6D7174746261636B75703F000064
:1001200061742B726573657470756C73653F000044
:1001300061742B666C6F777468726573683D00003C
:1001400061742B666C6F777468726573683F00002A
:1001500061742B7175616E7468726573683D00001F
:1001600061742B7175616E7468726573683F00000D
:1001700061742B6261747468726573683D0000007D
:1001800061742B6261747468726573683F0000006B
:1001900061742B65726173656D656D3F00000000D1
:1001A00061742B667776657273696F6E3F0000002D
:1001B00061742B6C6F67696E6465783F00000000A6
:1001C00061742B72646C6173746C6F673F00000024
:1001D00061742B6C6576656C63616C69623D0000CF
:1001E00061742B6C6576656C63616C69623F0000BD
:1001F00061742B6C6576656C7468726573683D001C
:1002000061742B6C6576656C7468726573683F0009
:1002100061742B65786261747468726573683D00FF
:1002200061742B65786261747468726573683F00ED
:1002300061742B776D6368616E6E656C3D000000C4
:1002400061742B776D6368616E6E656C3F000000B2
:1002500061742B6D6F64696E666F723D0000000003
:1002600061742B6D6F64696E666F723F00000000F1
:1002700061742B7072657373696E666F723D0000F6
:1002800061742B7072657373696E666F723F0000E4
:1002900061742B7265736574736C6176653F0000E1
:1002A0000148804701480047B1020108550501088F
:1002B0000248016851F470010160704788ED00E068
:1002C0005475726269646974792E000054656D70AA
:1002D00020203A2000000000332E4F6666736574BC
:1002E00000000000342E5761726E696E67000000D6
:1002F000312E317374204E54553A2000322E317312
:1003000074204144203A2000332E326E64204E5433
:10031000553A2000342E326E64204144203A2000A9
:10032000352E337264204E54553A2000362E3372E7
:1003300064204144203A2000372E347468204E5403
:10034000553A2000382E347468204144203A200069
:10035000312E54757262203A20000000322E54650E
:100360006D70203A20000000312E4D6F6465203AF8
:1003700020000000322E55707065723A2000000097
:10038000332E4C6F7765723A20000000312E555F96
:10039000547572623A200000322E4C5F54757262BE
:1003A0003A200000332E555F54656D703A200000EE
:1003B000342E4C5F54656D703A2000002A566572E9
:1003C00073696F6E00000000576562736974653A67
:1003D0000000000095D300089FD30008BDD300089B
:1003E0005265736574204F4B210D0A0061742B73A5
:1003F0006572693D0000000061742B736572693F8E
:100400000000000061742B73696D736572693F00B1
:1004100061742B73777365727665720061742B64F7
:100420007574793D0000000061742B647574793F28
:100430000000000061742B667265716D696E3D008D
:1004400061742B667265716D696E3F0061742B7308
:10045000617665626F783F0061742B6E756D7761B0
:100460006B653D0061742B726561646C6F673D0064
:1004700061742B70756C73653D00000061742B70A6
:10048000756C73653F00000061742B64656275676D
:100490003D00000061742B64656275673F000000D9
:1004A00061742B6D72657365743F000061742B7508
:1004B00073657275726C3D0061742B75736572663D
:1004C00074703D0061742B746573746C6F673F00CA
:1004D00061742B726561646C6F673F0061742B738C
:1004E0006C6176653D00000061742B736C6176650C
:1004F0003F00000061742B6F6E74656D683F0000F3
:1005000061742B6F666674656D683F0061742B695A
:1005100064736C6176653F0061742B6964736C6110
:1005200076653D0061742B6272736C6176653F0085
:1005300061742B6272736C6176653D001F1C1F1E17
:100540001F1E1F1F1E1F1E1F1F1D1F1E1F1E1F1FC2
:100550001E1F1E1FAFF30080FFF79EFCFFF7CEFCAF
:1005600020208943000000004C6F6767696E00001F
:1005700053455454494E4700322E43616C69620022
:10058000352E52616E6765004E54553A20000000CA
:100590004144203A200000004F4646534554000095
:1005A00020204E5455000000204E545500000000FD
:1005B000496E666F722E00002A4D6F64656C0000F4
:1005C0000000000001020304442400200000000099
:1005D00044250020000000004552524F5200000008
:1005E0000000000000000000000000000C000000FF
:1005F000000000000C00000061742B7274633D0069
:1006000061742B7274633F0061742B6770733F00D9
:1006100061742B656E640000C4250020000000009A
:100620003C4E554C4C3E0000252E2A660000000032
:10063000686A6C747A4C00004F4646004F4E0000CA
:100640004E54550020894300FFF7FEBFFFF7FEBF61
:10065000FFF7FEBFFFF7FEBFFFF7FEBFFFF7FEBFCE
:10066000FFF7FEBFFFF7FEBFFFF7FEBFFFF7FEBFBE
:10067000FFF7FEBFFFF7FEBFFFF7FEBFFFF7FEBFAE
:10068000FFF7FEBFFFF7FEBFFFF7FEBFFFF7FEBF9E
:10069000FFF7FEBFFFF7FEBFFFF7FEBFFFF7FEBF8E
:1006A000FFF7FEBFFFF7FEBFFFF7FEBFFFF7FEBF7E
:1006B000FFF7FEBFFFF7FEBFFFF7FEBFFFF7FEBF6E
:1006C000FFF7FEBFFFF7FEBFFFF7FEBFFFF7FEBF5E
:1006D000FFF7FEBFFFF7FEBFFFF7FEBFFFF7FEBF4E
:1006E000FFF7FEBFFFF7FEBFFFF7FEBFFFF7FEBF3E
:1006F000FFF7FEBFFFF7FEBFFFF7FEBFFFF7FEBF2E
:10070000FFF7FEBFFFF7FEBFFFF7FEBFFFF7FEBF1D
:10071000FFF7FEBFFFF7FEBFFFF7FEBFFFF7FEBF0D
:10072000FFF7FEBFFFF7FEBFFFF7FEBFFFF7FEBFFD
:10073000FFF7FEBFD0033132333400014008F4012B
:100740000000EF2B000801011A5007D007000041FC
:100750002C0008022912640812E9105203105007F5
:1007600088130000652D00080410212812E31052A0
:100770000510120A081003172E0008060852050477
:10078000122F10617812FE01F2320001100380FF77
:1007900000081149123101B2200120100000456EFD
:1007A00074657220746F205365747570000020109A
:1007B0000557616974696E670B4110200320446F0F
:1007C0006E650952001030034572726F721F10047B
:1007D00000380601083C0421A843C002089207B56E
:1007E00092010C21E012402C2510250C52CC302116
:1007F0001820026005010838253CF30068054822EE
:100800000134C3200018900302180001056061182C
:1008100024020330000154F201704822020CE2303D
:1008200048200112000211D2783012031812090C6C
:10083000D2D8D812041825BCD2E418120518120B0D
:100840000CD28048120618120C0CD24078120718ED
:10085000120D0CD25018110113030E0C52601861C6
:10086000011003020400030F11527018695812039B
:1008700018221078F101482604F8C38805302302B5
:1008800005C3D0010000901812031819B35300F0EB
:10089000D869C811201304140CC3FC0230157C1352
:1008A00004150CC3080330157C1304160CC3140381
:1008B000301198F00104041700A8F0010405180095
:1008C000A8F00104051900A813051A0CD22078110C
:1008D0002013051B0CD22C7811A813051C0CF20157
:1008E00038A813051D0CF20144A813051E0CFA01CB
:1008F000984013061F0C525030297C12A02419CCAA
:100900002E060C03925C1829D011681306210CF2F4
:100910000190F01307220CC3680318114813072332
:100920000C92744842A8481307240CD2801811B0C6
:1009300023072584F101601308260CD28C30116046
:100940001308270CF20198601308280C92A4184E83
:1009500044A8031308290CD2B018110823082A1838
:10096000F5012013092B0CE2BCD880031C00092CD4
:1009700000017D600310020400092D0CD2B848125A
:100980000430F2022E30120530F2032F48200218F4
:10099000000A3090D508F004010318020B10000182
:1009A000E20114B3093D12600275CF00082429F852
:1009B0008F81CFE40521108FF7CFE40521011F03BC
:1009C000D0E405513112E8198F1FD0E40521014F01
:1009D00025D0E4056101122B101EA894052D6C038F
:1009E000E0021C0D00208F8004F1530008F15384B5
:1009F000210812F71043255488520104129D104318
:100A0000CB548C5202044339553C29CC6D680552B5
:100A10009314219452061452ED14211052081443D9
:100A20004556142540520A64529B142124520B143B
:100A300052CB142D1C05520C1452FB142138520DAC
:100A400014432B57142138520E1452551421384395
:100A5000001014127F1412AD04313842108C1003B0
:100A600029580008890421385203141003495900F9
:100A700008A30412B0D912607D1EC0C5041E8001F7
:100A8000031340381D124B0C1DC00613009618129C
:100A9000DA0812E1045403C20100C424607F01009B
:100AA00064074FDDE4C407611047EFE458210C25CB
:100AB000E02F1DE5D30441101003E0930400411022
:100AC00061401E10410347693E9C211012DC0583E2
:100AD0007B3E40210447FF3E94210C2D3408473FC4
:100AE0003F9021102D140812F5105205501B983A12
:100AF0007F16408851101360EA801110220761119F
:100B0000012D640812CB105208202D640868044F90
:100B1000410008182A38C802803F4426441EEC8051
:100B2000038B0800E852F81069C4340104040194EE
:100B300069C41EE0380325906D000552F01062056F
:100B4000553701018869C45210106D680352105066
:100B5000520810431C0470520910522810520A10F7
:100B6000523430520B10524010520C10522060522E
:100B70000D10524C20520E10525810520F10526449
:100B8000106DEC035230406211605110521210523D
:100B90005010521310526010521410127010217C19
:100BA000521510528010621620117021DC5217105D
:100BB000527C105218104FF805CC0853190001420E
:100BC0000610521A10528830521B10529410521CA8
:100BD0001012A010252C521D1047900190621E206B
:100BE0005190521F1056AC00690552B81052211096
:100BF00052B04052221052C42052231052D01052F0
:100C0000241052C0605225101EBCAC04255C622624
:100C1000301110254C52271052E4106228205550F4
:100C200052291052E010522A1012F01025BC532BFA
:100C300000014202106D2406560830522D1052F861
:100C4000806D140656DC306D0C0652E810523010E0
:100C500052105052311052201052321056F460622D
:100C600033804605006DF10B4730020052351052BB
:100C700040105236104750025052371052601052F6
:100C80003810437002F0523910528010523A10520C
:100C90009010523B101E0C700321E0623C105190EA
:100CA0006D9606521810523E10522410523F1052A8
:100CB00030105241101610402DAC034B181E134338
:100CC000182008100320FE00084804F309BE610440
:100CD00052FF01E3765F141D07040002032D010398
:040000050801055594
:00000001FF
