:020000040800F2
:10000000802A002081FB00085DF300085FF30008F0
:1000100061F3000863F3000865F3000800000000C6
:1000200000000000000000000000000067F300086E
:1000300069F30008000000006BF300086DF300088E
:1000400099FE00089DFE0008A1FE0008A5FE00081C
:10005000A9FE0008ADFE0008B1FE0008B5FE0008CC
:10006000B9FE0008BDFE0008C1FE0008C5FE00087C
:10007000C9FE00087DF30008CDFE000887F30008E4
:10008000D1FE0008D5FE0008D9FE0008DDFE0008FC
:10009000E1FE0008E5FE0008E9FE0008EDFE0008AC
:1000A000F1FE0008F5FE0008F9FE0008FDFE00085C
:1000B00001FF0008000000000000000005FF00082C
:1000C00009FF00080DFF000811FF000815FF0008D8
:1000D00019FF000891F300081DFF00089BF30008BA
:1000E00021FF0008A5F30008000000000000000048
:1000F0000000000000000000000000000000000000
:100100000000000025FF00080000000029FF000893
:1001100000000000000000002DFF000831FF000873
:1001200035FF000839FF00083DFF000841FF0008C7
:1001300045FF000800000000000000000000000073
:1001400049FF00084DFF000851FF000855FF000857
:1001500059FF0008AFF30008B9F300085DFF00087D
:1001600061FF000865FF000869FF0008000000004B
:100170006DFF000871FF000875FF00080000000017
:1001800079FF00087DFF000881FF000801000120C1
:10019000704730B587B004001421002202AD28005A
:1001A00002F000F9DFF8380CD0E90023CDE9002394
:1001B00002A80090DFF82C5C2978684600F083FAEA
:1001C00028786870BDF80410009801F030FADFF864
:1001D000180C8078042809D12878042803DA2878B4
:1001E000401C287001E00020287001E000202870E9
:1001F000DFF8145D0221280002F007F9032128002E
:1002000002F012F92100C9B2280002F00DF9012014
:1002100007B030BD10B50400DFF8D01B8888002877
:1002200010D0DFF8CC0B02888B889A4208D10021CD
:1002300001800221DFF8D00C02F0E7F8012008E08D
:10024000898801802100C9B2DFF8BC0C02F0ECF80B
:10025000012010BD2DE9F041040000250026DFF843
:100260008C7BB88803283DDB3868B988084410F8CF
:10027000010C3968BA88114411F8021C51EA0021B6
:100280000E00B988891E386802F0E9F805002800D8
:10029000310080B289B288421DD10321DFF8680C99
:1002A00002F0C2F83868007807280DD1DFF8348BE7
:1002B000012198F8010000F01FFA98F80120D7E911
:1002C000000100F009FA13E00021DFF8180B407874
:1002D00000F012FA0CE00021DFF8080B407800F083
:1002E0000BFA05E00021DFF8FC0A407800F004FA80
:1002F000DFF8F00A407800F065F80221DFF8080C1A
:1003000002F0A4F80120BDE8F0810100DFF8FC0B49
:100310000278032A01D0042202700120704710B530
:1003200004000020DFF8E81B08702100C9B2DFF8E4
:10033000E40B02F079F8012010BD10B50400210093
:10034000C9B2DFF8D00B02F06FF8012010BD10B574
:100350000400DFF8C40B02F063FA2100C9B2DFF831
:10036000B40B02F061F8012010BD38B50400DFF8CD
:10037000AC5B287800280ED101220121DFF8A00B08
:1003800002F011FC0520DFF88C1BC1F888002878EA
:10039000401C28700DE000220121DFF8840B02F0E0
:1003A00002FC4FF4FA70DFF86C1BC1F888000020E3
:1003B00028702100C9B2DFF85C0B02F035F801208B
:1003C00032BD000038B52DED028B04009FEDBB8AD5
:1003D0002000C0B202283ED1DFF8485B95ED010A4B
:1003E000BDEEC00A10EE100A00F09EF885ED010A7D
:1003F00095ED010A00F002F985ED030A95ED020A78
:1004000000F060F985ED040A95ED040AD5ED060AC1
:1004100030EE200A85ED040A95ED030AD5ED050AB4
:1004200030EE200AB0EE408A9FEDA50AB4EE408A75
:10043000F1EE10FA02DBB0EE000A09E0B5EE408AF8
:10044000F1EE10FA02D59FED9D0A01E0B0EE480AE8
:1004500085ED030AFFE7DFF8CC5A2878002807D19A
:100460000020686095ED010A00F0C8F885ED030AE8
:100470002878002807D10020A86095ED020A00F036
:1004800021F985ED030ABDEC028B31BD2DE9F04168
:1004900000242500EDB20A2D43DA00252E00F6B225
:1004A000092E3CDA2E00F6B201EB860676682F00A4
:1004B000FFB251F82770BE422FDA00262F00FFB29C
:1004C00051F82770AC465FFA8CFC01EB8C0CDCF821
:1004D00004C0AE465FFA8EFE41F82EC0AC465FFA0D
:1004E0008CFC01EB8C0CCCF80470AC465FFA8CFCF5
:1004F00050F82CC0AE465FFA8EFE00EB8E0EDEF892
:1005000004E0A8465FFA88F840F828E0AE465FFAB3
:100510008EFE00EB8E0ECEF804C06D1CBEE7641C90
:10052000B7E7BDE8F081000038B52DED028B04007F
:100530009FED628ADFF8F019087800282AD101209F
:10054000087000210800C0B20A2815DA0800C0B2FD
:10055000DFF8D8290B00DBB242F82300DFF8D029FE
:100560000800C0B252F82000002803D10800C0B231
:1005700042F82040491CE5E7DFF8B459092300227E
:100580002900DFF8A809FFF781FF95ED050AB8EE0D
:10059000C00A30E000200100C9B20A291EDADFF8E3
:1005A0008C190200D2B251F82220092A0BD1002264
:1005B0000300DBB241F82320DFF874190200D2B245
:1005C00041F8224008E00200D2B251F82220521C29
:1005D0000300DBB241F82320401CDCE7DFF8505970
:1005E000092300222900DFF84409FFF74FFF95EDAA
:1005F000050AB8EEC00ABDEC028B31BDF0EE400A30
:100600009FED951A9FED953ADFED2C3AF5EE400AF5
:10061000F1EE10FA40D0F0EE603A9FED910ADFF86B
:10062000140990ED004A34EE634AB4EE404AF1EE0C
:1006300010FA08DA90ED004A33EEC44AB4EE404AAC
:10064000F1EE10FA03DB9FED870A21EE001ADFF8C6
:10065000E80890ED000AF0EE401ADFF8E01891ED9E
:10066000000A30EE010AB0EE402A32EE030A82EEB2
:10067000000AF0EE402A33EEE10AB0EE614A00EEE5
:10068000224A80ED004AB7EE000A30EE620A20EE00
:10069000020A81ED000A08E0DFF8A0085FF07E5151
:1006A0000160DFF8940800210160DFF88C08DFF8B2
:1006B000841802680A6090ED000A7047000000008C
:1006C00001000040704738B504000D002900C9B290
:1006D000200000F01BF831BD70B504000D001600BD
:1006E00020000078C0B2072805D13200D2B2200025
:1006F000290000F0B9F870BD38B504000D002900DC
:10070000C9B22000C0B200F08BF931BD70B52DED3B
:10071000028B84B004000D000421002202AE3000E0
:1007200001F040FE9FEDBD8A00262800C0B20028DF
:100730000BD0022835D02BD3042844D03AD3062836
:100740005ED049D307286FD082E0FE214FF42F708E
:1007500002F0F8FCB0EE408AB0EE480A02F0E0FD8C
:1007600006003000000A8DF8080002A8467031002B
:10077000090E81703100090CC17002A8019002209D
:100780000090262310220721200001F0D4FE5FE014
:1007900002200090052303220721200001F07DFEA6
:1007A00056E004200090012303220721200001F0DD
:1007B00074FE4DE002200090052303220721200053
:1007C00001F06BFE44E00220009024230322072165
:1007D000200001F062FE3BE0DFF8E00D8188042993
:1007E0000DD1016801918088022190FBF1F080B267
:1007F0000090242310220721200001F09CFE27E016
:10080000DFF8B80D818802290DD101680191808837
:10081000022190FBF1F080B200903E2306220721D6
:10082000200001F088FE13E0DFF8900D8188022996
:100830000DD1016801918088022190FBF1F080B216
:1008400000903F2306220721200001F074FEFFE7FD
:1008500004B0BDEC028B70BD95BFD63317B7D1384D
:10086000CDCC4C3E00007A442DE9F0472DED028BB3
:1008700082B004000D0016000020ADF80000002733
:100880009FED668A3000C0B200280FD002281FD02A
:100890000DD3042800F0A6806ED3062800F0B580A2
:1008A000C0F0B380072800F0B080B1E0B0E00320D2
:1008B000ADF8000004226946200000F085FE070024
:1008C000FE21380002F082FBDFF8F41C48819FE033
:1008D0000320ADF8000004226946200000F074FEF9
:1008E0008046DFF8E09C19F10401404602F098FAD6
:1008F00004226946200000F067FE070019F1080194
:10090000380002F08DFADFEDB88ADFF8B4AC99ED6B
:10091000020A20EE280ABDEEC00A10EE102A12B21A
:10092000DFF8EC0590ED010A20EE280ABDEEC00AC2
:1009300010EE101A09B2BAF80A0000F001FBB0EE8E
:10094000408A28EE280ABDEEC00A10EE100AAAF866
:100950000000BAF90000002802D50020AAF8000023
:10096000BAF90000642190FBF1F000EE100AB8EE35
:10097000C00A89ED010A4BE00320ADF80000042213
:100980006946200000F020FE0700DFF8348CFE21CD
:10099000380002F01BFBA8F80A00DFED938ADFF8AD
:1009A000240C90ED020ABDEEC00A10EE102A12B21D
:1009B000DFF85C0590ED010A20EE280ABDEEC00AC2
:1009C00010EE101A09B2B8F80A0000F0B9FAB0EE49
:1009D000408A28EE280ABDEEC00A10EE100AA8F8D8
:1009E000000015E00320ADF8000004226946200055
:1009F00000F0EAFD0700DFF8CC8B98F81E103800F5
:100A000002F0E4FAA8F81C0002E000F0CBFDFFE7DA
:100A100002B0BDEC028BBDE8F087000000000000D2
:100A20000200D2B2002A072A1DD80A00D2B2012A37
:100A300010D1DFF8F024002353700123137002005B
:100A4000D2B2022A0ED1DFF8F42C0123D370012395
:100A5000137107E0DFF8CC245378032B02DA5378C4
:100A60005B1C5370FFE7DFF8BC345A78002A12D0C1
:100A70005A78032A0FDB00221A7000225A600022E3
:100A80009A6000229A8300221A62DFF8B02C0023B9
:100A9000D3700023137170473EB504000821002273
:100AA0006D46280001F07EFC0025DFF8140B8480E1
:100AB0006946B0F9042012122B00DBB2CA546D1C37
:100AC00080882A00D2B288546D1C2A00D2B292B219
:100AD0006946DFF8980B02F0ABFC37BDDFF88C0BF2
:100AE0000078C0B2FF280FD0DFF8841BDFF8840B3A
:100AF0000078C0B2000288808A88DFF87C0B00781A
:100B0000C0B202438A8003E00120DFF8641B8880C2
:100B1000FC20DFF85C1B887170472DE9F04385B03D
:100B200004000D0016001F00BDF9308014210022C2
:100B3000E946484601F036FC5FF0000968462100AE
:100B400089B2090A4A46D2B2815419F101094946CB
:100B5000C9B2445419F10109290089B2090A4A4667
:100B6000D2B2815419F101094946C9B2455419F16B
:100B70000109310009B209124A46D2B2815419F171
:100B800001094946C9B2465419F10109390009B2AF
:100B900009124A46D2B2815419F101094946C9B233
:100BA000475419F10109414609B209124A46D2B225
:100BB000815419F101094946C9B200F8018019F1BF
:100BC0000109DFF8FC098481C58106824782A0F80B
:100BD00014804A46D2B292B26946DFF8640B02F042
:100BE00027FC05B0BDE8F0830000C842DFF8500BD9
:100BF0000078C0B2FF2843D0DFF8741ADFF8DC0BAE
:100C00000078C0B2000288818A89DFF8D40B0078AE
:100C1000C0B202438A81DFF8CC0B0078C0B2000278
:100C2000C881CA89DFF8C00B0078C0B20243CA810C
:100C3000DFF8B80B0078C0B2000208820A8ADFF839
:100C4000B00B0078C0B202430A82DFF8A80B00782C
:100C5000C0B2000248824A8ADFF89C0B0078C0B21A
:100C600002434A82DFF8940B0078C0B20002888207
:100C70008A8ADFF88C0B0078C0B202438A820FE0C8
:100C8000DFF8EC094FF4C871818140F2A141C181C4
:100C90007221018240F6EA21418240F2E9218182FB
:100CA00070472DE9F14F88B00D0016001F00129C0F
:100CB000BDF94C80BDF95090BDF954A01E21002211
:100CC000EB46584601F06EFB5FF0000B6846BDF83E
:100CD000201089B2090A5A46D2B281541BF1010B85
:100CE000BDF820105A46D2B281541BF1010B2900E5
:100CF00009B209125A46D2B281541BF1010B59466E
:100D0000C9B245541BF1010B310009B209125A4610
:100D1000D2B281541BF1010B5946C9B246541BF1A2
:100D2000010B390009B209125A46D2B281541BF1A3
:100D3000010B5946C9B247541BF1010B210089B27E
:100D4000090A5A46D2B281541BF1010B5946C9B265
:100D500044541BF1010B414609B209125A46D2B262
:100D600081541BF1010B5946C9B200F801801BF1F7
:100D7000010B494609B209125A46D2B281541BF1FD
:100D8000010B5946C9B200F801901BF1010B514605
:100D900009B209125A46D2B281541BF1010B5946CD
:100DA000C9B200F801A01BF1010BDFF81408BDF86F
:100DB0002010C182058346838783C483A0F82080E6
:100DC000A0F82290A0F824A05A46D2B292B2694666
:100DD000DFF8400A02F02CFB09B0BDE8F08F0000FC
:100DE00028FE000866260020D8250020000A0020E2
:100DF00064260020DFF8C817FE200872DFF8140A06
:100E00000078C0B2FF2868D0DFF8580A0078C0B276
:100E10000002C882CA8ADFF8500A0078C0B20243D2
:100E2000CA82DFF8480A0078C0B2000208830A8B41
:100E3000DFF83C0A0078C0B202430A83DFF8340AC4
:100E40000078C0B2000248834A8BDFF82C0A007891
:100E5000C0B202434A83DFF8240A0078C0B200021D
:100E600088838A8BDFF8180A0078C0B202438A832D
:100E7000DFF8100A0078C0B20002C883CA8BDFF81E
:100E8000700A0078C0B20243CA83DFF8680A0078AB
:100E9000C0B2000208840A8CDFF85C0A0078C0B295
:100EA00002430A84DFF8540A0078C0B20002488482
:100EB0004A8CDFF84C0A0078C0B202434A84DFF85B
:100EC000440A0078C0B2000288848A8CDFF8940B50
:100ED0000078C0B202438A8415E040F22B50C882E9
:100EE0007220088340F6BD20488340F2BA208883F0
:100EF0004FF48D60C8837020088440F62830488401
:100F000040F2163088847047A40400204425002055
:100F10007C050020E4040020C82500207126002064
:100F2000000800482025002072260020842400208C
:100F3000AC240020402600203C2600208405002010
:100F40002DE9F54F81B02DED108B92B00C000020F3
:100F50001090DFF8100A0F9000200E9000200D90E6
:100F600000200C9000200B9000200A900020099097
:100F70000020ADF800000020ADF812000020019024
:100F8000DFED98FA9FED978A0020ADF81800DFEDAD
:100F9000958A9FED949ADFED939A0020ADF81000AA
:100FA0000020ADF80E000020ADF80C000020ADF8D8
:100FB0000A000020ADF808005FF0000A5FF00009A9
:100FC0005FF00008200000B2002802D14FF42F701B
:100FD00004000321002205AD280001F0E3F90621F9
:100FE000002207AD280001F0DDF901208DF8140082
:100FF000DFF8CC55B5F91400ADF81C0005AB0220A4
:10100000587007AEA88B708003209870A88CB080B1
:1010100000200100C9B203294BDA00210A00D2B234
:10102000022A44DA07AA0F00FFB202EB4702B2F924
:1010300002200F00FFB236F91770BA4235DA0022EB
:101040000F00FFB236F917700DF11C0C8E465FFAD7
:101050008EFE0CEB4E0CBCF802C08E465FFA8EFE84
:1010600026F81EC00DF11C0C8E465FFA8EFE0CEBAE
:101070004E0CACF802708C465FFA8CFC13F80CC076
:101080000DF1140E8B465FFA8BFBDE449EF801E0F7
:101090008B465FFA8BFB03F80BE00DF1140E8B46C9
:1010A0005FFA8BFBDE448EF801C0491CB6E7401C9A
:1010B000AFE7022101222000B6F9027000B2B84267
:1010C00013DAB6F90260200000B2361A27003FB2E8
:1010D000BDF91C003F1ABE4203DA5E789DF8147019
:1010E00014E09DF814605F7810E027003FB2B6F975
:1010F00002003F1AB6F90460200000B2361AB74267
:1011000002DA5E789F7801E09E785F783000C0B2A6
:10111000012804D033D3032821D010D32FE0E8894D
:10112000ADF81000B5F91000ADF80E00B5F91200D9
:10113000ADF80C00B5F91400ADF80A001FE0E88A1C
:10114000ADF81000B5F91800ADF80E00B5F91A00A9
:10115000ADF80C00B5F91C00ADF80A000FE0E88B03
:10116000ADF81000B5F92000ADF80E00B5F9220079
:10117000ADF80C00B5F92400ADF80A00FFE738001F
:10118000C0B2012804D02AD303281BD00DD326E0F7
:10119000E889ADF80800B5F910008246B5F91200EB
:1011A0008146B5F91400804619E0E88AADF80800D8
:1011B000B5F918008246B5F91A008146B5F91C0048
:1011C00080460CE0E88BADF80800B5F920008246B7
:1011D000B5F922008146B5F924008046FFE79FED6E
:1011E00001AA01E000000000DFED9EAAA979B5F98F
:1011F000040001F0A7FFB0EE40BAFE21BDF9900057
:1012000001F0A0FFF0EE40BAFE21200000B201F094
:1012100099FFB0EE40CAB5F80CB0BDF81000ADF8BB
:101220001200FE21BDF90E0001F08CFFF0EE40CA65
:10123000FE21BDF90C0001F085FFB0EE40DAFE2181
:10124000BDF90A0001F07EFFF0EE40DABDF80800BB
:10125000ADF81800FE21504600B201F073FFB0EE69
:1012600040EAFE21484600B201F06CFFF0EE40EA91
:10127000FE21404600B201F065FFB0EE40FABDF835
:101280001810584680B2091A00EE101AB8EEC00ABB
:10129000BDF81210584680B2091A00EE901AF8EE06
:1012A000E00A80EE200A20EE2C0AB5F904000A219B
:1012B00090FBF1F201FB1200002808D17EEECD0A6E
:1012C000B7EE001A00EE8B1A21EE008A2BE0B5F97A
:1012D00004000A2190FBF1F201FB1200012808D161
:1012E0007DEE6E0AB7EE001A00EE8B1A21EE008A30
:1012F00019E0B5F904000A2190FBF1F201FB12009C
:10130000022808D17DEE6E0AB7EE001A00EE8B1AA5
:1013100080EE018A07E07EEECD0AB7EE001A00EEFD
:101320008B1A80EE018ACEEE088A18EE900A02F03F
:10133000C7F802000B000020DFF8BC1802F0E4F848
:10134000CDE900013DEECF0A10EE100A02F0B8F828
:1013500002000B00DDE9000102F048F902F06AFA30
:1013600000EE900AB0EE681A00EECF1AF0EE411AC5
:1013700040EE8C1ABDF88C10584680B2091A00EE67
:10138000101AB8EEC00ABDF81210584680B2091AF9
:1013900002EE101AB8EEC22A80EE020A20EE2C0AE3
:1013A000B5F904000A2190FBF1F201FB12000028BC
:1013B00008D13BEECD2AF7EE002A42EE0B2A62EE70
:1013C000802A2BE0B5F904000A2190FBF1F201FB21
:1013D0001200012808D13DEE6B2AF7EE002A42EEFA
:1013E0000B2A62EE802A19E0B5F904000A2190FB6D
:1013F000F1F201FB1200022808D13DEE6B2AF7EE54
:10140000002A42EE0B2AC0EE222A07E03BEECD2A4C
:10141000F7EE002A42EE0B2AC0EE222A21EEA22A83
:10142000BDF88C0000280AD0200000B2012806DB9D
:10143000BDF99000012802DBB0EE420A01E09FED09
:10144000090A12B0BDEC108BBDE8F78FDFF8C02899
:101450001070DFF8C02811600122DFF8BC381A7064
:1014600070470000000000001FB50020DFF8A4183E
:101470000C680321DFF8A0281170DFF894180978B0
:10148000002907D0022933D011D3042900F0848029
:1014900058D386E07648B0F914100091B0F91230B4
:1014A000B0F91020C1894089FFF737FB79E0704817
:1014B0009FEDA10ADFF86418D1ED010A60EE800A01
:1014C000FDEEE00A10EE901A09B20091DFF8001B61
:1014D000D1ED020A20EE800ABDEEC00A10EE103AED
:1014E0001BB2220012B241898089FFF716FB58E037
:1014F0005F489FED910AB0F924100391B0F92210D2
:101500000291B0F920100191C18B0091DFF80C1805
:10151000D1ED010A60EE800AFDEEE00A10EE903A8D
:101520001BB2DFF8AC1AD1ED020A20EE800ABDEE44
:10153000C00A10EE102A12B2210009B24089FFF74A
:10154000B0FB2EE04A489FED7C0ADFF8D017D1EDC2
:10155000010A60EE800AFDEEE00A10EE901A09B270
:101560000391DFF86C1AD1ED020A20EE800ABDEE7D
:10157000C00A10EE101A09B20291210009B20191BD
:1015800041890091B0F91C30B0F91A20B0F9181057
:10159000C08AFFF786FB04E0200080B2FFF77CFAE8
:1015A000FFE71FBD80B50320DFF86C17087004212A
:1015B000DFF8200A00F04AFF01BD0000740500209A
:1015C000D424002020250020F0B4030000200C8843
:1015D0001500EDB2042D16D12500ADB21D44AE7834
:1015E0002500ADB21D44ED7855EA06252600B6B2B9
:1015F0009E5D2700BFB21F447F7857EA062757EA4F
:10160000054738000DE01500EDB2022D09D1250087
:10161000ADB25D5D2600B6B21E44767856EA052668
:1016200030000D8855FA82F50D80F0BC704770B51A
:1016300004000D00DFF8A46901224FF4805130004E
:1016400001F0B1FA0A2002F029F94FF47A732A0066
:1016500092B22100DFF80C0C02F071F900224FF475
:101660008051300001F09FFA70BD00000020020898
:10167000D424002002200208032002082DE9F041B2
:101680002DED028B8EB0F0EE408AB0EE608A3221F2
:1016900000226C46200000F085FE00270024002573
:1016A000DFF82C89C8ED058A88ED068A98ED050AD1
:1016B00001F036FE060098ED060A01F031FE804684
:1016C00068463100090E3A00D2B281547F1C3100C5
:1016D000090C3A00D2B281547F1C3100090A3A0049
:1016E000D2B281547F1C3900C9B246547F1C414696
:1016F000090E3A00D2B281547F1C4146090C3A00CF
:10170000D2B281547F1C4146090A3A00D2B28154B8
:101710007F1C3900C9B200F801807F1C3A00D2B2A8
:1017200092B26946DFF8B80801F082FE0EB0BDEC57
:10173000028BBDE8F08100000000C8420C260020AA
:101740000028020870B500240025DFF8940800780E
:10175000C0B2FF283AD0DFF88C080178C9B2090678
:10176000DFF884080078C0B251EA0041DFF87C0855
:101770000078C0B251EA0021DFF874080078C0B2E6
:1017800001430C00DFF86C080178C9B20906DFF8E4
:1017900068080078C0B251EA0041DFF860080078BC
:1017A000C0B251EA0021DFF858080078C0B2014306
:1017B0000D00DFF81C6816F11401200001F030FB69
:1017C00016F11801280001F02BFB05E0DFF80008F6
:1017D000002141610021816170BD000002280208E2
:1017E000032802080428020805280208062802081F
:1017F0000728020808280208092802080A280208FF
:101800000B280208DFF8C80764218183FE21817755
:10181000704700000030020878B591B004000D0058
:101820003C21002202AE300000F0BCFD0020ADF8EB
:10183000040003211A2003F02CFA0B20009000234F
:10184000DFF8B82A01A902A801F0D4FA4FF47A739C
:10185000BDF8042002A9DFF80C0A02F070F812B0FB
:1018600070BD000002300208033002080430020894
:101870000530020806300208073002080830020866
:10188000093002080A30020878B591B004000D0052
:101890003C21002202AE300000F084FD0020ADF8B3
:1018A0000400DFF83C0701F093FDDFF8BC0901F00C
:1018B0008FFDDFF8400900210170DFF83C1A8160DC
:1018C000DFF8301A41600D2000900023DFF8302A45
:1018D00001A902A801F08EFA4FF47A73BDF8042032
:1018E00002A9DFF8800902F02AF812B070BD0000EA
:1018F0000B3002080C3002080D3002080E300208CE
:101900000F3002081030020838B590B004000D0006
:1019100003A8DFF8F019322203F0CEFBDFF8E80964
:10192000D0E90023CDE9012303A801900023DFF8CB
:10193000DC09027802A903A801F0E7F9022000906F
:101940000023ABA202A903A801F054FA4FF47A7362
:10195000BDF808200199DFF80C0901F0F0FF11B083
:1019600030BD00006F12833AF8B504000D00002668
:101970002068007830283EDB206800783A283ADA80
:10198000002700200100C9B2A28889B291420FD27B
:1019900021680200D2B2895C302905DB216802008F
:1019A000D2B2895C3A2900DB02E07F1C401CE9E7E7
:1019B0003900C9B2206801F0D5FA0600B6F5807F7B
:1019C0000FD2DFF8480941783000C0B203F061F966
:1019D0004FF47A73022287A1DFF8880801F0AFFF85
:1019E00012E04FF47A730522DFF82419DFF8740847
:1019F00001F0A5FF08E04FF47A730522DFF8101913
:101A0000DFF8600801F09BFFF1BD38B590B004002D
:101A10000D0003A8DFF8FC18322203F04DFBDFF8BD
:101A2000F808D0E90023CDE9012303A801900023A1
:101A3000DFF8D808427802A903A801F066F902206D
:101A4000009000236AA202A903A801F0D3F94FF481
:101A50007A73BDF808200199DFF8080801F06FFFDC
:101A600011B030BD11300208F8B504000D00002699
:101A70002068007830283DDB206800783A2839DA81
:101A8000002700200100C9B2A28889B291420FD27A
:101A900021680200D2B2895C302905DB216802008E
:101AA000D2B2895C3A2900DB02E07F1C401CE9E7E6
:101AB0003900C9B2206801F055FA06000C2E0FD289
:101AC0003100C9B2DFF84408007803F0E2F84FF4BF
:101AD0007A73022247A1DFF88C0701F030FF12E091
:101AE0004FF47A730522DFF82818DFF8780701F041
:101AF00026FF08E04FF47A730522DFF81418DFF8A8
:101B0000640701F01CFFF1BD30B59BB004000D006F
:101B100002A8DFF80818642203F0DEFADFF80008F4
:101B2000D0E90023CDE9002302A80090DFF8F407F4
:101B30008379B0F9042001A902A801F0E6F8002396
:101B4000BDF804200099DFF81C0701F0F8FE1BB077
:101B500030BDF8B505000E00002428680078302854
:101B60003CDB286800783A2838DA0027002001009A
:101B7000C9B2AA8889B291420FD229680200D2B2B2
:101B8000895C302905DB29680200D2B2895C3A29D8
:101B900000DB02E07F1C401CE9E73900C9B228687D
:101BA00001F0E0F9040042F2117084420DD2002CE1
:101BB0000BD0200080B2FEF76FFF002302220DA1A0
:101BC000DFF8A00601F0BBFE10E000230522DFF8DD
:101BD0004017DFF8900601F0B2FE07E0002305226F
:101BE000DFF82C17DFF87C0601F0A9FEF1BD00003C
:101BF0000D0A00004F4B00000000F03F70B59CB094
:101C000004000D0003A8DFF82017642203F064FA33
:101C1000DFF81807D0E90023CDE9012303A80190DC
:101C2000DFF80067FE23728902A903A801F06DF8AE
:101C3000062000900023DFF8F82602A903A801F08F
:101C4000D9F8FE23B28902A903A801F05EF80720A3
:101C500000900023DFF8DC2602A903A801F0CAF8EF
:101C6000FE23F28902A903A801F04FF80520009095
:101C70000023DFF8C42602A903A801F0BBF8FE2365
:101C8000B6F9102002A903A801F03FF80620009041
:101C90000023DFF8A82602A903A801F0ABF8FE2371
:101CA000B6F9122002A903A801F02FF80420009031
:101CB0000023DFF88C2602A903A801F09BF8FE237D
:101CC000B6F9142002A903A801F01FF8092000901A
:101CD0000023DFF8702602A903A801F08BF8FE2389
:101CE000B6F9002002A903A801F00FF80320009024
:101CF00000236DA202A903A801F07CF80023BDF81F
:101D000008200199DFF85C0501F019FE1CB070BDD8
:101D10007026002038260020442500207C05002065
:101D20002DE9FE4F05000E000024002000212A6846
:101D300017782A6892F801802A68D278302AC0F28F
:101D4000A8802868C0783A2880F2A3805FF0000954
:101D500003200100C9B2AA8889B2914210D2296831
:101D60000200D2B2895C302905DB29680200D2B2B8
:101D7000895C3A2900DB03E019F10109401CE8E71E
:101D80004946C9B22868C01C01F0ECF8040041F2D1
:101D90008930844274D2002C72D0DFF888058189A2
:101DA000ADF80A10C189ADF80810B0F91010ADF8FF
:101DB0000610B0F91210ADF80410B0F914A05FF0DD
:101DC000010B3800C0B25A2807D14046C0B23028B3
:101DD00003D12000ADF80A0030E03800C0B253282B
:101DE00007D14046C0B2302803D12000ADF808002A
:101DF00024E03800C0B2432807D14046C0B23028A2
:101E000003D12000ADF8060018E03800C0B2542815
:101E100007D14046C0B2302803D12000ADF80400FD
:101E20000CE03800C0B2502806D14046C0B230287D
:101E300002D12000824601E0002083465846C0B20D
:101E4000012814D1504600B20090BDF90430BDF90C
:101E50000620BDF80810BDF80A00FEF75EFE00235C
:101E600002225DA1DFF8FC0301F069FD19E0002307
:101E70000522DFF89C14DFF8EC0301F060FD10E0B0
:101E800000230522DFF88814DFF8D80301F057FD9E
:101E900007E000230522DFF87814DFF8C80301F01B
:101EA0004EFDBDE8F78F0000454E440070B59CB074
:101EB00004000D0003A8DFF89014642203F00CF96D
:101EC000DFF88804D0E90023CDE9012303A80190BD
:101ED000DFF85064FE23F28A02A903A800F015FF80
:101EE000062000900023DFF8682402A903A800F070
:101EF00081FFFE23B6F9182002A903A800F005FF10
:101F0000072000900023DFF84C2402A903A800F06A
:101F100071FFFE23B6F91A2002A903A800F0F5FE0E
:101F2000052000900023DFF8302402A903A800F068
:101F300061FFFE23B6F91C2002A903A800F0E5FE0C
:101F4000062000900023DFF8142402A903A800F063
:101F500051FFFE23F28B02A903A800F0D6FE062053
:101F600000900023DFF8F82302A903A800F042FF45
:101F7000FE23B6F9202002A903A800F0C6FE072020
:101F800000900023DFF8DC2302A903A800F032FF51
:101F9000FE23B6F9222002A903A800F0B6FE052010
:101FA00000900023DFF8C02302A903A800F022FF5D
:101FB000FE23B6F9242002A903A800F0A6FE002300
:101FC000BDF808200199A74801F0B9FC1CB070BD0C
:101FD00020250020E40400204F4B000000080048AA
:101FE00000080208020802080308020804080208A0
:101FF000050802080608020807080208080802087F
:10200000090802082DE9F84F88B005000E000024E9
:10201000002000212A6817782A6892F801802A682F
:10202000D278302AC0F2DD802868C0783A2880F261
:10203000D8805FF0000903200100C9B2AA8889B2E4
:10204000914210D229680200D2B2895C302905DBA6
:1020500029680200D2B2895C3A2900DB03E019F159
:102060000109401CE8E74946C9B22868C01C00F0D5
:1020700079FF040041F28930844280F0AB80002C6B
:1020800000F0A880A748C18AADF81C10B0F918105C
:10209000ADF81A10B0F91A10ADF81810B0F91C10FC
:1020A000ADF81610C18BADF81410B0F92010ADF8D2
:1020B0001210B0F92210ADF81010B0F924A05FF0A2
:1020C000010B3800C0B2412807D14046C0B23128C8
:1020D00003D12000ADF81C0054E03800C0B2432802
:1020E00007D14046C0B2312803D12000ADF81A0014
:1020F00048E03800C0B2542807D14046C0B2312869
:1021000003D12000ADF818003CE03800C0B25028E0
:1021100007D14046C0B2312803D12000ADF81600E7
:1021200030E03800C0B2412807D14046C0B2322862
:1021300003D12000ADF8140024E03800C0B24328D9
:1021400007D14046C0B2322803D12000ADF81200BA
:1021500018E03800C0B2542807D14046C0B2322837
:1021600003D12000ADF810000CE03800C0B25028B8
:1021700006D14046C0B2322802D12000824601E09A
:10218000002083465846C0B201281CD1504600B2F8
:102190000390BDF910000290BDF912000190BDF846
:1021A00014000090BDF91630BDF91820BDF91A10C1
:1021B000BDF81C00FEF775FD002302224CA1294842
:1021C00001F0BDFB13E0002305225149254801F031
:1021D000B6FB0CE0002305224D49224801F0AFFB7D
:1021E00005E0002305224A491E4801F0A8FB09B07A
:1021F000BDE8F08FF425002080B5FFF7A3FAFFF7C4
:1022000001FBFEF7F3FCFEF7F5FDFEF767FC574810
:102210005749C0F8A4135749C0F8B4135649C0F839
:10222000C4135649C0F8D4135549C0F8E4135549AE
:10223000C0F8F4135449C0F804145449C0F81414F5
:102240005349C0F824145349C0F834145249C0F813
:1022500044145249C0F8541402F091FF02F080FF78
:1022600001BD00005C1F00200010020870B50020B6
:10227000002400252800C0B2092836DA484E28007C
:10228000C0B200013044407801282CD10120040064
:102290002800C0B200013044406800280ED002F08F
:1022A00091FF2900C9B2090131444968401A290047
:1022B000C9B2090131448968884214D30020290039
:1022C000C9B209013144487002F07CFF2900C9B24B
:1022D0000901314448602800C0B22900C9B209018F
:1022E0003144C96888476D1CC4E72000C0B270BD86
:1022F0004F4B00000000484200001644F4FB000869
:10230000B0F900083CF5000830FE0008500A002033
:10231000C0FD000870F5000838FE000898E80008C5
:1023200040FE0008D424002074F4000848FE000891
:10233000C8FD0008D0FD0008D8FD0008E0FD000839
:10234000E8FD000800FC0008D8F4000850FE000872
:10235000F0FD0008F8FD000800FE000808FE000877
:1023600010FE000818FE000820FE0008900500205E
:1023700019180008891800080919000869190008C7
:102380000B1A0008691A0008091B0008531B0008F3
:10239000FD1B0008211D0008AD1E000805200008D7
:1023A000E404002062F30F2262F31F42401810F091
:1023B000030308D0C91A1FD3DB0748BF00F8012D5B
:1023C00028BF20F8022D130030B4144615461039EA
:1023D00028BF20E93C00FAD8490728BF20E90C00B3
:1023E00048BF40F8042D890028BF20F8022D48BFBF
:1023F00000F8012D30BC7047C91818BF00F8012D36
:10240000CB0728BF00F8012D7047020001200B0008
:10241000DBB21B011344587000200B00DBB21B0120
:10242000134458600120704738B504000D000120A6
:102430002900C9B209012144487002F0C3FE2900F5
:10244000C9B2090121444860012032BD02000020C8
:102450000B00DBB21B01134458700120704730B4ED
:1024600003004FF6FF7000248C4213DA1A5D5040CF
:102470000822002A0CD0C50706D580B2400880F497
:10248000204090F0010001E080B24008521EF0E7C9
:10249000641CE9E780B230BC70472DE9F8430500C1
:1024A0000E0017009846089C5FF00009286849460E
:1024B00089B2465419F101092868494689B247543E
:1024C00019F10109404680B2000A29684A4692B2D1
:1024D000885419F101092868494689B200F8018039
:1024E00019F10109200080B2000A29684A4692B217
:1024F000885419F101092868494689B2445419F1F0
:102500000109494689B22868FFF7A9FF0100286838
:102510004A4692B2815419F10109080080B2000ABA
:102520002A684B469BB2D05419F10109A5F80490D2
:102530000120BDE8F2832DE9F84F06000F00904618
:1025400099460A9DDDF82CA0002400213068220065
:1025500092B28754641C3068220092B200F8028064
:10256000641C484680B2000A326823009BB2D054F3
:10257000641C3068220092B200F80290641C40464D
:10258000C0B2062802D0102807D01CE0280080B274
:10259000012801D0002040E015E0280080B2000AA8
:1025A000326823009BB2D054641C3068220092B27F
:1025B0008554641C2800C0B24000326823009BB2DE
:1025C000D054641CFFE75FF0000B584680B229002E
:1025D00089B2B0EB410F0BDA584680B21AF800000E
:1025E0003168220092B28854641C1BF1010BECE7A5
:1025F000210089B23068FFF732FF01003068220005
:1026000092B28154641C080080B2000A3268230030
:102610009BB2D054641CB4800120BDE8F28F2DE938
:10262000F84F05000E00170098460A9CDDF82C9024
:102630005FF0000B002029685A4692B28E541BF1BD
:10264000010B29685A4692B28F541BF1010B2100ED
:10265000C9B249002A685B469BB2D1541BF1010BF9
:102660005FF0000A504680B2210089B2B0EB410F02
:102670000CDA504680B219F8000029685A4692B226
:1026800088541BF1010B1AF1010AEBE7594689B294
:102690002868FFF7E4FE010028685A4692B2815488
:1026A0001BF1010B080080B2000A2A685B469BB24E
:1026B000D0541BF1010BA5F804B00120BDE8F28F46
:1026C0002DE9F84F05000E00170098460A9CDDF82A
:1026D0002C905FF0000B5FF0000A2868594689B221
:1026E00046541BF1010B2868594689B247541BF127
:1026F000010B404680B2000A29685A4692B28854BB
:102700001BF1010B2868594689B200F801801BF1C2
:10271000010B3800C0B2062802D010281DD02CE0D2
:10272000200080B2012801D000203EE00020824637
:10273000504680B2210089B2B0EB410F0CDA50460E
:1027400080B219F8000029685A4692B288541BF1E9
:10275000010B1AF1010AEBE70FE0200080B2000A3A
:1027600029685A4692B288541BF1010B28685946D1
:1027700089B244541BF1010BFFE7594689B228681E
:10278000FFF76DFE010028685A4692B281541BF192
:10279000010B080080B2000A2A685B469BB2D05445
:1027A0001BF1010BA5F804B00120BDE8F28F38B58C
:1027B0000400002C01D1012031E04CF6CC4021680E
:1027C000086045F2555021680860606821684860DB
:1027D000A0682168886002F0F5FC05002068C068E8
:1027E00010F0070F0DD002F0EDFC401B41F6020186
:1027F0008842F3D32068C06810F0070FEED00320A2
:102800000DE020680069E168884203D0E068216833
:10281000086103E04AF6AA2021680860002032BD62
:1028200001004AF6AA200A6810600020704730B400
:10283000002513E050F8042BD30744BFA9F101038E
:102840009A18091F042942F8045BFAD213468C0730
:1028500044BF15809B1CC90748BF1D7050F8041B5E
:102860000029E7D130BC7047F8B4030000250868A0
:10287000E840002800F0D78001260F6816FA05F01E
:1028800007403A00002A00F0CC80087910F00300DD
:10289000012804D0087910F0030002281DD19F6898
:1028A0005FF0030C2800C0B240001CFA00FC37EABD
:1028B0000C07D1F80CC02800C0B240001CFA00FC84
:1028C0005CEA07079F605868AE40B0434E68C6F3A5
:1028D0000016AE40304304005C60087910F003003D
:1028E00003280ED0DE6803272800C0B240008740CE
:1028F000BE438F682800C0B2400087403E4334008A
:10290000DC60087910F00300022818D12800C00804
:1029100003EB8000066A0F2715F00700C0B28000A5
:102920008740BE430F6915F00700C0B280008740A2
:102930003E4334002800C00803EB800004621E6898
:1029400003272800C0B240008740BE430F7917F02C
:1029500003072800C0B2400087403E4334001C609B
:10296000486810F4403F5CD09548066856F0010670
:102970000660006810F0010000900098914F280058
:10298000800857F820605FF00F0C15F00300C0B20C
:1029900080001CFA00FC36EA0C06B3F1904F01D11E
:1029A000002414E08848834201D101240FE08748C5
:1029B000834201D102240AE08548834201D10324E5
:1029C00005E08448834201D1042400E0072415F087
:1029D0000300C0B28000844026432800800847F8E6
:1029E00020607D4C206890434F68FF0200D5104363
:1029F00020607A4E346894434F68BF0200D5144378
:102A00003460774E306890434F68BF0300D5104361
:102A10003060744E346894434F68FF0300D514430C
:102A200034606D1C23E7F1BC70472DE9F0410300D1
:102A300000250800E840002800F0A880012616FACA
:102A400005F008400200002A00F09E80DFF874C103
:102A5000280080085CF820000F2715F0030E5FFAAD
:102A60008EFE5FEA8E0E17FA0EFE1EEA00000400CC
:102A7000B3F1904F02D15FF0000E19E0524883424B
:102A800002D15FF0010E13E05048834202D15FF0A3
:102A9000020E0DE04E48834202D15FF0030E07E0C4
:102AA0004C48834202D15FF0040E01E05FF0070E54
:102AB00015F00300C0B280001EFA00FE74452CD150
:102AC0004848D0F800E03EEA020EC0F800E0444872
:102AD000D0F800E03EEA020EC0F800E03F48D0F82F
:102AE00000E03EEA020EC0F800E03B48D0F800E00B
:102AF0003EEA020EC0F800E015F00300C0B280000C
:102B000017FA00F00400280080085CF82000A043B9
:102B1000AE465FEA9E0E4CF82E005FF0030C18687C
:102B2000AE465FFA8EFE5FEA4E0E1CFA0EFE5EEABD
:102B3000000018602800C00803EB800E2800C008C1
:102B400003EB8000D0F8208015F00700C0B28000B1
:102B5000874038EA0707CEF8207098682F00FFB248
:102B60007F001CFA07F7B84398605868AE4030EA17
:102B700006065E60DE682800C0B240001CFA00FC59
:102B800036EA0C0CC3F80CC06D1C52E7BDE8F081AE
:102B9000020010690B009BB2184201D0012000E036
:102BA0000020C0B270471300DBB2002B03D00B0033
:102BB0009BB2836102E00B009BB28362704700000E
:102BC000601002400800014000040048000800486E
:102BD000000C004800100048080401400C040140AB
:102BE000040401400004014001000800C0B20028B4
:102BF00001D1012021E00800C0B2FF2801D10A2044
:102C00001BE00800C0B2FE2801D1642015E00800D6
:102C1000C0B2FD2802D14FF47A700EE00800C0B2B5
:102C2000FC2802D142F2107007E00800C0B2FB2875
:102C300002D1DFF8C00600E0012070472DE9F24F15
:102C400082469346002000210A260027B046B94656
:102C5000009A1588BBF1000F08D5DBF100042D2088
:102C60002A0092B20AF802006D1C00E05C462000C7
:102C7000002142464B4602F0ABFA002901D1002860
:102C800008D0A6FB080106FB091107FB08118046C6
:102C90008946ECE7404649460A22002302F098FAAA
:102CA00006000F00002F01D1002E28D020000021A7
:102CB00032003B0002F08CFA3030290089B20AF869
:102CC00001006D1CA0465FF00009200000213200C9
:102CD0003B0002F07DFAA6FB002306FB013307FB55
:102CE0000033B8EB020079EB030104003000390037
:102CF0000A22002302F06CFA06000F00D2E70098C7
:102D000005802800C0B2BDE8F28F2DE9FE4F060015
:102D10000F0090460020ADF80000002000240021A4
:102D20005FF0000BB7F80090B8F1000F02D5D8F1B2
:102D3000000500E04546424639003000FFF77EFFBF
:102D4000B7F800A0002D4FD09DF80800FFF74CFF0A
:102D500001008D4205D20A2045431BF1010B002DD5
:102D6000F7D15846C0B2002821D050460200D2B256
:102D7000324412F8012C2D2A06D00200D2B24B4662
:102D800092B29BB29A4208D130220300DBB2F254D5
:102D90001AF1010ABBF1010BE3E70200D2B232449F
:102DA00012F8012C0300DBB2F254401EDEE70A20C9
:102DB000B1FBF0F450468346002C15D00A20B4FB3A
:102DC000F0F45846C0B2304410F8010C5946C9B26C
:102DD0007054BBF1010B002CEED12E205946C9B224
:102DE00070541AF1010AE7E7A7F800A05046C0B2F4
:102DF000BDE8FE8FF0B4049C00252E00B6B2A642BA
:102E00000BD20E88771C0F802F00BFB217FA83F702
:102E1000D75DB6B287556D1CEFE7F0BC7047000078
:102E20002DE9F34F81B02DED028B9FED658A0024D3
:102E300001250026F7EE008A00273800C0B22028BE
:102E400064DA0398F84010F0010004003800C0B2C2
:102E5000172829DA18EE900A00F032FB82468B46DA
:102E60002000C0B202F0CCFA804689463800C0B2D9
:102E7000D0F117005FF0FF31484302F0CFFA41EC88
:102E8000110B9FED500B02F0DEFA51EC100B424695
:102E90004B4602F0E1FA52465B4602F0AFFB00F00F
:102EA000C9FC08EE900A2FE03800C0B21F2824DACF
:102EB0003000C0B202F0A4FA82468B462000C0B2B5
:102EC00002F09EFA804689463800C0B2173802F0F8
:102ED000A5FA41EC110B9FED3B0B02F0B4FA51EC5B
:102EE000100B42464B4602F0B7FA52465B4602F0E0
:102EF00085FB02F041FC060006E02000C0B201287C
:102F000002D15FF0FF3005007F1C96E7280040B239
:102F100002F084FA804689463000C0B27F3802F061
:102F20007DFA41EC110B9FED270B02F08CFA51EC6E
:102F3000100B42464B4602F08FFA8046894618EE47
:102F4000900A00F0BDFA42464B4602F085FA00F0C6
:102F500071FC00EE100A049880ED000ABDEC028BB3
:102F6000BDE8F78F70B40300002200240020002584
:102F70002A000E00D2B2F6B2B2421FD22A00D2B25A
:102F80009A5C302A0ADB2A00D2B29A5C3A2A05DA25
:102F90002A00D2B29A5C303A140001E000221400F8
:102FA0002A00D2B2002A03D12200D2B2100003E0DC
:102FB0000A22504350FA84F06D1CD9E770BC704768
:102FC000000000000000000000000040F8B52DEDFA
:102FD000028B82B004000D000020009000269FEDBF
:102FE0004E8A0027DFED568A69462000FFF718FF5A
:102FF0002800C0B200280AD0FB2836D0FC282BD0ED
:10300000FD2820D0FE2815D0FF2809D036E09FEDFE
:10301000420AB0EE408A9FED4A0AF0EE408A2DE067
:103020000A2000EE100AB0EE408A9FED3C0AF0EE56
:10303000408A23E09FED3A0AB0EE408A9FED390ABC
:10304000F0EE408A1AE09FED380AB0EE408A9FED1C
:10305000370AF0EE408A11E09FED350AB0EE408A63
:103060009FED340AF0EE408A08E09FED330AB0EE9F
:10307000408A9FED320AF0EE408AFFE79DED000A9C
:10308000B5EE400AF1EE10FA1BDBB8EE480ADDEDB2
:10309000000A20EE200AF2EE040A20EE200ABCEE1E
:1030A000C00A10EE100A0A22B0FBF2F102FB110175
:1030B000052923D39DED000A30EE280A8DED000A84
:1030C0001CE0B8EE480ADDED000AF1EE600A20EEE1
:1030D000800AF2EE040A20EE200ABCEEC00A10EECE
:1030E000100A0A22B0FBF2F102FB1101052905D3F7
:1030F0009DED000A30EE680A8DED000AB8EE480A30
:10310000DDED000A20EE200ABDEEC00A10EE100A26
:1031100002B0BDEC028BF2BD01000000CDCCCC3D75
:10312000640000000AD7233CE80300006F12833AD2
:103130001027000017B7D138A0860100ACC527378B
:10314000000000002DE9F0412DED028B07000E007C
:103150009FED678A3000C0B200280BD0FB2800F03A
:103160009E80FC2877D0FD2851D0FE282CD0FF2847
:1031700007D0B7E000EE107AB8EEC00AB0EE408A91
:10318000B0E00A2097FBF0F000EE100AB8EEC00A9B
:103190005FF00A0810EE100A00F092F904000D002A
:1031A00097FBF8F008FB1078404602F037F9524AD6
:1031B000524B02F051F922002B0002F01FFA00F0EE
:1031C00039FB08EE100A8DE0642097FBF0F000EE6A
:1031D000100AB8EEC00A5FF0640810EE100A00F0A2
:1031E0006FF904000D0097FBF8F008FB10784046DB
:1031F00002F014F9424A434B02F02EF922002B0050
:1032000002F0FCF900F016FB08EE100A6AE04FF439
:103210007A7097FBF0F000EE100AB8EEC00A4FF497
:103220007A7810EE100A00F04BF904000D0097FBBD
:10323000F8F008FB1078404602F0F0F8324A334BC1
:1032400002F00AF922002B0002F0D8F900F0F2FA9D
:1032500008EE100A46E042F2107097FBF0F000EE24
:10326000100AB8EEC00A42F2107810EE100A00F010
:1032700027F904000D0097FBF8F008FB1078404692
:1032800002F0CCF8224A234B02F0E6F822002B0091
:1032900002F0B4F900F0CEFA08EE100A22E0154868
:1032A00097FBF0F000EE100AB8EEC00ADFF8448099
:1032B00010EE100A00F004F904000D0097FBF8F07E
:1032C00008FB1078404602F0A9F8134A134B02F0AD
:1032D000C3F822002B0002F091F900F0ABFA08EEDF
:1032E000100AFFE7B0EE480ABDEC028BBDE8F081A2
:1032F00000000000A08601009A9999999999B93F18
:103300007B14AE47E17A843FFCA9F1D24D62503F75
:103310002D431CEBE2361A3FF168E388B5F8E43E32
:1033200010B42DED010A00206A460023042B07D2B9
:10333000D45C1900C9B2C9008C4020435B1CF5E77E
:1033400012BC70472DE9F74F82B000265FF0000AEB
:103350005FF0000B54465D46002000900127DDF829
:103360000C80DDF80890049810F0070F2BD104981A
:10337000C008002182468B4602F074FA4FF47A703E
:1033800002F088FA00200600300080B20021594582
:1033900017D801D3504514D2D8E9000104000D001C
:1033A00022002B004946002002F004FA07003800F2
:1033B000C0B2012805D019F1080918F10808761CD7
:1033C000E2E702F060FA3800C0B205B0BDE8F08F65
:1033D00070B50400012502F045FA06004FF47A703A
:1033E00002F058FA3000C0B200280FD1C4F3CC204C
:1033F000B0F5807F05D20121C4F3CC2002F0B6FAEB
:1034000004E00121C4F3CC2002F0B0FA4FF47A704A
:1034100002F040FA05000548016831F00201016040
:1034200002F031FA2800C0B270BD00001420024042
:103430002DE9F041C0B004000D00160000274FF444
:1034400080710022E8464046FEF7ACFF2000FFF7FF
:10345000BFFFA5208DF8000030008DF801005FF05F
:1034600000084046310080B289B288420AD2404604
:1034700080B2285C6946424692B21144887018F1C5
:103480000108EEE7B61C300080B20821B6B208365B
:10349000361A90FBF1F001FB0066320092B26946E9
:1034A0002000FFF74FFF002801D0002000E001209E
:1034B00040B0BDE8F0810268531C03601170704792
:1034C000C0F3C75181B1FF2906D0C110400721F0D8
:1034D000E04101F16051704741020CBF40F4E0014E
:1034E0006FF000410020704700F0004100020AD058
:1034F000B0FA80FC00FA0CF001F16051A1EB0C5124
:1035000001EBD0214005704770B44FF0004591EABF
:10351000030F42F17B806B40841A71EB030603D2E8
:10352000001BB141121973414FF4001C1CEB410FF9
:1035300034BF7CEB430442E00C0DA4EB1356352E54
:103540004FDC45EAC323DB0A45EAC121C912B6F1C3
:1035500020050DDD63FA05F6EB4086EA030512420D
:1035600018BF45F00105C01851F100010CD213E05D
:1035700062FA06F5F2405540F3415A40B340F34039
:103580005A408018594107D349085FEA30005FEA82
:10359000350528BF45F0010501F58011420875F198
:1035A000004250F1000041EB04514E0016F5001F9F
:1035B00070BC38BF70470020090D090570471CEB2F
:1035C000410F10D252EA43060BD0BCEB410F05D895
:1035D0000C0DAB43661E342EB6DD02E0AB43801803
:1035E000594170BC704770BC70472E00F0B540F276
:1035F000FF7581EA030C0CF0004C15EA11541DBF55
:1036000015EA1357AC42AF42E5E0BC41C1F31301E8
:10361000C3F31303801A994143F4801304D2641E48
:103620004000494180185941C90241EA5051B1FB5B
:10363000F3F603FB1611A2FB0675D7EBC020A941D8
:1036400002D2761E80185941C90241EA5051B1FB9D
:10365000F3FE03FB1E11A2FB0E75D7EBC020A941A0
:1036600003D2AEF1010E80185941890241EA90510E
:10367000760546EA8E2EB1FBF3F603FB1611A2FB8C
:103680000675D7EB8020A94102D2761E80185941D9
:10369000C90241EA50514EEA060EB1FBF3F603FBB4
:1036A0001611A2FB0675D7EBC020A94102D2761EE7
:1036B00080185941C90241EA5051B1FBF3F703FBAD
:1036C0001711A2FB0735D3EBC020A94167F1000712
:1036D0000CBF004247F0010766F3D5274FEA1E31C1
:1036E000B80814F5806412DDBD0775F1004250EB97
:1036F0000E5051EB045111F5801F5CBF41EA0C01E3
:10370000F0BD4CF07F6141F0E0410020F0BDBD070D
:103710006D0840EA0E5041F48011D4F10104B4F177
:1037200020060ADAC4F120060200E04001FA06F39E
:10373000E1401843B24015430EE0342C13DCC6F1CF
:10374000200445EA40056D0820FA06F2154321FAE7
:1037500006F0A1400D43002175F1004250F1000038
:1037600051EB0C01F0BD00205FEA0C01F0BDCFB9B8
:1037700092185B41B3FA83F704BFB2FA82F6BF191D
:103780000B3FB7F120062FBF02FA06F3BB40C7F18B
:10379000200622FA06F638BF3343BA401CB1E419BA
:1037A000641E33E77F4231F00041B1FA81F404BF77
:1037B000B0FA80F6A4190B3CB4F120062FBF00FA32
:1037C00006F1A140C4F1200620FA06F638BF3143C5
:1037D000A0403C1B1AE7AC421ABF05EA1357AF42A0
:1037E00012E050EA41061CBF52EA4306BFE750EA26
:1037F0004107304661461CBF41EA0551F0BD52EA1F
:10380000430C08BFC143F0BD00204FF4001616EB77
:10381000410F98BF16EB430F08BF16EB410F24BFB3
:10382000C14305E016EB430F0CBF61464CEA05515E
:10383000F0BD000001F000428B1AA3F16051B1F518
:10384000801F0ADBB1F17F6F1FD242EAC102C100C3
:1038500071F1004142EB507070470B15C3F1090341
:10386000212B10D2890241EA90518002012849415E
:1038700041F0004121FA03F0C3F12003994071F1B6
:10388000004150417047100070476FF0000013EB8B
:10389000103F5CBF000E42EAC050704770B5040094
:1038A00001F090FC0500260016F1010F02D004483B
:1038B0000078361801F086FC401BB042FAD370BD88
:1038C000530A002010B50400002C01D1012035E07E
:1038D000A0690028FFD1E06F002805D1002084F8FE
:1038E0007800200002F0EAF82420E06720680068F1
:1038F0004008400021680860606A002802D020006B
:1039000000F038FC200000F0B9FA012801D10120B4
:1039100014E02068406830F49040216848602068D6
:10392000806830F02A00216888602068006850F0C4
:10393000010021680860200000F089FC10BD2DE91D
:10394000FC4706000D0017009846F06F202859D15B
:10395000002D03D0380080B2002801D1012052E0B0
:103960000020C6F884002120F06701F02BFC81467E
:10397000A6F85070A6F85270B068B0F5805F05D117
:103980003069002802D10024AA4602E02C005FF032
:10399000000AB6F85200002822D0CDF800804B462D
:1039A00000228021300000F0BBFC002803D0202042
:1039B000F067032027E0002C08D1BAF80000C0050A
:1039C000C00D316808851AF1020A03E020783168D9
:1039D0000885641CB6F85200401EA6F85200D8E7CD
:1039E000CDF800804B4600224021300000F098FCCA
:1039F000002803D02020F067032004E02020F06797
:103A0000002000E00220BDE8F68770B505000C003C
:103A10001600D5F88000202824D1002C03D03000D7
:103A200080B2002801D101201DE00020286628680E
:103A3000DFF8441488420ED02868406800020AD596
:103A4000286850E8000F50F0806001002A6842E8C2
:103A500000100028F4D1320092B22100280000F0BA
:103A6000AEFC00E0022070BD70B50400E56FD4F834
:103A7000806020688068000624D5212D22D120682E
:103A8000083050E8000F30F080000100206810F18D
:103A9000080242E800100028F1D1206F00280ED063
:103AA000206F02F0A7FA002809D0206F02F074FB03
:103AB000202804D11020C4F8840003202CE020002A
:103AC00000F053FD20688068400624D5222E22D1C4
:103AD0002068083050E8000F30F0400001002068F6
:103AE00010F1080242E800100028F1D1606F0028B0
:103AF0000ED0606F02F07EFA002809D0606F02F0ED
:103B00004BFB202804D11020C4F88400032003E0DC
:103B1000200000F038FD002070BD2DE9F0470600C0
:103B20003068C7693068D0F800803068D0F80890F5
:103B300040F60F043C40002C0BD1B80609D55FEAD3
:103B4000886006D5B06E002802D03000B16E88477C
:103B50008FE1002C00F0AA805FEAC97005D4DFF87D
:103B60000C0618EA000F00F0A18017F00100C0B2A7
:103B700000280BD05FEAC85008D5012031680862E0
:103B8000D6F8840050F00100C6F88400B8070DD5BF
:103B900019F00100C0B2002808D002203168086284
:103BA000D6F8840050F00400C6F8840078070DD5DC
:103BB00019F00100C0B2002808D004203168086262
:103BC000D6F8840050F00200C6F88400380710D5FB
:103BD0005FEA886004D419F00100C0B2002808D060
:103BE000082031680862D6F8840050F00800C6F852
:103BF000840038050CD55FEA481009D54FF4006001
:103C000031680862D6F8840050F02000C6F88400BD
:103C1000D6F88400002848D0B80608D55FEA886046
:103C200005D5B06E002802D03000B16E8847D6F8B6
:103C30008400050030688068400602D415F0280F23
:103C40002DD0300000F09FFC30688068400622D5FF
:103C50003068083050E8000F30F040000100306854
:103C600010F1080242E800100028F1D1706F00281E
:103C70000DD0DFF8FC04716F8863706F02F0E4F917
:103C8000002812D0706F716F896B88470DE030008B
:103C900002F0D6FA09E0300002F0D2FA05E0300076
:103CA00002F0CEFA0020C6F88400E2E0306E01286F
:103CB00040F0BD80F80640F1BA805FEAC86040F18C
:103CC000B6801020316808623068806840066DD583
:103CD000706F0068D0F804A0504680B2002852D01F
:103CE0005046B6F8581080B288424CD2A6F85AA076
:103CF000706F00680068800639D4306850E8000FA3
:103D000030F480700100326842E800100028F4D1DD
:103D10003068083050E8000F40084000010030686B
:103D200010F1080242E800100028F1D13068083094
:103D300050E8000F30F040000100306810F1080238
:103D400042E800100028F1D12020C6F880000020B1
:103D50003066306850E8000F30F010000100326823
:103D600042E800100028F4D1706F02F043F90220FD
:103D70007066B6F85810B6F85A00091A89B23000C1
:103D800002F040FA11E05046B6F8581080B288426E
:103D90000BD1706F00680068800606D5022070663F
:103DA000B6F85810300002F02DFA62E0B6F858006C
:103DB000B6F85AA0B0EB0A0AB6F85A00002835D077
:103DC000504680B2002831D0306850E8000F30F4FF
:103DD00090700100326842E800100028F4D1306889
:103DE000083050E8000F400840000100306810F132
:103DF000080242E800100028F1D12020C6F8800017
:103E0000002030660020B066306850E8000F30F0C7
:103E100010000100326842E800100028F4D10220AE
:103E20007066514689B2300002F0ECF921E0F802E8
:103E30000AD55FEA492007D55FF48010316808622F
:103E4000300002F08DFA14E0380609D55FEA086008
:103E500006D5F06E002802D03000F16E884708E0E9
:103E6000780606D55FEA486003D5300000F055FCBF
:103E7000FFE7BDE8F0870000008000402DE9F04733
:103E800004000026DFF8A81920688842FFD0A26845
:103E90002069024360690243E069024320680368C5
:103EA000DFF89009034013432068036020684368EB
:103EB00033F44053E068034320684360D4F818802B
:103EC0002068884202D0206A50EA0808206880688A
:103ED00030F4306058EA0000226890602068DFF813
:103EE000482A904216D1DFF8440A006810F0030017
:103EF000002805D0022805D006D3032806D007E005
:103F0000012760E002275EE004275CE008275AE012
:103F1000102758E02068DFF8182A904217D1DFF800
:103F20000C0A006810F00C00002806D0042808D005
:103F3000082804D00C2806D007E0002743E0022719
:103F400041E004273FE008273DE010273BE02068E0
:103F5000DFF8E029904217D1DFF8D009006810F0AF
:103F60003000002806D0102808D0202804D030289F
:103F700006D007E0002726E0022724E0042722E0FD
:103F8000082720E010271EE0206888421AD1DFF8B9
:103F90009C09006810F44060002809D0B0F5806FDB
:103FA0000AD0B0F5006F05D0B0F5406F06D007E03D
:103FB000002708E0022706E0042704E0082702E0C3
:103FC000102700E010272068884246D13800C0B290
:103FD000002806D0022808D0042809D008280BD0D1
:103FE0000DE002F02DFE81460DE0DFF84C990AE06D
:103FF00002F0B9FD814606E04FF4004903E05FF0AE
:10400000000901200600B9F1000F00F0A5806168E9
:1040100003204143894505D361684FF480504143F3
:10402000494502D20120060096E04FF48072606894
:1040300040080021E2FB09016268002301F0C8F892
:104040000500B5F5407F05D3B5F5801F02D2206885
:10405000C56081E0012006007EE0E069B0F5004F18
:1040600041D13800C0B2002808D001280AD0022867
:104070000CD004280DD008280FD011E002F0E0FD8C
:10408000814611E002F0E9FD81460DE0DFF8A898D5
:104090000AE002F068FD814606E04FF4004903E0C3
:1040A0005FF0000901200600B9F1000F54D06068EC
:1040B000400810EB49006168B0FBF1F00500102DDD
:1040C0000ED3B5F5803F0BD24FF6F0712940C5F302
:1040D000420001438A46504680B22168C8603BE0F6
:1040E0000120060038E03800C0B2002808D00128BE
:1040F0000AD002280CD004280DD008280FD011E0D7
:1041000002F09EFD814611E002F0A7FD81460DE020
:10411000DFF824980AE002F026FD814606E04FF41D
:10412000004903E05FF0000901200600B9F1000F2B
:1041300012D0606819EB50006168B0FBF1F0050027
:10414000102D07D3B5F5803F04D2280080B2216836
:10415000C86001E0012006000020A0660020E066A3
:104160003000C0B2BDE8F08700000000200100046C
:104170000147000890F82410090707D501684A682C
:1041800032F40042416B0A4301684A6090F82410FF
:10419000C90707D501684A6832F40032816A0A43C8
:1041A00001684A6090F82410890707D501684A68B9
:1041B00032F48032C16A0A4301684A6090F82410E0
:1041C000490707D501684A6832F48022016B0A4327
:1041D00001684A6090F82410C90607D501688A680A
:1041E00032F48052816B0A4301688A6090F824108F
:1041F000890607D501688A6832F40052C16B0A4308
:1042000001688A6090F82410490613D501684A684D
:1042100032F48012016C0A4301684A60016CB1F506
:10422000801F07D101684A6832F4C002416C0A431A
:1042300001684A6090F82410090607D501684A68A9
:1042400032F40022816C0A4301684A60704738B535
:1042500004000020C4F8840000F0B4FF05002068CA
:10426000006800071DD57FF07E4000902B000022E3
:104270005FF40011200000F053F8002811D02068EE
:1042800050E8000F30F080000100226842E8001082
:104290000028F4D12020E067002084F87800032073
:1042A0003DE02068006840072CD57FF07E400090FC
:1042B0002B0000225FF48001200000F031F800287C
:1042C00020D0206850E8000F30F490700100226880
:1042D00042E800100028F4D12068083050E8000FB0
:1042E000400840000100206810F1080242E8001078
:1042F0000028F1D12020C4F88000002084F8780044
:1043000003200CE02020E0672020C4F8800000207B
:10431000206600206066002084F87800002032BD0E
:104320002DE9F04105000E0090461F00069C28680C
:10433000C0693040B04201D1012000E00020414678
:10434000C9B2884238D114F1010FF0D000F03AFF21
:10435000C01B844201D3002C01D103202DE028682A
:1043600000684007E3D5802EE1D0402EDFD02868DA
:10437000C06900070DD5082029680862280000F0F0
:1043800002F90820C5F88400002085F87800012093
:1043900013E02868C0690005C9D54FF4006029689A
:1043A0000862280000F0EFF82020C5F88400002003
:1043B00085F87800032000E00020BDE8F08130B4EB
:1043C00003005965A3F85820A3F85A2000209866E6
:1043D0009868B0F5805F0BD11869002804D140F2CD
:1043E000FF10A3F85C0023E0FF20A3F85C001FE0AF
:1043F000986800280AD11869002803D1FF20A3F883
:104400005C0015E07F20A3F85C0011E09868B0F133
:10441000805F0AD11869002803D17F20A3F85C00CF
:1044200006E03F20A3F85C0002E00020A3F85C0057
:104430000020C3F884002220C3F8800018680830E8
:1044400050E8000F50F001000400186810F1080552
:1044500045E800400028F1D19868B0F5805F06D1AA
:104460001869002803D10FF2D130986602E00FF2EC
:10447000D5209866186900280BD0186850E8000FFE
:1044800050F4907004001D6845E800400028F4D105
:104490000AE0186850E8000F50F0200004001D6882
:1044A00045E800400028F4D1002030BC704770B5CA
:1044B00004000D0016006565A4F858600020C4F8DB
:1044C00084002220C4F88000606F002821D00FF201
:1044D0001510616FC8620FF2B110616F08630FF2BF
:1044E000D110616F48630020616F886333009BB215
:1044F000626D206810F12401606F01F02FFD00282B
:1045000007D01020C4F884002020C4F880000120C7
:104510002AE0206900280AD0206850E8000F50F4F3
:1045200080700100226842E800100028F4D1206861
:10453000083050E8000F50F001000100206810F131
:10454000080242E800100028F1D12068083050E845
:10455000000F50F040000100206810F1080242E80E
:1045600000100028F1D1002070BD016851E8001F43
:1045700031F0C0010A00036843E800210029F4D1AA
:104580002021C1677047016851E8001F31F4907124
:104590000A00036843E800210029F4D101680831CA
:1045A00051E8001F490849000A00016811F1080399
:1045B00043E800210029F1D1016E01290AD10168E7
:1045C00051E8001F31F010010A00036843E80021A0
:1045D0000029F4D12021C0F88010002101660021BB
:1045E0008166704738B50400A56A206800688006B7
:1045F0003AD40020A5F85A00286850E8000F30F49B
:10460000807001002A6842E800100028F4D1286870
:10461000083050E8000F400840000100286810F101
:10462000080242E800100028F1D12868083050E85C
:10463000000F30F040000100286810F1080242E845
:1046400000100028F1D12020C5F88000286E012834
:104650000AD1286850E8000F30F0100001002A68E5
:1046600042E800100028F4D100206866286E012876
:1046700005D1B5F85810280001F0C4FD02E028006B
:1046800001F0A6FD31BD000038B50400A56A012087
:104690006866286E012807D1B5F85810490889B214
:1046A000280001F0AFFD02E0280002F059FB31BD07
:1046B000F8B50400A56AEE6FD5F8807028688068A8
:1046C000000607D5212E05D10020A5F852002800AC
:1046D000FFF74BFF28688068400607D5222F05D1D9
:1046E0000020A5F85A002800FFF74DFFD5F88400F8
:1046F00050F01000C5F88400280001F0A1FDF1BDC4
:1047000038B50400A56A0020A5F85A000020A5F8D5
:104710005200280001F094FD31BD10B5040020685E
:1047200050E8000F30F040000100226842E800101D
:104730000028F4D12020E0670020E066200002F08D
:1047400010FB10BD70B50500B5F85C60D5F88000B1
:10475000222866D12868808C040016EA0400696D5E
:104760000870686D401C6865B5F85A00401EA5F8D1
:104770005A00B5F85A00002859D1286850E8000FAF
:1047800030F4907001002A6842E800100028F4D14B
:104790002868083050E8000F4008400001002868F1
:1047A00010F1080242E800100028F1D12020C5F8DD
:1047B00080000020A8660020686628681C4988429E
:1047C0000ED02868406800020AD5286850E8000F1B
:1047D00030F0806001002A6842E800100028F4D11F
:1047E000286E012819D100202866286850E8000F9B
:1047F00030F0100001002A6842E800100028F4D1CF
:104800002868C069C00602D5102029680862B5F87A
:104810005810280001F0F6FC09E0280001F0D8FC4F
:1048200005E02868008B50F008002968088370BDF7
:1048300000800040F369FFEFF8B50500B5F85C7043
:10484000D5F88000222867D12868808C0400686D24
:10485000060017EA04003080686D801C6865B5F8B2
:104860005A00401EA5F85A00B5F85A00002859D140
:10487000286850E8000F30F4907001002A6842E880
:1048800000100028F4D12868083050E8000F4008D4
:1048900040000100286810F1080242E800100028DA
:1048A000F1D12020C5F880000020A86600206866AD
:1048B0002868224988420ED02868406800020AD53C
:1048C000286850E8000F30F0806001002A6842E854
:1048D00000100028F4D1286E012819D10020286684
:1048E000286850E8000F30F0100001002A6842E804
:1048F00000100028F4D12868C069C00602D5102035
:1049000029680862B5F85810280001F07BFC09E01E
:10491000280001F05DFC05E02868008B50F00800DD
:1049200029680883F1BD000000380140881002406A
:1049300000440040004800400024F4000080004093
:1049400002000020704730B40200DFF8380700236F
:1049500004688588635583885B1C8380DFF828376B
:104960001B7804688588635583885B1C83800120DD
:1049700030BC7047F8B504000D00002000212E0067
:1049800022683300DBB2D25C23683700FFB23B44BD
:104990005F7857EA02273A0092B2B2F5807F23DAB5
:1049A000380080B200281FD0DFF8D8062168320016
:1049B000D2B2895C02688388D1548188491C818085
:1049C00021683200D2B21144497802688388D154F8
:1049D0008188491C8180DFF8B00641783800C0B278
:1049E00000F057F9012000E00020F2BD30B40200D1
:1049F000DFF89006002304688588635583885B1C74
:104A00008380DFF884365B78046885886355838803
:104A10005B1C8380012030BC7047F8B504000D009A
:104A2000002000212E0022683300DBB2D25C236814
:104A30003700FFB23B445F7857EA02273A0092B250
:104A40000B2A1FDADFF83C0621683200D2B2895CFB
:104A500002688388D1548188491C81802168320092
:104A6000D2B21144497802688388D1548188491CA4
:104A700081803900C9B2DFF81006007800F009F92A
:104A8000012000E00020F2BDF8B504000D00002672
:104A9000DFF8F80590ED010AFEF742FC0100DFF8AF
:104AA000E4050A00120A03688788DA558288521CD6
:104AB000828002688388D1548288521C82800A00D6
:104AC000120E03688788DA558288521C82800A0099
:104AD000120C03688788DA558288521C8280012074
:104AE000F2BDF8B504000D000026DFF8A00590ED3A
:104AF000020AFEF715FC0100DFF888050A00120A19
:104B000003688788DA558288521C8280026883880D
:104B1000D1548288521C82800A00120E0368878852
:104B2000DA558288521C82800A00120C036887883A
:104B3000DA558288521C82800120F2BDF8B504004B
:104B40000D000026DFF8480590ED010AFEF7E8FBAE
:104B50000100DFF830050A00120A03688788DA5579
:104B60008288521C828002688388D1548288521CB9
:104B700082800A00120E03688788DA558288521CE8
:104B800082800A00120C03688788DA558288521CDA
:104B900082800120F2BD2DE9F84304000D000026BB
:104BA000002000900027A84620684146C9B208446A
:104BB000817820684246D2B21044C07850EA012081
:104BC00021684246D2B2895C22684346DBB21A446D
:104BD00092F8019059EA012959EA0049DFF8A40442
:104BE00021684246D2B2895C02688388D1548188A8
:104BF000491C818021684246D2B21144497802683A
:104C00008388D1548188491C818021684246D2B270
:104C10001144897802688388D1548188491C818035
:104C200021684246D2B21144C97802688388D154BF
:104C30008188491C818069464846FEF7F1F8DFF813
:104C4000500400994160012101700521DFF84404FE
:104C5000FDF7EAFB0120BDE8F28370B504000D000A
:104C6000DFF83464012220213000FDF79CFF0A2088
:104C7000FEF714FE4FF47A732A0092B22100DFF897
:104C80001C04FEF75CFE002220213000FDF78BFFA4
:104C900070BD7CB504000D00082100226E46300076
:104CA000FDF780FB0026DFF8E003047045706946DD
:104CB00002783300DBB2CA54761C40783200D2B29C
:104CC0008854761C3200D2B292B26946DFF8D00323
:104CD000FEF7AEFB73BDDFF8C8030078C0B2FF2853
:104CE0000AD0DFF8A403DFF8BC1309780170DFF8FD
:104CF000B8130978417005E0DFF88C031A210170C0
:104D00000321417070472DE9F04F87B00400002760
:104D10005FF000085FF000090025DFF89023D2E97A
:104D20000001CDE902010026DFF88423D2E9000169
:104D3000CDE90401DFF84CA3504602F05BF8A088EF
:104D40000828C0F29B812068A188084410F8010C53
:104D50002168A288114411F8021C51EA0021ADF823
:104D60001810A188891E2068FDF779FBADF81A009C
:104D7000BDF81A00BDF81810884240F07D81206807
:104D80000078C1490978884240F0768120688078AF
:104D90002168CF7857EA002720684078032805D09B
:104DA00006286CD0102800F0C38061E120680079EB
:104DB0002168497951EA00210D005FF00108404661
:104DC000C0B2062836DA5FF01409DFF8E8B24046D0
:104DD000C0B209FB00F058444068390089B28842EB
:104DE00025D1280080B24146C9B209FB01F15944DE
:104DF000896888421BDB002100204246D2B209FBB1
:104E000002F25A44D268904701280FD14046C0B2FE
:104E100009FB00F0584480682D1A4046C0B209FBD7
:104E200000F90BEB09008068C71900E002E018F1F7
:104E30000108C4E7BAF8040000281FD0BAF804003B
:104E4000022190FBF1F201FB1200002816D1DAF8E2
:104E500000000190BAF80400022190FBF1F080B24A
:104E600000903B009BB203222068017804A8FDF764
:104E7000D6FBBDF814100498FFF7EFFEFAE004200B
:104E80000100C9B2A288921E91420EDA2168020086
:104E9000D2B2895C029ABDF80C30D154BDF80C1026
:104EA000491CADF80C10401CEAE75FF001084046D1
:104EB000C0B2062817DA14227E4B4046C0B25043D7
:104EC00018444068390089B2884209D1002102A8FB
:104ED000C4465FFA8CFC02FB0CF21A44126990473C
:104EE00018F10108E3E7BAF8040000281FD0BAF867
:104EF0000400022190FBF1F201FB1200002816D100
:104F0000DAF800000190BAF80400022190FBF1F0F9
:104F100080B200903B009BB206222068017804A872
:104F2000FDF7CEFBBDF814100498FFF796FEA1E044
:104F300000200600206800792168497951EA0021A3
:104F40000D0007200100C9B2A288921E91420EDA1C
:104F500021680200D2B2895C029ABDF80C30D154AB
:104F6000BDF80C10491CADF80C10401CEAE72800F5
:104F700080B240002168897988424DD1BDF80C008B
:104F80002168897989B2884246D15FF0010840469C
:104F9000C0B2062840DA5FF01409DFF818B14046C5
:104FA000C0B209FB00F058444068390089B2884219
:104FB0002FD1280080B24146C9B209FB01F1594402
:104FC0008968884225DB310089B202A84246D2B204
:104FD00009FB02F25A4412699047012818D1404651
:104FE000C0B209FB00F058448068400010FA86F611
:104FF0004046C0B209FB00F0584480682D1A404674
:10500000C0B209FB00F90BEB09008068C71900E08A
:1050100002E018F10108BAE7BAF80400002826D027
:10502000BAF80400022190FBF1F201FB1200002803
:105030001DD1206880782168C97851EA00210F00CD
:10504000DAF800000190BAF80400022190FBF1F0B8
:1050500080B200903B009BB210222068017804A827
:10506000FDF72EFBBDF814100498FFF7F6FD01E0E4
:10507000002004E0012002E0002000E0002007B052
:10508000BDE8F08F9C040020500A0020202500205D
:105090007C050020E404002000040048D41E002009
:1050A000000002080200020803000208B0FD000828
:1050B000B8FD0008F803002062B38B0708D0521E29
:1050C00011F8013B00F8013B00F024808B07F6D17A
:1050D000830740F0208000BF103A07D330B4B1E816
:1050E0003810103AA0E83810F9D230BC530724BF6A
:1050F000B1E80810A0E8081044BF51F8043B40F89C
:10510000043BD20724BF31F8022B20F8022B44BF06
:105110000B7803707047121F17D35B0009D151F849
:10512000043B20F8023B1B0C121F20F8023BF6D276
:105130000BE051F8043B00F8013B1B0A20F8023B4E
:105140001B0C121F00F8013BF3D238BF121D521E78
:1051500024BF11F8013B00F8013BF8D8704700006C
:1051600080B5012215491648FEF74FFC00220121A7
:10517000272001F094FF272001F0A6FF01BD704712
:1051800038B504000B480D490A78036885885A55DC
:105190008288521C8280828840F2FF139A4201D397
:1051A0000022828001220648FEF72FFC01200249DE
:1051B000087031BD000A00207526002074260020EA
:1051C0005C1F002001480068704700BF2C260020AB
:1051D000BBBBE1B1B2F5803F80F07E80022A1ED9D0
:1051E0008C46B1FBF2F102FB11C31B0443EA1043EE
:1051F000B3FBF2FC02FB1C3380B240EA0343B3FB77
:10520000F2F002FB103240EA0C4000237047022A01
:1052100005D98446B0FBF2F002FB10C270474AB1D8
:1052200005D100F0010249085FEA30007047002212
:105230000023704701F06EBF0B0002000021002028
:105240007047904271EB030CF6D3B3F5803F2FD239
:10525000F0B5B3FA83F7B1FA81F4A7F10F0E3D1B55
:105260005340CEF1200602FA0EF2F3415340B5F15D
:105270000F0746D80F3C2C444140C4F12006A04003
:10528000F1414140B1FBF3F603FB1611A2FB0645C9
:10529000001BA94102D2761E8018594180EA010202
:1052A00021FA0EF362FA0EF200215A403046F0BDA8
:1052B00030B4B1FBF3FC03FB1C11A2FB0C45001B3B
:1052C000A94103D2ACF1010C8018594130BC02460F
:1052D0000B46604600217047B2F1807F65D3F0B580
:1052E000B2FA82F7B1FA81F4C7F10F063D1B22FA38
:1052F00006F307F1110EF24120355A40B5F10F07C0
:10530000B8D94140C4F12006A040F1414140B1FB71
:10531000F3FC03FB1C11A2FB0C45001BA94103D2AB
:10532000BCF1010C801859410F2F12D30F3FC90354
:1053300041EA5041B1FBF3F603FB1611A2FB06450F
:10534000D4EBC030A94102D2761E8018594146EAFA
:10535000CC3C07B34140C7F12006B840F141414081
:10536000B1FBF3F603FB1611A2FB0645001BA94196
:1053700002D2761E8018594180EA010221FA0EF30A
:10538000C7F1200462FA0EF20CFA07F05A402CFA28
:1053900004F13043F0BD80EA010221FA0EF300214E
:1053A00062FA0EF260465A40F0BD8C46B1FBF2F153
:1053B00002FB11C31B0243EA1063B3FBF2FC02FBC6
:1053C0001C331B024CEA002043EA1063B3FBF2FCDF
:1053D00002FB1C331B024CEA002043EA1063B3FBC0
:1053E000F2FC02FB1C331B024CEA002043EA106370
:1053F000B3FBF2FC02FB1C324CEA00200023704796
:10540000014648B1B0FA80F18840C91CC1F58461F9
:10541000090501EBD021400570470000C11768B1B4
:105420004840401AB0FA80F29040D21CC907C2F539
:10543000846241EA025202EBD0214005704700002D
:1054400041EC100B01BD80B553EC112B51EC100B4E
:1054500001F062FEF4E70000B0B581EA030C0CF045
:10546000004C40F2FF7515EA11541DBF15EA1357A1
:10547000AC42AF4239E0E41923EA455343F48013C8
:10548000C90241F0004141EA505EC7021100A7FB8A
:10549000020200284FF00000EEFB01204FF0000157
:1054A000E3FB072118BF42F00102401800214941E7
:1054B000E3FB0E01A4F580640F0302D252004041C9
:1054C000494154F101046CDD470872F1004250F18A
:1054D000000051EB0451A1F580115CBF41EA0C01C1
:1054E000B0BD4CEA05510020B0BD05EA1357AC42EF
:1054F00014BFAF4241E050EA410E1CBF52EA430ED6
:1055000002E061460020B0BD24423C441BD15FEA6A
:10551000070EF6D0090302BF01460020AEF1140EBB
:10552000B1FA81F7AEEB070401FA07FE0C37C7F1B9
:10553000200100FA07F7C8404EEA000E23EA45535F
:1055400043F48013A2E733F00043B3FA83F704BFB8
:10555000B2FA82FE77440B3FE41BB7F1200E2FBF57
:1055600002FA0EF3BB40C7F1200E22FA0EFE38BF3E
:1055700043EA0E03BA40641C82E750EA410E14BFAE
:1055800052EA430E6FF000014FF4001717EB430F80
:105590008ABF194617EB410FB5E74CEA05510020C9
:1055A000B0BDD4F10104B4F120070FDAC4F1200733
:1055B000520828BF42F0010210FA07F501FA07F776
:1055C000E1BF2A43E0403843E1400FE0352C98DC4E
:1055D000C7F1200452EA400220FA07F218BF42F055
:1055E000010231FA07F0A1400A43002172F10042A2
:1055F00050F1000051EB0C01B0BD000070B44FF051
:10560000004591EA030F7DF587AF6B40841A71EB7B
:10561000030604D26E40001BB141121973414FF4CE
:10562000001C1CEB410F34BF7CEB430683E00C0DE8
:10563000A4EB1356362E00F37C80012E45EAC323DB
:1056400041DC43EA525312BFD20292025B082405A6
:1056500045EAC12141EA5051D2EBC020994125D4FD
:1056600007D1B0FA80F610FA06F162D00020203699
:1056700008E0B1FA81F6B140C6F1200220FA02F248
:105680001143B0404FEAF474B4EB465434F00106D1
:105690004FEA74040AD8D6F50016760D04F00044DB
:1056A000F04061FA06F25040F1404840C00A40EA3A
:1056B000415021F0004128BF5FEA500550F1000041
:1056C00044EBD12135E0DB0A45EAC121C90AB6F134
:1056D00020050EDD42EA0242120CC5F1200603FA53
:1056E00006F6EB4042EA06056D42984161F1000181
:1056F0000DE062FA06F5F240554063FA06FC82EAD4
:105700000C02F3405A406D42904161EB030111F4E9
:10571000801F05D1641E620502D06D0040414941E1
:1057200021F48011430875F1004350F1000041EB72
:10573000045170BC70471CEB410F15D223F000439D
:1057400052EA43060BD04FEA4C0CBCEB410F04D895
:105750000C0D661E342EB7DDEBE7801A994150EA36
:10576000410608BF0021E4E708BF1CEB430F28BF38
:105770006FF00001DDE70000C1F30A5340F2FE3292
:105780009B1A14DDD3F120034FEAE17208DDC90250
:1057900041EA505141F00040D840801850407047D5
:1057A00003F2E13010B1D24382F000407047002094
:1057B000704700002DE9F84F82468B4614001D000B
:1057C0000026DFF884713878012801D1022047E0F3
:1057D000012038704CF25038404600F05BF88146AA
:1057E0004846C0B2002837D100207860DFF85C015D
:1057F0000168490506D5016831F480610160022025
:10580000387701E000203877BAF1000F07D1220085
:105810002B00584600F071F8012006000FE0BAF1A5
:10582000010F02D0BAF1020F09D12100584600F051
:1058300071F8BAF1020F02D15FF4802006004046F1
:1058400000F028F88146002E04D0DFF8040101683A
:10585000B143016000F09FF8002038704846C0B2A4
:10586000BDE8F28F00203A490A68002A09D53C4A6F
:105870003C4B13603C4B13600968002901D50121A2
:105880000800C0B270473248016851F00041016021
:105890000020704770B50400FFF794FC05002D4A06
:1058A0001068C00309D514F1010FF8D0FFF78AFC86
:1058B000401BA042F3D303201EE01168264801409C
:1058C000002913D0204843680B43436011F0404F38
:1058D00005D0224B1E6811F0404006431E60880030
:1058E00002D021F040401060012005E01068C007A0
:1058F00001D501201060002070BD10B414490C685F
:1059000054F001040C600260BFF36F8F011D0B6047
:1059100010BC704770B4402304000D000C4A166898
:1059200056F480261660EFF3108272B62E68266059
:10593000241D2D1D5B1E1E00F6B2002EF6D182F333
:10594000108870BC70470000540300200020024003
:105950001420024010200240FAC302001820024026
:105960000820024023016745AB89EFCD10B4DFF872
:105970009820136833F47E73C40014F4FF64234347
:105980001360136853F002031360136853F48033F9
:10599000136010BC7047DFF86800017F0A00D2B2C4
:1059A000012A03D00A00D2B2032A11D1DFF8542011
:1059B000136833F400731360136853F400631360C7
:1059C000136833F400631360136853F400731360B7
:1059D0000A00D2B2022A03D00A00D2B2032A0CD1A2
:1059E000084A136853F480531360136833F48053E8
:1059F0001360136853F480631360002202777047CA
:105A000054030020002002401420024080B5D448F6
:105A1000D44901605FF4E1314160002181600021DF
:105A2000C160002101610C214161002181610021DF
:105A3000016200214162FDF745FF002801D001F01D
:105A400042FF01BD80B5C848C84901604FF41651F6
:105A50004160002181600021C160002101610C21B1
:105A60004161002181610021C161002101620021A9
:105A70004162FDF727FF002801D001F024FF01BD9E
:105A800080B5BB48BB4901604FF41651416000210D
:105A900081600021C160002101610C214161002170
:105AA00081610021C1610021016200214162FDF795
:105AB00009FF002801D001F006FF01BD38B59EB0F6
:105AC000040014220021684601F0FFFE602200213C
:105AD00006A801F0FAFE2068A249884252D120208F
:105AE00006900020119006A801F0FAFE002801D0CF
:105AF00001F0E9FEA048016851F001010160006871
:105B000010F00100059005989C48016851F00201D1
:105B10000160006810F00200059005984FF44060A5
:105B200000900220019000200290032003900820A2
:105B3000049069469248FCF797FE924D924828607F
:105B4000042068600020A8600020E86080202861B0
:105B5000002068610020A8610020E8610020286220
:105B6000280000F021F9002801D001F0ACFE6567A3
:105B7000AC6200220021462001F091FA462001F09B
:105B8000A3FAABE020687949884251D10120069000
:105B900000200E9006A801F0A3FE002801D001F01D
:105BA00092FE7A48016851F480410160006810F467
:105BB0008040059005987148016851F0020101602C
:105BC000006810F0020005900598C02000900220A7
:105BD0000190002002900320039007200490694662
:105BE0006748FCF741FE6A4D6A48286002206860F9
:105BF0000020A8600020E860802028610020686103
:105C00000020A8610020E86100202862280000F040
:105C1000CBF8002801D001F056FE6567AC62002287
:105C20000021252001F03BFA252001F04DFA55E036
:105C300020685049884251D10420069000201090DD
:105C400006A801F04DFE002801D001F03CFE5248AC
:105C5000016851F480210160006810F480200590F3
:105C600005984648016851F004010160006810F091
:105C70000400059005984FF44060009002200190C8
:105C800000200290032003900720049069464348B7
:105C9000FCF7EAFD424D434828600220686000207E
:105CA000A8600020E8608020286100206861002052
:105CB000A8610020E86100202862280000F074F844
:105CC000002801D001F0FFFD6567AC6200220021D1
:105CD000272001F0E4F9272001F0F6F91FB030BDCC
:105CE00010B5040020681F49884210D1224801687D
:105CF0004908490001604FF440612148FCF795FED6
:105D0000606F00F0C1F8462001F0E5F927E0206857
:105D1000164988420FD11D48016831F48041016065
:105D2000C0211748FCF781FE606F00F0ADF8252018
:105D300001F0D1F913E020680E4988420FD11648CE
:105D4000016831F4802101604FF440611348FCF791
:105D50006CFE606F00F098F8272001F0BCF910BDD0
:105D60004C1E002000800040D41E0020003801405E
:105D70005C1F0020004800405C1002404C100240B4
:105D8000000400488023002080040240601002408C
:105D9000C823002058000240581002400008004864
:105DA000102400203000024030B40100002901D14D
:105DB000012067E00868624A90420AD20A68614896
:105DC00082181420B2FBF0F0800048645E4808643A
:105DD00009E00A685D4882181420B2FBF0F08000E8
:105DE00048645B480864022081F82500086802685E
:105DF0006FF30E128B68C868034308690343486950
:105E0000034388690343C8690343086A03431A4389
:105E1000086802608868B0F5804F2AD0086C4A4B49
:105E2000984213D14B4803680F2491F8445015F061
:105E30001C05AC40A343036003684C6891F84450D0
:105E400015F01C05AC402343036012E04248036890
:105E50000F2491F8445015F01C05AC40A343036097
:105E600003684C6891F8445015F01C05AC4023437E
:105E700003600020C863012081F82500002081F81C
:105E80002400002030BC704710B40100002901D16B
:105E9000012053E008680068400840000A6810606C
:105EA0000868274A90420AD20A68264882181420B5
:105EB000B2FBF0F0800048642348086409E00A68F7
:105EC000224882181420B2FBF0F080004864204879
:105ED000086400200A681060012091F8442012F044
:105EE0001C0290400A6C5060086C174A90420AD11C
:105EF000184802680F2391F8444014F01C04A34092
:105F00009A43026009E0144802680F2391F8444064
:105F100014F01C04A3409A4302600020C8620020D1
:105F2000086300204863002088630020C8630020C5
:105F300081F82500002081F82400002010BC704763
:105F400008040240F8FFFDBF00000240F8FBFDBF5F
:105F500000040240A8000240A80402402DE9F041DC
:105F600004000D0016001F005FF0000894F82400E4
:105F7000012801D102203BE0012084F8240094F89C
:105F8000250001282DD1022084F825000020E0639F
:105F90002068006840084000216808603B0032002B
:105FA0002900200000F0FAF8206B002806D02068B5
:105FB000006850F00E00216808600BE0206800685F
:105FC00030F00400216808602068006850F00A0082
:105FD000216808602068006850F0010021680860AE
:105FE00004E0002084F82400022080464046C0B22D
:105FF000BDE8F0810100002291F82500022806D0BA
:106000000420C863002081F8240001201BE00868F8
:10601000006830F00E000B681860086800684008DF
:1060200040000B681860012091F8443013F01C0305
:1060300098400B6C5860012081F82500002081F801
:1060400024001000C0B2704738B50400002594F851
:106050002500022804D00420E063012005001FE091
:106060002068006830F00E00216808602068006831
:106070004008400021680860012094F8441011F0A5
:106080001C018840216C4860012084F82500002014
:1060900084F82400A06B002802D02000A16B884760
:1060A0002800C0B232BD70B50400206C05682068BD
:1060B0000668042094F8441011F01C0110FA01F154
:1060C0000D4219D0710717D521680968890605D4D2
:1060D0002168096831F004012268116094F84410C5
:1060E00011F01C018840216C4860206B002852D0C0
:1060F0002000216B88474EE0022094F8441011F0F4
:106100001C0110FA01F10D421FD0B1071DD5216805
:106110000968890608D42168096831F00A012268F3
:106120001160012184F8251094F8441011F01C012D
:106130008840216C4860002084F82400E06A002830
:1061400029D02000E16A884725E0082094F844100F
:1061500011F01C01884005421DD030071BD5206876
:10616000006830F00E0021680860012094F84410A7
:1061700011F01C018840216C48600120E06301207F
:1061800084F82500002084F82400606B002802D0E9
:106190002000616B884770BDC06B704730B401242C
:1061A00090F8445015F01C05AC40056C6C60046818
:1061B00063608468102C04D10468A2600468E16004
:1061C00003E00468A1600468E26030BC704700002E
:1061D00038B50400404D20682968884202D101206A
:1061E00001F064FF20683D490968884202D101201E
:1061F00002F074F820682968884202D10120FEF775
:10620000BFFF31BD70B504000D00334E206831680A
:10621000884203D1280080B201F048FF20682F494E
:106220000968884203D1280080B202F057F820683C
:106230003168884203D1280080B2FEF7A1FF70BD0B
:1062400010B50400244821680268914202D100215F
:10625000234A11702168214A1268914202D1022119
:106260001F4A117021680068814202D104201C4934
:10627000087002211B48FCF7C8F810BD1CB5184C6B
:1062800020780090184B00220021032002F04EF8E5
:10629000207800280ED101F002FF14480188491C23
:1062A00001800188142903DB0021018001F0DAFE5E
:1062B00001F0DCFE20782078022803D102F00DF8EE
:1062C00001F0FCFF20782078042803D1FEF757FF67
:1062D000FEF746FF13BD00005C1F0020D41E002007
:1062E000792600207803002084F700086826002023
:1062F00070B505000C001600D5F8800020282DD1BF
:10630000002C03D0300080B2002801D1012026E00B
:106310000120286600206866320092B22100280021
:10632000FEF7C5F801000800C0B2002813D1286E9E
:1063300001280ED110202A681062286850E8000F4A
:1063400050F0100002002B6843E800200028F4D130
:1063500001E0012001000800C0B200E0022070BD91
:10636000704700002DE9FE4F0500002D01D10120EE
:106370003AE3DFF80499D9F8004014F00C04DFF890
:106380001889D8F8007017F003072878C00640F184
:10639000C680002C03D00C2C7AD1012F78D1DFF8E5
:1063A000D4A8DAF80000800704D5A869002801D134
:1063B000012019E3DAF80000000704D5DAF800003C
:1063C00010F0F00005E0DFF860090068000910F047
:1063D000F000296A88421ED2286A00F05FFC00287B
:1063E00001D0012000E3DAF8000050F00800CAF8FC
:1063F0000000DAF8001031F0F001286A0143CAF811
:106400000010DFF82809016831F47F41EA6951EA98
:10641000022101601FE0DAF8000050F00800CAF81D
:106420000000DAF8001031F0F001286A0143CAF8E0
:106430000010DFF8F808016831F47F41EA6951EA99
:1064400002210160002C06D1286A00F027FC0028F8
:1064500001D00120C8E200F086FBDFF8D418D9F89B
:106460000020C2F30312895C11F01F01C840DFF85D
:106470000C180860DFF80808006802F075F88DF85D
:1064800000009DF80000002849D09DF80000ABE214
:10649000A86900282DD0DFF8DC97D9F8000050F06B
:1064A0000100C9F80000FEF78DFE0600D9F80000D3
:1064B000800706D4FEF786FE801B0328F6D3032050
:1064C00092E2D9F8000050F00800C9F80000D9F8AD
:1064D000001031F0F001286A0143C9F80010DFF81C
:1064E0004C08016831F47F41EA6951EA02210160F8
:1064F00015E0DFF88097D9F8000040084000C9F89F
:106500000000FEF75FFE0600D9F80000800706D500
:10651000FEF758FE801B0328F6D3032064E2287898
:10652000C00754D5082C03D00C2C0BD1032F09D154
:10653000DFF840070068800349D56868002846D125
:10654000012051E26868B0F5803F06D1DFF82407EA
:10655000016851F48031016018E06868B0F5A02F3F
:106560000AD1DFF81007016851F480210160016849
:1065700051F48031016009E0DFF8F806016831F478
:1065800080310160016831F4802101606868002871
:106590000ED0FEF717FE0600DFF8D806006880036D
:1065A00015D4FEF70FFE801B6528F5D303201BE2F0
:1065B000FEF708FE0600DFF8BC060068800306D57B
:1065C000FEF700FE801B6528F5D303200CE2287837
:1065D000800752D5042C03D00C2C15D1022F13D1D7
:1065E000DFF890060068400504D5E868002801D16E
:1065F0000120F9E1DFF83407016831F0F8512A6928
:1066000051EA0261016038E0E86800281FD0DFF835
:106610006496D9F8000050F48070C9F80000FEF7C5
:10662000D1FD0600D9F80000400506D4FEF7CAFDEA
:10663000801B0328F6D30320D6E1DFF8F0060168BB
:1066400031F0F8512A6951EA0261016015E0DFF882
:106650002496D9F8000030F48070C9F80000FEF7E5
:10666000B1FD0600D9F80000400506D5FEF7AAFDE9
:10667000801B0328F6D30320B6E1287800072ED527
:106680006869002815D0DFF8A096D9F8000050F00E
:106690000100C9F80000FEF795FD0600D9F80000DA
:1066A00080071CD4FEF78EFD801B0328F6D3032041
:1066B0009AE1DFF87496D9F8000040084000C9F864
:1066C0000000FEF77FFD0600D9F80000800706D520
:1066D000FEF778FD801B0328F6D3032084E1287899
:1066E000400740F181805FF00009DFF848A6DAF842
:1066F0000000C0000DD4DAF8000050F08050CAF855
:106700000000DAF8000010F080500190019801209C
:106710008146DFF824B6DBF80000C00513D4DBF8AF
:10672000000050F48070CBF80000FEF74BFD06002F
:10673000DBF80000C00506D4FEF744FD801B0328EB
:10674000F6D3032050E1A868012806D1DFF8EC0554
:10675000016851F00101016017E0A86805280AD11D
:10676000DFF8D805016851F004010160016851F0BB
:106770000101016009E0DFF8C4050168490849002A
:106780000160016831F004010160A868002810D0A0
:10679000FEF718FD0600DFF8A4050068800719D48D
:1067A000FEF710FD801B41F289318842F3D30320AC
:1067B0001AE1FEF707FD0600DFF880050068800794
:1067C00008D5FEF7FFFC801B41F289318842F3D3E4
:1067D000032009E14846C0B2012805D1DAF80000DB
:1067E00030F08050CAF80000287880062ED5686AFC
:1067F000002815D0DFF84895D9F8000050F00100C6
:10680000C9F80000FEF7DEFC0600D9F8000080079A
:106810001CD4FEF7D7FC801B0328F6D30320E3E04B
:10682000DFF81C95D9F8000040084000C9F80000C6
:10683000FEF7C8FC0600D9F80000800706D5FEF771
:10684000C1FC801B0328F6D30320CDE0A86A0028F2
:1068500000F0C980A86A022840F0A380D8F80000A0
:10686000070017F00300E96A884222D117F0700090
:10687000296B491EB0EB011F1BD117F4FE40696B59
:10688000B0EB012F15D117F07840A96BB0EBC16FB9
:106890000FD117F4C000E96B4908491EB0EB415F06
:1068A00007D117F0C060296C4908491EB0EB416F51
:1068B00057D00C2C53D0DFF8BCA3DAF8000040010D
:1068C00001D5012090E0DAF8000030F08070CAF8BD
:1068D0000000FEF777FC8146DAF80000800107D55A
:1068E000FEF770FCB0EB09000328F5D303207BE032
:1068F000D8F80010DFF84C040140E86A0143286B27
:10690000401E51EA0011686B51EA0021E86B400813
:10691000401E51EA4051286C4008401E51EA406137
:10692000A86B51EAC061C8F80010DAF8000050F016
:106930008070CAF80000D8F8000050F08070C8F8E5
:106940000000FEF73FFC0600DAF8000080014AD4A0
:10695000FEF738FC801B0328F6D3032044E0012017
:1069600042E0DFF81093D9F8000080013BD4D9F859
:10697000000050F08070C9F80000D8F8000050F016
:106980008070C8F80000FEF71DFC0600D9F8000072
:10699000800128D4FEF716FC801B0328F6D30320C1
:1069A00022E00C2C1DD0DFF8CC92D9F8000030F09A
:1069B0008070C9F80000FEF705FC0600D9F8000059
:1069C000800106D5FEF7FEFB801B0328F6D30320CB
:1069D0000AE0D8F80010DFF870030140C8F8001092
:1069E00001E0012000E00020BDE8FE8F2DE9F0412C
:1069F00004000D00002C01D10120B2E0DFF84C733F
:106A0000386810F00700A8420BD23868C008C000F0
:106A100028433860386810F00700A84201D00120F0
:106A20009FE0207880070DD5DFF84C12086810F041
:106A3000F000A268904205D20A6832F0F002A06825
:106A400002430A602078C00742D56068032806D157
:106A5000DFF82002006880011CD4012081E060681A
:106A6000022806D1DFF80C020068800312D401204E
:106A700077E06068002806D1DFF8F8010068800739
:106A800008D401206DE0DFF8EC010068400501D476
:106A9000012066E0DFF8E081D8F80010890889005D
:106AA00060680143C8F80010FEF78CFB0600D8F8B8
:106AB000000010F00C006168B0EB810F08D0FEF709
:106AC00081FB801B41F289318842F0D3032048E0EA
:106AD000207880070CD56849A0680A6812F0F00297
:106AE000904205D20A6832F0F002A06802430A60C0
:106AF000386810F0070085420BD23868C008C00023
:106B000028433860386810F00700A84201D00120FF
:106B100027E02078400706D557490A6832F4E0623A
:106B2000E06802430A602078000707D552480168F0
:106B300031F46051226951EAC201016000F013F89A
:106B4000DFF8EC114C4A1268C2F30312895C11F0B1
:106B50001F01C840494908604948006801F004FD28
:106B6000C0B2BDE8F0812DE9F04100260020424985
:106B7000096811F00C01DFF820C1DCF8007017F093
:106B80000307002903D00C291AD1012F18D1DFF8EF
:106B9000E4E0DEF800805FEA087806D4DFF888E1F8
:106BA000DEF800E0CEF3032E03E0DEF800E0CEF3E3
:106BB000031E674E56F82E6000290CD130000AE003
:106BC000042903D1DFF88CE1704604E0082902D1E2
:106BD000DFF884E170460C292DD1DCF800E01EF0CE
:106BE000030E73469E46BEF1020F03D0BEF1030FA3
:106BF00003D005E0DFF85CE103E0DFF85CE100E0F2
:106C0000B646DCF80020C2F30212521C1500DCF874
:106C10000020C2F3062202FB0EFEBEFBF5F2DCF8FA
:106C200000C0CCF3416C1CF1010C5FEA4C0C6446D3
:106C3000B2FBF4FC6046BDE8F08110480068704784
:106C400080B5FFF7FAFF45490B4A1268C2F30222EA
:106C5000895C11F01F01C84002BD80B5FFF7EDFF50
:106C60003E49054A1268C2F3C222895C11F01F0135
:106C7000C84002BD0010024008100240740300200A
:106C8000500300202849086810F07E400A6852F43A
:106C900000020A60704700000C1002407CB504003E
:106CA0000025244E3068C00003D501F08DFC0100A2
:106CB0000FE0306850F080503060306810F0805045
:106CC0000090009801F080FC0100306830F08050A6
:106CD0003060B1F5007F09D1812C15D3A12C02D3EE
:106CE0000220050010E0012005000DE0812C02D3F8
:106CF0000320050008E0802C02D10220050003E0FB
:106D0000702C01D10120050010480268D208D20081
:106D10002A430260006810F00700A84201D0012059
:106D200000E0002076BD00009410024004100240F4
:106D3000A0F9000858100240007000409010024076
:106D4000981002408C809D01FCFFEEFE0020024066
:106D5000A4F500080024F40000127A00A8FD000841
:106D60007047704738B504000D00DFF8FC0101687A
:106D7000200000F006F8A84201D3012000E0002026
:106D800032BD814204D25FF0FF32101A081800E0D1
:106D9000081A704738B52DED048B08EE100A0C0068
:106DA0001500DFED438A2800C0B2FB2810DBB8EEE7
:106DB000C89A2800C0B24042C0B200F08BF829EE59
:106DC000009A00212000B0EE490A00F0B1F80EE070
:106DD000B8EEC89A2800C0B200F07CF889EE009A9C
:106DE0002900C9B22000B0EE490A00F0A1F8BDECBC
:106DF000048B31BD10B400210A00838892B29A42FC
:106E000006D2002203680C00A4B21A55491CF3E70D
:106E10000022828010BC704710B4040013005A1E78
:106E20009BB2002B02D02170641CF7E710BC7047A6
:106E300070B504000D001600DFF824010078210071
:106E4000C9B2884209D3DFF824211068002804D091
:106E5000310089B228001268904770BD38B504002F
:106E60000D00280001F0FAFB020092B22900200078
:106E7000C0B2FFF7DDFF31BD70B504000D00280082
:106E800001F0ECFB020092B229002000C0B2FFF733
:106E9000CFFFDFF8DC603068002807D0280001F061
:106EA000DDFB010089B228003268904770BD000008
:106EB0000000000030B404000D0013005A1E9BB205
:106EC000002B04D02B7823706D1C641CF5E730BCBC
:106ED0007047000010B504002000C0B2FB2816DB8C
:106EE0002000C0B2D0F58070FEF798FA41EC110B8B
:106EF0009FED200BFEF7A7FA53EC102B0020194949
:106F0000FCF774FBFCF796FC00EE100A0FE0200083
:106F1000C0B2FEF775FA41EC110B9FED160BFEF7B0
:106F200092FA51EC100BFCF785FC00EE100A10BD34
:106F300038B52DED028B82B0B0EE408A04000D0012
:106F400018EE100AFCF7BCFACDE900012A000B4943
:106F5000200001F09FFB02B0BDEC028B31BD0000B0
:106F6000540A00200000F03F4C2600205426002048
:106F700050260020000000000000244088FE000889
:106F800010B410F00703DFF8684122684FF6FF01E4
:106F90000A40DFF8601151EA03210A43226010BC65
:106FA0007047DFF84C010068C0F302207047000012
:106FB000010049B200290AD4012210F01F018A40C1
:106FC000DFF8341103005BB25B0941F823207047FE
:106FD000010049B200290DD4012210F01F018A409E
:106FE000464903005BB25B0941F82320BFF34F8F92
:106FF000BFF36F8F704710B4020052B2002A05D45D
:107000000A013F4B040064B21A5508E00A013D4BE7
:10701000040064B214F00F04234403F8042C10BCE1
:10702000704770B4030013F00704D4F1070005287B
:1070300001D3042001E0D4F10700251D072D01D262
:10704000002500E0E51E012616FA00F0401E014072
:10705000A94016FA05F56D1E2A401143080070BCC0
:10706000704710B50400601EB0F1807F01D301208D
:107070000EE0601E244908600F215FF0FF30FFF72B
:10708000BAFF00202149086007202149086000203C
:1070900010BD10B504002000FFF772FF10BD2DE9F0
:1070A000F04104000D0016000027FFF77AFF80462C
:1070B000320029004046FFF7B4FF0100200040B233
:1070C000FFF799FFBDE8F08110B50400200040B241
:1070D000FFF76EFF10BD10B50400200040B2FFF7AF
:1070E00077FF10BD10B504002000FFF7BAFF10BDF8
:1070F0000CED00E00000FA0500E100E080E100E0B6
:1071000000E400E018ED00E014E000E018E000E02A
:1071100010E000E0704700002DE9F04D2DED0A8BE6
:1071200041EC190B43EC182B51EC180B20F0000428
:1071300031F0004508BF002C84B000F0088353EC08
:10714000192B0020DFF88C1601F0C4FA00F0FF8242
:10715000DFF8141601F0BEFA08D151EC180B480004
:107160004015401C02D1090300F0F18251EC190BCB
:1071700048004015401C00F00E8251EC190B31F014
:10718000004108BF002800F0068251EC180B4800AF
:107190004015401C00F0FF8151EC180B4B0043EAF6
:1071A000D0734200002B08BF002A04D1B0EE48AAD9
:1071B000F0EE68AA19E040F23344A4EB5352352AAA
:1071C00004DB00F0000001F000410CE0202A03DDA8
:1071D000203AD140914000E001D1002003E0002A94
:1071E000C4BFD040904041EC1A0B51EC190BC80FB2
:1071F0000BD053EC182B51EC1A0B01F06BFA04D0A6
:10720000AFF300809FED3F9BA3E253EC192B23F0DB
:107210000041B1F5801F22F000000DD200220029AC
:1072200008BF0028009216D06A4651EC190B01F0F5
:1072300061FA41EC190B0EE0DFF8AC45DFF82C7574
:1072400004EB115000903B40DFF82405924643EADE
:10725000000B4BEC19AB51EC190BC80F36D021F0D9
:10726000004053EC192B034643EC192B51EC1A0B3D
:107270004B0043EAD0734200002B08BF002A04D120
:10728000B0EE4A0AF0EE6A0A19E040F23444A4EB88
:107290005352352A04DB00F0000001F000410CE0FD
:1072A000202A03DD203AD140914000E001D10020A6
:1072B00003E0002AC4BFD040904041EC100B53ECD7
:1072C0001A2B51EC100B01F005FA01D1002600E059
:1072D0000126009801281DD151EC190BDFF89424E8
:1072E000DFF8943401F03EFA14D253EC192B00204D
:1072F0004FF08041FEF7B0F800279FED04BB41EC52
:10730000190B27E0FFFFFFFFFFFFFF7F00000000DA
:107310000000F03F53EC192B0020DFF86014FEF75B
:107320009BF89FED78AB53EC1A2BFEF767F9FEF74D
:1073300023FAA0F120042046FEF770F80022DFF8BF
:107340004034FEF789F853EC1A2BFEF757F941EC5D
:107350001B0B670151EC190B53EC1B2BFCF7D4F8FA
:1073600041EC1A0B53EC192B51EC1B0BFEF746F9B1
:1073700002460B4651EC1A0BFCF738F941EC190B9D
:1073800053EC192BFEF768F841EC1C0B53EC1C2B4B
:10739000DFF8F003DFF8F013FEF75EF8DFF8EC2318
:1073A000DFF8EC33FEF72AF953EC1C2BFEF754F808
:1073B000DFF8E023DFF8E033FEF720F953EC1C2B75
:1073C000FEF74AF8DFF8D423DFF8D433FEF716F9D6
:1073D00053EC1C2BFEF740F8DFF8C823DFF8C83366
:1073E000FEF70CF953EC1C2BFEF736F8DFF8BC2344
:1073F000DFF8BC33FEF702F953EC1C2BFEF72CF838
:10740000DFF8B023DFF8B033FEF7F8F853EC1C2BAD
:10741000FEF722F853EC1A2BFCF776F804460D46DB
:107420000020DFF8B01353EC1B2BFCF76DF80022A3
:107430004FF08043FEF710F822462B46FEF7DEF8A9
:1074400053EC192BFEF708F841EC100BDFF86C0336
:10745000784400F55A70074453EC1A2B51EC100B8A
:10746000FEF7CCF841EC190B0098FDF7D7FFD7E9F0
:107470000023FEF7C3F841EC1A0B53EC192BDFF88D
:107480004003DFF84013FDF7E7FF53EC1A2BFEF73C
:10749000B5F853EC182BFDF7DFFF0022DFF8283397
:1074A00001F060F941EC1B0B69D30122C74B01F0DD
:1074B00071F961D9C80F53EC1B2B1ABF0020C449C6
:1074C000AB49FEF79BF8FEF757F90022C14BCDE917
:1074D00001238046CDF8008053EC192B51EC180B9A
:1074E000FDF7BAFF04460D46D7E90201D7E90423A8
:1074F000FEF784F853EC182BFDF7AEFF9FEDB6BBFB
:1075000004E000BF000000000000E03F53EC1B2B34
:10751000FDF7A2FF22462B46FEF770F807468B4682
:1075200053EC1A2B51EC180BFDF796FF04460D4651
:107530004046FDF773FF02460B4620462946FBF7FF
:10754000E3FF53EC1B2BFDF787FF3A465B46FEF744
:1075500055F8DDE9012301F035F941EC190B31F063
:10756000004108BF00280AD051EC190B4800401513
:10757000401C06D1090304D19FEDA09B01E09FEDC3
:107580009B9B002E00F0E58051EC190B81F000412F
:1075900041EC190BDDE051EC190B48004015401C83
:1075A00002D1090340F0D58051EC180B480040157A
:1075B000401C06D1090304D0B0EE489AF0EE689A58
:1075C000C7E051EC180B480001244015401C61D065
:1075D00051EC180B4B0043EAD0734200002B08BF5C
:1075E000002A04D1B0EE48AAF0EE68AA19E040F2F1
:1075F0003345A5EB5352352A04DB00F0000001F0BF
:1076000000410CE0202A03DD203AD140914000E007
:1076100001D1002003E0002AC4BFD040904041ECDB
:107620001A0B53EC182B51EC1A0B01F053F818BF3E
:1076300000244B0043EAD0734200002B08BF002A0D
:1076400004D1B0EE4A0AF0EE6A0A19E040F234457D
:10765000A5EB5352352A04DB00F0000001F0004195
:107660000CE0202A03DD203AD140914000E001D116
:10767000002003E0002AC4BFD040904041EC100B32
:1076800044B153EC1A2B51EC100B01F023F80CBF52
:107690000024012451EC190B48004015401C0AD16C
:1076A000090308D151EC190BC80F21D153EC182B49
:1076B000DA0F49D040E051EC180B48004015401C4F
:1076C0001ED109031CD153EC192B23F00041B1F555
:1076D000801F22F0000021D20022002908BF0028CC
:1076E00000921FD06A4651EC190B01F003F819E023
:1076F00051EC180BC80F01D1002C21E0E4B10AE0D5
:10770000002C1ABF51EC190BC80F002053EC182B9A
:10771000DA0F14D180B19FED329B1AE0324C04EBAA
:107720001150009051EC180BC80F009802D100289E
:107730000ADC01E0002807DD9FED2C9B09E0002812
:1077400018BF9FED2C9B04D19FED2C9B01E09FED7A
:10775000049B04B051EC190BBDEC0A8BBDE8F08D15
:10776000000000000000F03F0000F0BFFFFF0F80AE
:107770000000E03FCD3B7F669EA0E63F000050400A
:107780000000903FF7DE29BFD8F8C23FF4B3FECC2B
:107790001A99C33F62CB68D96F46C73FC6C912DA90
:1077A000C471CC3F4AE98A942449D23FF75F979944
:1077B0009999D93FBC5555555555E53F4471000041
:1077C000FE822B654715F73F0000E0C00000E04057
:1077D0000000E0BF0000F03FEF39FAFE422EE63F26
:1077E000000000000000008002FCFFFF000000001D
:1077F00000000000000000000000F0FF000000009A
:107800000000F07F80B501F0D1F900F013F801F02D
:10781000DFF901F0C5FA01F0F3FAFEF7F7F801F02D
:1078200005FB01F0ABFBFEF70DF9FEF729F900F0BF
:107830004FFBFEE710B596B04421002205AC2000B6
:10784000FAF7B0FD142100226C462000FAF7AAFDD9
:107850004FF4007000F0BEFE002801D000F033F8B5
:107860001820059001200A9001200B9000200C9018
:1078700060200D9002200F900120109001201190A7
:1078800028201290072013900220149002201590B7
:1078900005A8FEF767FD002801D000F014F80F20BE
:1078A000009003200190002002900020039000200F
:1078B000049004216846FFF799F8002801D000F0F1
:1078C00002F816B010BD72B6FEE710B504461046B9
:1078D0000A4601462046FAF765FD204610BD000025
:1078E0002DE9F84F05005FF0000800272868000523
:1078F00027D5686C00280DD0B0F5000F03D0B0F587
:10790000400F0DD00DE0DFF82403016851F4803101
:10791000016008E00021281D00F092F9804602E095
:1079200001E0012080464046C0B2002808D1DFF8BF
:107930000C130A6832F44002686C02430A6000E0EB
:107940004746286880037AD55FF00009DFF8E0A297
:10795000DAF80000C0000DD4DAF8000050F08050D2
:10796000CAF80000DAF8000010F08050009000988B
:1079700001208146DFF8BCB2DBF8000050F48070D3
:10798000CBF80000FDF71EFC0600DBF80000C00588
:1079900006D4FDF717FC801B0328F6D3032080468E
:1079A0004046C0B200283FD1DFF88CB2DBF80000BF
:1079B00010F440700400002C15D0E86D844212D001
:1079C000DBF8000030F440700400DBF8000050F4F5
:1079D0008030CBF80000DBF8000030F48030CBF8CA
:1079E0000000CBF80040E0070FD5FDF7EBFB0600E9
:1079F000DBF80000800708D4FDF7E4FB801B41F2B0
:107A000089318842F4D3032080464046C0B2002822
:107A100008D1DBF8001031F44071E86D0143CBF878
:107A2000001002E0474600E047464846C0B2012841
:107A300005D1DAF8000030F08050CAF8000028784C
:107A4000C00707D5DFF8F4110A6892089200286A87
:107A500002430A602878800707D5DFF8E0110A683A
:107A600032F00C02686A02430A602878400707D5A2
:107A7000DFF8C8110A6832F03002A86A02430A60CF
:107A80002878800607D5DFF8B4110A6832F440621E
:107A9000E86A02430A602868800507D5DFF89C1170
:107AA0000A6832F44022E86B02430A602868400505
:107AB00007D5DFF888110A6832F44012286C0243B7
:107AC0000A602878400607D5DFF870110A6832F49A
:107AD0004052286B02430A602878000607D5DFF879
:107AE0005C110A6832F44042686B02430A602868FD
:107AF000C00507D5DFF844110A6832F44032A86B9C
:107B000002430A602868800420D5DFF830110A6833
:107B100032F04062A86C02430A60A86CB0F1006FBA
:107B200006D1DFF80801016851F4801101600DE011
:107B3000A86CB0F1806F09D10121281D00F080F8F8
:107B400080464046C0B2002800D04746286800035F
:107B500020D5DFF8E8100A6832F04062E86C024392
:107B60000A60E86CB0F1006F06D1DFF8C000016870
:107B700051F4801101600DE0E86CB0F1806F09D123
:107B80000121281D00F05CF880464046C0B2002864
:107B900000D047462868400320D5DFF8A0100A68C7
:107BA00032F04062286D02430A60286DB0F1006F28
:107BB00006D1DFF87800016851F4801101600DE012
:107BC000286DB0F1806F09D10121281D00F038F82F
:107BD00080464046C0B2002800D04746286840048E
:107BE00015D5DFF858100A6832F04052686D02432C
:107BF0000A60686DB0F1805F09D10221281D00F094
:107C00001FF880464046C0B2002800D0474628688A
:107C1000000407D5DFF824100A6832F08042A86D0E
:107C200002430A603800C0B2BDE8F28F0C10024077
:107C3000581002400070004090100240881002402E
:107C40002DE9F04105000C0000275949086810F0A3
:107C5000030F12D0086810F003002A68904209D17F
:107C60002868002806D00868C0F30210401C696824
:107C7000884232D0012007002FE02868012804D074
:107C80001BD303280FD007D317E04A4800688007AA
:107C900001D40120070012E046480068400501D4E5
:107CA000012007000BE043480268920304D40068F7
:107CB000400301D40120070001E001200700380043
:107CC000C0B2002809D10A6832F073022868024362
:107CD0006868401E52EA00120A603800C0B20028EC
:107CE00061D1DFF8D080D8F8000030F08060C8F8AB
:107CF0000000FDF767FA0600D8F80000000106D57D
:107D0000FDF760FA801B0328F6D303200700380034
:107D1000C0B2002847D1002C0BD127490A68274858
:107D20000240A86852EA0022E86852EAC0620A608B
:107D30001CE0012C0DD120490A6821480240A868A6
:107D400052EA002228694008401E52EA40520A6066
:107D50000CE019490A681B480240A86852EA002250
:107D600068694008401E52EA40620A60D8F8000084
:107D700050F08060C8F80000FDF724FA0600D8F83B
:107D80000000000106D4FDF71DFA801B0328F6D37E
:107D9000032007003800C0B2002804D106490A6851
:107DA000A86902430A603800C0B2BDE8F081000053
:107DB0000C1002400010024010100240FF80FF072C
:107DC000FF809FFFFF80FFF910B5040001F01DFA4E
:107DD000012010BD38B50400DFF89414087800289D
:107DE0000ED101200870DFF88C048088DFF8881439
:107DF00008802100C9B2DFF88404FAF715FB22E0FD
:107E0000DFF87404DFF86C54AA8803889A4212D110
:107E100000200870AA8829680220FFF709F8A2A1AB
:107E20000220FFF71BF80121280001F093FA280037
:107E3000FEF7E0FF07E0A98801802100C9B2DFF862
:107E40003C04FAF7F1FA012032BD10B50400FEF748
:107E500015FA012010BD10B50400DFF8241403202A
:107E6000FFF70AF80421DFF81404FAF7DDFA01201D
:107E700010BD010001207047010001207047010082
:107E80000120704780B501F0DDF801F051FB01BD24
:107E90001CB500F04AF801F0C1FBFAF7ADF901F0AA
:107EA0001BFCFAF7A9F9DFF8DC43002000900FF281
:107EB000491300225FF0FF31200001F0CDF8DFF818
:107EC000C813200001F084F9200001F0EBF813BD85
:107ED000F8B50024FFF7D6FFFFF7DAFFDFF8AC13A1
:107EE0000320FEF7BBFFDFF8A8130320FEF7B6FF61
:107EF000DFF8A0130320FEF7B1FF00F097F8012888
:107F000003D14FF4FA60FBF7C9FC002500F01DF81F
:107F100006002E4301F08DFB07003743FAF7A6F960
:107F20003843040001F01CFCEFE780B500F09AF83C
:107F300000F09CF80FF2B500DFF85C1308600FF258
:107F4000D500DFF85813086001BD70B5002000248B
:107F500000252800C0B207283BDADFF8206328009C
:107F6000C0B2000130444078012830D12800C0B2AE
:107F7000042801D0012004002800C0B200013044D0
:107F8000406800280ED0FDF71DF92900C9B209018B
:107F900031444968401A2900C9B20901314489684D
:107FA000884214D300202900C9B209013144487025
:107FB000FDF708F92900C9B20901314448602800D9
:107FC000C0B22900C9B209013144C96888476D1C93
:107FD000BFE7AA4A92F84100002803D1042110000B
:107FE000FAF722FA2000C0B270BD000080B500216F
:107FF000A248FAF70AFA01BD10B50400A849032007
:10800000FEF72CFF05219D48FAF7FFF900F001F873
:1080100010BD704738B504000D004FF47A732A0084
:1080200092B221009F48FBF78AFC31BD38B500258C
:108030000024FEF727FE0100880110D4C8000ED4EA
:1080400088000CD448000AD4002908D4480102D57D
:108050000120040003E0080101D5012004002000F4
:10806000C0B232BD80B5FDF70BFD01BD80B5642205
:108070008D498C48FEF73CF98C480168096831F05D
:108080000401006801600020894908800022012164
:108090002720FFF704F82720FFF716F801BD80B569
:1080A0008048FBF7E1FC01BD0D0A00002DE9F0411D
:1080B0000400002500217E4A16887C4FF8690028BC
:1080C00023D16C48828812FA84F2B2F5966F01D3FC
:1080D000002282805FF000084146220089B292B2FD
:1080E00091420ED2016882881144424692B26E4B90
:1080F000C4461FFA8CFC13F80C308B5418F101089D
:10810000EAE781886118818077E03000230080B23F
:108110009BB2984229D2A01B05005648838813FAC7
:1081200085F3B3F5966F01D3002383805FF00008D9
:1081300041462B0089B29BB2994212D201688388D2
:10814000194443469BB2DFF860C1C6461FFA8EFE53
:108150001EFA86FE1CF80EC001F803C018F10108D3
:10816000E6E781886918818046E0D6F16400050061
:10817000404B988810FA84F010FA85F0B0F5966FAD
:1081800001D30020988000200100AC4689B21FFA7C
:108190008CFC614513D21968B3F804C0614484466D
:1081A0001FFA8CFCDFF800E180461FFA88F818FA05
:1081B00086F81EF808E001F80CE0401CE4E75FF0E8
:1081C00000084046210080B289B2884210D2186867
:1081D00099880844414689B2DFF8CCC0C6461FFAE8
:1081E0008EFE1CF80EC000F801C018F10108E8E787
:1081F00099882819411899801480F86900280AD1B3
:10820000642229492748FEF773F83868006830F07F
:1082100004003968086001211848FAF7F6F8BDE84B
:10822000F0810100234801600020704780B522489A
:10823000016851F480410160016831F480410160BE
:108240001848FDF74DFD002002BD38B504000D00B3
:10825000124A1068002804D0290089B22000126850
:1082600090470020134909688847002032BD00006C
:108270006E260020F00300206226002078030020F4
:10828000A0F70008B025002080A90300BCF6000874
:1082900030F700084CF70008442600205426002040
:1082A00068F700085C1F0020C8220020102400206E
:1082B00060260020302600204010024080B50122B8
:1082C00017491848FBF7A1FB002201212520FEF7E2
:1082D000E6FE2520FEF7F8FE01BD704738B5040024
:1082E0000D480F490A78036885885A558288521CC0
:1082F0008280828840F2FF139A4201D3002282805A
:1083000001220848FBF781FB012004490870022183
:108310000548FAF789F831BD080A002077260020C1
:1083200076260020D41E0020A40400202DE9F84762
:1083300085B005000E0014001F000020ADF80200FB
:108340005FF0000ADFF80C22107AA84202D27FF018
:10835000040055E0D0683040B04202D07FF0050004
:108360004EE05068002806D0002C04D00DF1020128
:1083700001A8526890470DF1380843463A004FF47F
:108380000071DFF8DC0101F062FF814600F0CFF8F8
:108390006946BDF8020010EB090080B200F076F8E3
:1083A00010F1010F28D05FF0000A5046BDF802100E
:1083B00080B2884210D201A8514689B2405CDFF8F1
:1083C0009811BDF800208854BDF80000401CADF89D
:1083D00000001AF1010AE8E743463A004FF4007141
:1083E000DFF87401BDF800C0604401F030FF00F018
:1083F000A3F800F008F803E000F09EF87FF0020018
:1084000006B0BDE8F08770B50024002500F099F8AB
:10841000002837D100F08BF84E4E308A718A88429E
:108420002ED0B07801280ED13188308A091AB18255
:108430000220B07000203080B08A002803D10020D4
:10844000B07000203082B07800280CD1308A718A58
:10845000884204D2718A308A091AB18203E0308AD4
:10846000D0F58060B0823C48318A0844050000F0B5
:1084700079F8B18A2800394A92689047040001E0EF
:1084800000F05AF8200040B270BD000070B4020045
:108490005FF0FF302F4B5C8A1D8AAC4216D15C8A9C
:1084A000D4F5806415002600ADB2B6B2B5422BD328
:1084B00015001E8AADB2B54226D201259D705D8A97
:1084C0001D801D8A2C0000255D821DE01C8A5D8AAE
:1084D000AC4216D25C8AD4F5806415002600ADB299
:1084E000B6B2B54210D315001E8AADB2B5420BD25A
:1084F00001259D705D8A1D801D8A2C0000255D82EE
:1085000002E01D8A5C8A2C1B15002600ADB2B6B2B3
:10851000B54209D25D8A0D805D8A15FA82F5AD05F6
:10852000AD0D5D820023180000B270BC7047094891
:10853000C18A491CC18270470648C18A491EC1824E
:1085400070470448C08A002801D1002000E00120C3
:10855000704700009825002008130020E8FB000861
:10856000081700207047000038B5040000251349A3
:10857000087800281DD04FF47A700978B0FBF1F02C
:108580000F490968B1FBF0F0FEF7ACFD00280DD1F2
:10859000102C08D2002221005FF0FF30FEF77FFD93
:1085A0000848046007E00120050004E00120050000
:1085B00001E0012005002800C0B232BD530A0020AE
:1085C0007403002050030020DFF88000006810F4DE
:1085D000C06070470200B2F5007F26D1DFF86C0062
:1085E000036813F4C063B3F5007F2CD0036833F441
:1085F000C06353F400730360DFF854000368322053
:108600004343DFF85000B3FBF0F0401C0100DFF8FB
:10861000480003685B0503D5002901D0491EF6E731
:10862000006840050FD503200EE0DFF82000036846
:1086300013F4C063B3F5806F05D0036833F4C063EF
:1086400053F4806303600020704700000070004016
:108650007403002040420F001470004000F1010339
:10866000810704D010F8011B820781B1FAD102689A
:10867000A2F10131914311F0803104BF50F8042F71
:10868000F6E709BAB1FA81F100EBD100401CC01A3B
:10869000704700000CB430B583B00A4606A90291B9
:1086A000044600250194009502AB01A908487844CE
:1086B0001E3001F0BDFE019A157000284EBF044621
:1086C0000198041B204603B030BC5DF80CFB00BFD2
:1086D000E7ADFFFF90420CD141EA030C50EA4C0C8D
:1086E00007D0994205D14FF4001C1CEB410F38BF55
:1086F0008942704710B5144600F002F8226010BDA0
:10870000C1F30A5343B14A0012F5001F28D2A3F265
:10871000FE32A1EB0251704750EA410C20D001F02B
:10872000004C31EA0C01B1FA81F204BFB0FA80F3D7
:10873000D2180B3AB2F120032CBF00FA03F191409A
:1087400041EA0C013EBFC2F1200C20FA0CF31943A0
:108750009040524240F2FD33D21A01EB0351704770
:10876000002270474FF4001C1CEB410F94BF1CEB20
:10877000430F09E041EA030C50EA4C0C52EA0C0C9E
:1087800003D2994208BF9042704714BF8B42824285
:10879000704700004FF4001C1CEB410F94BF1CEB12
:1087A000430F09E041EA030C50EA4C0C52EA0C0C6E
:1087B00003D28B4208BF8242704714BF9942904255
:1087C00070470000F8B52DED0A8B41EC1A0B4800FC
:1087D0004015109D401C43EC182B23D051EC1A0B74
:1087E00031F0004108BF00281CD051EC180B4800A4
:1087F0004015401C16D051EC180B31F0004108BF59
:1088000000280FD051EC1A0B0022DFF84833FFF795
:10881000A9FF80F0A38055EC184B9FED800B05F06D
:108820000042ACE051EC1A0B48004015401C02D14C
:10883000090340F0898151EC180B48004015401C99
:1088400001D1090353D151EC180B31F0004308BF9B
:10885000002A08D151EC1A0B48004015401C46D1A3
:10886000090344D10DE048004015401C12D1090312
:1088700010D151EC1A0B48004015401C37D10903A8
:1088800035D1AFF30080BDEC0A8B4FF0FF306FF0B5
:108890000041F4BD51EC1A0B31F0004108BF002833
:1088A00028D151EC180B4800400D05EB000234D1E3
:1088B00051EC180B31F0004108BF002806D02A46C1
:1088C00051EC180B02F098FD41EC180B51EC180B11
:1088D00020F0000231F0004308BF002A05D0480014
:1088E0004015401C03D1090301D1AFF3008051ECC6
:1088F000180B2BE151EC1A0B48004015401C26D1F7
:10890000090324D153EC1A2B51EC180BBDEC0A8B44
:1089100001B0BDE8F040FCF79FBD002AC8DD40F281
:10892000FF70824209DB9FED9F0B53EC102B01F08F
:1089300000410B4343EC182BC8E76FF31E5141EA8B
:10894000025155EC184B0D4645EC184BBEE755EC63
:10895000184B9FED320B05F0004210E001227E4BD8
:10896000FFF718FF11D89FED8F0B51EC100B55EC52
:10897000184BAFF3008005F0004040EA010251ECD3
:10898000100BBDEC0A8B1146F4BD53EC1A2B734847
:108990007349FCF761FD41EC100B53EC102B9FED7C
:1089A000719B03F0004251EC190B0C46144353EC3D
:1089B000192B51EC100B2346FCF720FEFCF7DCFED4
:1089C0000446FCF72BFD41EC1B0B53EC1B2B4FF02B
:1089D00078406649FCF740FD02460B4651EC1A0B05
:1089E000FAF792FD06460F4653EC1B2B604861498F
:1089F000FCF732FD02460B4630463946FAF784FD55
:108A000041EC1A0B21F0004100225B4BFFF7AAFE5C
:108A100008D2B0EE48AAF0EE68AA55E000000000C7
:108A20000000000053EC1A2B51EC1A0BFCF714FD5C
:108A300041EC1B0B53EC1B2B50485149FCF70CFD30
:108A4000504A514BFCF7DAFD53EC1B2BFCF704FDAD
:108A500041EC1C0B53EC1B2B4C484D49FCF7FCFC28
:108A60004C4A4D4BFCF7CAFD53EC1B2BFCF7F4FCB6
:108A700053EC192BFCF7C2FD53EC1A2BFCF7ECFC62
:108A800041EC190B53EC1C2BFCF7B8FD9FED43ABED
:108A900053EC1A2BFCF7B2FD06460F4651EC1C0BAB
:108AA00053EC192BFAF730FD53EC1A2BFCF7A6FD0B
:108AB00002460B4630463946FAF798FD53EC182B20
:108AC000FCF7CAFC41EC1A0B51EC1A0B2A194800AE
:108AD000400D02EB000319D0002B17DD40F2FF70B0
:108AE000834209DB9FED2F0B53EC102B01F000416B
:108AF0000B4343EC1A2B16E06FF31E5141EA03516E
:108B000055EC1A4B0D4645EC1A4B0CE051EC1A0B88
:108B100031F0004108BF002805D051EC1A0B02F0DB
:108B20006BFC41EC1A0B51EC1A0B20F0000231F0F7
:108B3000004308BF002A05D048004015401C03D15F
:108B4000090301D1AFF3008051EC1A0BBDEC0A8B85
:108B5000F4BD000000C89CC000C89C40FE822B658C
:108B60004715F73F000000000000E03F422EE63FBF
:108B7000F2E4D5BCE7E84B3E0000903C112E578153
:108B8000A03F503F5843128C8F71BC3F4BE8A5412A
:108B9000B752013F0BBDF3DAE8708C3F00000000D4
:108BA0000000F03F000000000000F07F10B500243E
:108BB0000320FEF76EFA0F20FFF7D6FC002802D044
:108BC0000120040001E002F0B5FC2000C0B210BD9D
:108BD00070B586B0142200216846FEF776FE6B4819
:108BE000016851F004010160016811F00401059170
:108BF0000599016851F080010160016811F0800160
:108C000005910599016851F001010160016811F0B9
:108C1000010105910599016851F0020101600168A7
:108C200011F0020105910599016851F008010160F8
:108C3000006810F0080005900598554C002243F29A
:108C4000C1312000F9F7AFFF00224FF4F8515FF077
:108C50009040F9F7A8FF4F4D002204212800F9F7B2
:108C6000A2FF4D4E002238213000F9F79CFF42F25E
:108C7000C13000900120019000200290002003905C
:108C800069462000F9F7F0FD4CF21E000090032029
:108C900001900020029069462000F9F7E5FD0B20C5
:108CA0000090032001900020029069463B48F9F7AC
:108CB000DBFD48F2FF0000900320019000200290AD
:108CC00069465FF09040F9F7CFFD2020009000202A
:108CD00001900020029069462000F9F7C5FD0720A9
:108CE0000090002001900020029069463000F9F7C2
:108CF000BBFD4FF4A640009003200190002002909D
:108D000069463000F9F7B0FD4FF4F85000900120AB
:108D10000190002002900020039069465FF090408F
:108D2000F9F7A2FD4FF4805000900120019000203F
:108D300002900320039069462000F9F795FD042076
:108D400000900120019000200290002003906946CD
:108D50002800F9F789FD18200090012001900020DB
:108D600002900020039069463000F9F77DFD202035
:108D7000009001200190002002900320039069469A
:108D80003000F9F771FD06B070BD00BF4C10024015
:108D900000080048000C004800040048001C00487F
:108DA00080B51648016851F002010160016811F0B8
:108DB000020100910099016851F001010160006811
:108DC00010F0010000900098002200210D20FEF715
:108DD00066F90D20FEF778F9002200210F20FEF73A
:108DE0005EF90F20FEF770F9002200214520FEF702
:108DF00056F94520FEF768F901BD00BF4810024052
:108E000080B50848084901600021416040F6FF71C3
:108E1000C1608160F9F7CBFC002801D0FEF753FD5B
:108E200001BD00BFC82500200030004018B591B03A
:108E30001422002101A8FEF748FD04220021684603
:108E4000FEF743FD2C22002106A8FEF73EFD484C0C
:108E500048482060002060607F20A060FF20E06024
:108E600000202061002060610020A0610020E061FE
:108E7000200002F07BFB002801D0FEF724FD00203B
:108E80008DF8040000208DF8050000208DF8060004
:108E90000020049000200590012201A9200002F08A
:108EA000CAFB002801D0FEF70EFD01208DF800005E
:108EB00001208DF8010001208DF8020000208DF8BE
:108EC000030001226946200002F063FC002801D063
:108ED000FEF7F9FC00208DF8180000208DF819002D
:108EE00000208DF81A000020079000200990002033
:108EF0000A9000200B9000200D9000200E90012081
:108F00008DF83C004FF480701090012206A92000DB
:108F100002F0CEFC002801D0FEF7D5FC12B010BD47
:108F200010B598B00400602200216846FEF7CDFC21
:108F300020681049884219D15FF4003000904FF446
:108F4000007017906846FEF7CBFC002801D0FEF7B2
:108F5000BAFC0948016851F4004101600022002177
:108F60002920FEF79CF82920FEF7AEF818B010BDB6
:108F7000FC240020002800409010024080B52C48BE
:108F80002C4901604FF482714160002181604FF4EF
:108F9000E061C16000210161002141614FF4007175
:108FA00081610021C1610021016200214162002133
:108FB00081620721C162002101630821416302F03F
:108FC0009DFE002801D0FEF77EFC01BD10B586B0E5
:108FD00004001422002101A8FEF777FC206815493F
:108FE000884222D11448016851F480410160006830
:108FF00010F48040009000981048016851F0020180
:109000000160006810F00200009000984FF42040CA
:10901000019002200290002003900320049005207C
:10902000059001A90648F9F71FFC06B010BD000025
:109030006422002000380040581002404C100240CA
:109040000004004880B50020DFF800130860DFF856
:1090500000030068804702BD2DE9F04104000D00C7
:1090600016001F00DDF81880002C18D038000028EA
:1090700015D0002020602800DFF8D412496A884704
:10908000606000202072002060720020A072E76003
:10909000C4F81080E67200206061002000E001202A
:1090A000BDE8F0812DE9F04704005FF00008002CD6
:1090B0003BD0200000F002F9002836D1607A002869
:1090C00033D160680700DFF88892D9F82000804724
:1090D0000600B74200D2370027600020207201202E
:1090E00060720020A072DFF864A2DAF800000028A5
:1090F00006D1D9F810008047200000F019F916E0D9
:10910000D9F81800804705002068281820602068DA
:10911000DAF800100968884203D2200000F008F94C
:1091200005E0200000F0EDF801E001208046404617
:10913000C0B2BDE8F0872DE9F04105000026002D02
:1091400040D0DFF80882D8F80070D8F8004001203D
:10915000A872D8F80000002836D000206872D8F82D
:109160000000A8421AD10020D8F800100872D8F8E0
:1091700000004069002809D0D8F800004069C8F80C
:109180000000D8F8000000F0A6F818E0DFF8C001F1
:10919000C06880470020C8F8000010E0002C0ED006
:1091A000AC4209D16069002802D064697C6102E0A8
:1091B000002004007C6102E027006469EEE70020E3
:1091C000060001E0012006003000C0B2BDE8F081D9
:1091D00070B504000D000026002C02D1012006000D
:1091E00010E028005A49496A88476060200000F072
:1091F00065F8002806D02000FFF79DFF2000FFF74C
:1092000051FF06003000C0B270BD2DE9F843504D4B
:10921000686980470600286980470700B7EB0608A1
:10922000DFF82891D9F8000000280FD0D9F8000005
:1092300004002068804504D22068B0EB080020605C
:1092400001E0002020606469002CF2D1D9F8000010
:10925000002824D0D9F800000068002806D0A869AA
:109260008047D9F800100968814218D2D9F8000067
:109270000400D9F800004069C9F8000000202072FD
:10928000002060722069E1688847E07A0128DDD11A
:10929000A07A0028DAD12000FFF704FFD6E7D9F83A
:1092A0000000002808D0D9F80000007A002803D177
:1092B000D9F8000000F00FF8BDE8F1830200234860
:1092C0000168002905D0914201D1012002E04969DD
:1092D000F7E70020704770B504001D4D286A8047ED
:1092E000060001202072A869804721683018814259
:1092F00003D2A8698047301820602068A968884791
:1093000070BD10B411490A6809684B695169002998
:1093100009D019680468A14202D21A005B69F5E716
:109320005061436102E050610021416110BC70470F
:1093300038B5050005480468002C01D000212172D1
:109340006C6105600068FFF7C6FF31BD482600204C
:10935000D4F500082DE9FC4704000D005FF0FF364E
:1093600000226E4BD3E90001CDE900015FF0000956
:109370004846A18880B2884224D22068494689B2F2
:10938000405C3D2805D02068494689B2405C3F28B2
:1093900000D117E02068494689B2405C41280EDBC5
:1093A0002068494689B2405C5B2808DA2068494653
:1093B00089B2405C203021684A4692B2885419F143
:1093C0000109D5E700273800C0B2462880F2A28004
:1093D000DFF84C8121003800C0B200014044083061
:1093E00002F021FF0600002E00F192803800C0B28A
:1093F000000140444068002800F08A803800C0B274
:10940000000140444068002808D14FF47A73A288D4
:1094100021004448FAF793FA01207CE0DFF808A124
:109420005046FDF7E7FC0020010089B2A288921B9C
:10943000914223DA21683144020092B2895C3F29CB
:109440000AD021683144020092B2895C3D2903D0E0
:10945000BAF80410802900DB10E0216831440200D2
:1094600092B2895CDAF80020BAF80430D154BAF824
:109470000410491CAAF80410401CD5E73900C9B2F1
:1094800009014144898916FA81F6B1464846A18806
:1094900080B2884226D22068494689B2405C0D28B5
:1094A0000CD1484680B2A188491E884206DA20685D
:1094B000494689B2084440780A2813D0BDF8040010
:1094C00080280CD22068494689B2405C0099BDF8DA
:1094D00004208854BDF80400401CADF8040019F1C4
:1094E0000109D3E7114805702800C0B2401E0128C9
:1094F00002D9801E09D009E0002168463A00D2B2A4
:10950000120142445268904700E0FFE7012002E068
:109510007F1C58E70020BDE8F68700BF78FE0008F2
:10952000900500205C1F0020880500207326002085
:1095300010B586B0DFF84840002201A9200002F0F3
:10954000F5F800226946200002F089F9DFF83400BE
:109550009DF8061081709DF8051041709DF804106B
:1095600001709DF80010C1709DF8021001719DF806
:10957000011041719DF80310817106B010BD00000B
:10958000FC2400200026002001000120704770B557
:109590000400494D494E30786978884207D04848E0
:1095A000697850F8210000F01AF8687830702100CE
:1095B000C9B24448F8F738FF012070BD10B5040067
:1095C0004148C078012802D14048FBF79CFB3F4846
:1095D000FDF710FC012010BD01000120704710B5FF
:1095E00004003B483B490160446000218160002148
:1095F000C160002101610C214161002181610021D4
:10960000C1610021016200214162FAF75BF9002883
:1096100001D0FEF758F9FEF751FE10BD80B5FBF7FB
:109620005AFB27482449497850F82100FFF7D7FF13
:1096300001BD70B50020002400252800C0B2042818
:1096400036DA204E2800C0B20001304440780128AC
:109650002CD1012004002800C0B200013044406831
:1096600000280ED0FBF7AEFD2900C9B20901314434
:109670004968401A2900C9B2090131448968884201
:1096800014D300202900C9B2090131444870FBF706
:1096900099FD2900C9B20901314448602800C0B2CF
:1096A0002900C9B209013144C96888476D1CC4E763
:1096B0002000C0B270BD0000500A00206F260020BC
:1096C00070040020A40400200C260020080A0020BA
:1096D000D41E00200038014080B502F097FE02F051
:1096E0003DFF02F0AAFF00F0DDFCDFF83409DFF8EF
:1096F00034194A1CC0F8F8200A1DC0F8102111F1D5
:109700001002826014310162DFF81C1911F10A02A3
:10971000C0F8282111F11002C0F858210A7A80F807
:109720005D2111F11802C0F870210A7A80F87521C4
:1097300011F12002C0F888210A7A80F88D210A1DD3
:10974000C0F8A021897980F8A511DFF8E018096830
:10975000C0F81812DFF8D8180968C0F8481201BD1F
:1097600038B5002000242000C0B2062835DADFF822
:10977000C4582000C0B200012844407801282AD1F2
:109780002000C0B200012844406800280ED0FBF73A
:1097900019FD2100C9B2090129444968401A210074
:1097A000C9B2090129448968884214D300202100E4
:1097B000C9B2090129444870FBF704FD2100C9B270
:1097C0000901294448602000C0B22100C9B2090142
:1097D0002944C9688847641CC5E7002032BD38B5F4
:1097E0000400DFF854586878002817D102F00EFE04
:1097F00002F0B4FE02F021FF00F054FC892000903A
:10980000202307220521DFF8340802F06FFF012032
:1098100068700221DFF81C08F8F7F7FD012032BD5F
:109820007CB50400DFF818582878002803D00228F7
:1098300023D003D33DE003F0A1F83AE002F08EFE1E
:1098400089200090202307220521DFF8F00702F08D
:109850004DFFDFF8F02701212C2003F061F8DFF83D
:10986000E8270221082003F05BF802F0E6FE41F24F
:109870008830DFF8C01788611BE00120DFF8B817D7
:10988000487089200090202307220521DFF8AC07CB
:1098900002F02CFFDFF89C6702213000F8F7B5FDDD
:1098A00003213000F8F7B1FD04213000F8F7ADFDD9
:1098B000FFE72878401C28702100C9B2DFF8740740
:1098C000F8F7B2FD012076BD70B5040000F0A0F8F5
:1098D000DFF864576878012803D1A87800F0CAFA45
:1098E00004E00021DFF84C07F8F78FFDDFF85C0794
:1098F000A9780278914207D0A9780170DFF8500763
:109900000068DFF850170860A878082812D1DFF83F
:1099100044674FF4FA613068FDF724FA012809D151
:10992000DFF82C0700683060062215F10801A81C3A
:10993000FDF7C0FA2100C9B2DFF8F806F8F774FDA8
:10994000012070BD10B50400DFF80C17DFF80C071C
:109950000069FDF707FA012827D1DFF8040701782D
:10996000012905D1002101700020DFF8CC16887094
:10997000DFF8F0060188491C018042F21071DFF81F
:10998000B4262300DBB21B011A449268B1FBF2F14A
:1099900002888A420DD300210180DFF89C16887866
:1099A000002806D00020887003E00120DFF8B01600
:1099B00008702100C9B2DFF87C06F8F735FD0120F8
:1099C00010BD38B5040002F0FDFFDFF89056287A8C
:1099D000012808D10521DFF85C06F8F716FDDFF84D
:1099E0007006006828612100C9B2DFF84806F8F760
:1099F0001BFD012032BD10B5040002F0C9FFDFF8E5
:109A00005C060021017000210172012010BD0000E0
:109A1000DFF81006DFF850160A784270DFF84C269F
:109A2000497852F8211041609FED1A0ADFF840167C
:109A3000D1ED010A60EE800AFDEEE00AC0ED020AF7
:109A4000D1ED020A60EE800AFDEEE00AC0ED030AE5
:109A5000D1ED030A60EE800AFDEEE00AC0ED040AD3
:109A6000D1ED040A60EE800AFDEEE00AC0ED050AC1
:109A7000D1ED050A60EE800AFDEEE00AC0ED060AAF
:109A8000D1ED060A20EE800ABDEEC00A80ED070A7D
:109A9000704700000000C8422DE9F84F8AB0060068
:109AA0002021002202AC2000F8F77CFC00240025D5
:109AB0005FF0000A00208DF804001827DFF86085A9
:109AC0003000C0B27843404490F815903000C0B2E6
:109AD000784340444068002842D001213000C0B2A1
:109AE00000F072F900280ED13000C0B27843404433
:109AF00042683000C0B278434044017D4846C0B25D
:109B000002F00EFF1EE05FF0000B3000C0B27843A1
:109B100040444068FEF7A2FD5946C9B2814207D2CF
:109B2000202002A95A46D2B288541BF1010BECE75F
:109B300002AA3000C0B278434044017D4846C0B21A
:109B400002F0EEFE3000C0B2784340444068FEF7B9
:109B500085FDDFF820150979491C484310FA89F979
:109B60003000C0B2784340448068002800F0038190
:109B70003000C0B278434044007B00280BD002285C
:109B80001ED012D3042830D024D3062844D036D394
:109B900007283ED042E03000C0B27843404480689D
:109BA0000078002104000D0038E03000C0B2784396
:109BB0004044806890F90000C11704000D002DE0BA
:109BC0003000C0B27843404480680088002104001F
:109BD0000D0023E03000C0B2784340448068B0F903
:109BE0000000C11704000D0018E03000C0B2784337
:109BF000404480680068002104000D000EE0300041
:109C0000C0B27843404480680068C11704000D006A
:109C100004E00120824601E0022082465046C0B2A4
:109C200000280CD13000C0B278434044407B404211
:109C30000200D2B202A92000FDF7ACF826E050469F
:109C4000C0B201281AD13000C0B2784340448068C5
:109C5000FEF704FD202819D23000C0B278434044FA
:109C60008068FEF7FBFC020092B23000C0B278437D
:109C70004044816802A8FDF71DF907E03000C0B23A
:109C800078434044806800788DF808000221300055
:109C9000C0B200F099F8012823D13000C0B2784357
:109CA0004044807DC0B200098DF804009DF8040096
:109CB0000F2805D0202002A99DF80420885410E028
:109CC0005FF0000B02A8FEF7C9FC5946C9B28142F9
:109CD00007D2202002A95A46D2B288541BF1010BA8
:109CE000F0E73000C0B2002829D1392000902E239F
:109CF00015220F21DFF8800303F070FE02AA300066
:109D0000C0B278434044017D4846C0B204F010F828
:109D10005A200090412311221121DFF8600303F043
:109D20005DFEA5A20721642004F002F889200090BE
:109D3000202307220521C14802F0D8FC11E0892028
:109D40000090202307220521BC4802F0CFFC02AA84
:109D50003000C0B278434044017D4846C0B202F0B2
:109D6000DFFD02A8FEF77AFCC2490979491C484385
:109D700010FA89F081463000C0B27843404400694F
:109D800000281ED03000C0B27843404480680028CC
:109D900017D03000C0B2784340448068B849884248
:109DA0000FD03000C0B27843404402693000C0B2E6
:109DB00007FB00F708EB0700017D4846C0B202F040
:109DC000AFFD0BB0BDE8F08FF8B504000D0094496D
:109DD0002200D2B21820424301EB0200817D28000C
:109DE000C0B201402800C0B281422FD16C26A54FDD
:109DF0004FF496712800C0B2704338442200D2B2AA
:109E000050F82200FCF7AEFF01282AD12800C0B28A
:109E100006FB00F607EB06002100C9B28C4A126867
:109E200040F821201B2098492A00D2B242430A441C
:109E30002300DBB22E00F6B200FB06F0084421003E
:109E4000C9B2405CD0F10100D0540AE08E492A002A
:109E5000D2B21B20424301EB02002100C9B2002212
:109E600042548949EDB21B20454301EB0500E4B2A1
:109E7000005DF2BD70B50400002602F06FFB20000B
:109E8000C0B200F073F82000C0B200F097F80025CF
:109E9000280080B21B2811DA61492A0092B21820EA
:109EA000424301EB0200C07D2100C9B2884203D1C8
:109EB0002800C0B2FFF7F0FD6D1CE9E702F0BDFB22
:109EC00070BDF0B44271C47803792500EDB2AB42A5
:109ED0000AD3F025524E2700FFB218235F4306EB4A
:109EE00007039D75641CEFE718234D4C85785D438F
:109EF00025444679AE75002904D0857803FB05F327
:109F000023449960F0BC70472DE9F84F070088465C
:109F100091469A460A9E0B9DDDF830B00D9C87F85D
:109F2000008087F8019087F802A0FE703D71220042
:109F3000D2B259463800FFF7C4FFBDE8F18F10B424
:109F4000010000221000C0B204280CD21000C0B2E0
:109F5000085C4E4B1400E4B21B5D984201D0002017
:109F600002E0521CEEE7012010BC704770B50400FF
:109F70002000C0B200281ED13D48007800280DD135
:109F8000274D25A63200297D782002F0C9FC320039
:109F900095F82C10782002F0C3FC0CE01FA6204D91
:109FA0003200297D782002F0BBFC320095F82C109D
:109FB000782002F0B5FC70BD4D0000000100C9B270
:109FC000072924D117490978002906D002290ED083
:109FD00008D3042915D00FD318E02D49104AC2F830
:109FE000601218E02B490E4AC2F8601213E02A49A9
:109FF0000B4AC2F860120EE02849094AC2F8601202
:10A0000009E02749064AC2F8601204E003E020494B
:10A01000034AC2F860127047200000004E000000A2
:10A02000C800002044250020D4240020E80300209C
:10A030006C0000200C000020D825002048EF00080C
:10A040006B260020DCFB0008CCF700086C26002003
:10A050004C26002028260020C0270900802500204B
:10A060006D2600205E260020500A0020700400208B
:10A0700020250020E825002020ED000850E30008FE
:10A08000520A0020081D00202C230020740000200C
:10A09000780000208800002098000020A800002000
:10A0A000B800002080B5A02002F074FAAE2002F0C3
:10A0B00071FAC02002F06EFAA12002F06BFAA22021
:10A0C00002F068FA2F2002F065FA212002F062FA0D
:10A0D000282002F079FAAF2002F05CFA01BD0000FE
:10A0E000020000201168097830290CDB116809781A
:10A0F0003A2908DA11684B1C13600A23097803FB1C
:10A1000000103038EEE770472DE9F04F91B00400B1
:10A11000DDF868801B9D1C9EDFF808030768700649
:10A1200003D5DFF8040300680700022B01DB252BB1
:10A1300001DB002088E0F00702D55FF0300C01E081
:10A140005FF0200C5FF0000EB00706D5002A04D5A2
:10A150002D2086465242B8F101085FF00009002A1E
:10A1600006D13020EA460AF8090019F1010910E089
:10A17000002A0ED010009A46B0FBFAFB0AFB1B0027
:10A18000385CEA460AF8090019F10109B2FBF3F25A
:10A19000EEE74D4500DA4D46B8EB0508F0070DD463
:10A1A0004046B0F10108012808DB20202070641C23
:10A1B000491E002901D1200046E0F1E77046C0B2F7
:10A1C000002807D084F800E0641C491E002901D152
:10A1D000200039E04046B0F10108012808DB84F88E
:10A1E00000C0641C491E002901D120002CE0F1E7C9
:10A1F0002800451E814508DA30202070641C491E65
:10A20000002901D120001FE0F2E74846B0F1010922
:10A2100001280ADB684610F809002070641C491EFA
:10A22000002901D120000FE0EFE74046B0F101081E
:10A23000012808DB20202070641C491E002901D160
:10A24000200001E0F1E7200011B0BDE8F08F2DE91A
:10A25000F74F88B005001E000998012801DA002098
:10A26000DDE0AA460A980078002806D1BAEB05007E
:10A270000999491E8842C0F2CC80BAEB05000999C1
:10A28000491E884280F2C5800A980078252806D0A9
:10A290000A9800788AF800001AF1010AB5E0002057
:10A2A00080460A98401C0A900A980078302801D10C
:10A2B00058F001085FF0FF3BD9460A980078302833
:10A2C00007DB0A9800783A2803DA0AA8FFF708FFA4
:10A2D0008146CDF81CB0CDF818B00A2005900A9838
:10A2E0000078582843D063280AD0642844D06928CD
:10A2F00042D0732816D0752840D0782839D03EE057
:10A30000B9F10109B9F1010F05DB20208AF800003D
:10A310001AF1010AF4E73068361D8AF800001AF1D4
:10A32000010A72E03068361D0400002C01D13F485C
:10A3300004002000FEF792F904904846B0F10109AC
:10A340000499814205DA20208AF800001AF1010AF6
:10A35000F3E7002007000498874207DA20788AF89C
:10A360000000641C1AF1010A7F1CF4E74DE058F06C
:10A3700040081020059026E058F0020823E00A98D3
:10A380000078252804D025208AF800001AF1010A57
:10A39000BAEB05000999491E884214DA0A98007838
:10A3A000002806D00A9800788AF800001AF1010AFD
:10A3B00002E00A98401E0A90BAEB05000999491E6E
:10A3C000884200DA21E006986C2803D13068361DF7
:10A3D000039009E05FEA887003D53068361D03906A
:10A3E00002E03068361D0390CDF808800798019090
:10A3F000CDF80090059B039A0999491EBAEB050018
:10A40000091A5046FFF780FE82460A98401C0A90BF
:10A4100028E700208AF80000BAEB050528000BB0F9
:10A42000BDE8F08F100A0020140A002080FE00080A
:10A430002DE9F14FB0B0924604910DF142013A9AE4
:10A440002B9199464A7000200AE01AF8011B0498E3
:10A45000309A90470028049000F0B6860D98401C72
:10A460000D909AF8000050B12528EED1002100226D
:10A470000791089209910A920B910C9204E00D98B1
:10A4800000F0A4BE41F001011AF8010F2028F9D014
:10A4900023280CD02B2804D02D2805D0302809D013
:10A4A0000BE041F00201EFE741F00401ECE741F07D
:10A4B0000801E9E741F01001E6E72A280FD1D9F8B1
:10A4C000002052F8040BC9F8002000280F9003D593
:10A4D00040420F9041F004010AF1010A14E00F928A
:10A4E000DFF828380AE00F98984205DA00EB80047C
:10A4F00002EB4402303A0F920AF1010A9AF8002066
:10A50000A2F130000A28EED39AF800002E2803D0DA
:10A510004FF0FF320E9229E01AF8010F2A2809D1D4
:10A52000D9F8000050F8042BC9F800000E920AF187
:10A53000010A1BE02D280CBF0AF1010A00200022AD
:10A540000E92DFF8C8470BE040B90E9AA24205DA36
:10A5500002EB820503EB4503303B0E930AF1010A3F
:10A560009AF80030A3F130020A2AEDD3ADF840107A
:10A57000DFF89C07784400F5F3609AF8001003F0C8
:10A58000F5FB08B11AF8010B8DF842009DF8420066
:10A59000682805D19AF8000068280CD1622106E0ED
:10A5A0006C2804BF9AF800006C2804D171218DF842
:10A5B00042100AF1010A12A806901AF801BBBBF179
:10A5C00025012CD01C3900F0D081091F022940F24E
:10A5D000CC81133900F02385093900F0C681891E2A
:10A5E00000F0B885491E00F06585491E022940F239
:10A5F000BC81091F00F05E85491F00F02881491EBB
:10A6000000F00D85491E00F0D080C91E0DD0891EB6
:10A6100000F00585C91E00F0028500F0A6BD2523C7
:10A620008DF84830012100F0ABBDD9F8000050F89A
:10A63000044BC9F80000002C059440F0A3802B992E
:10A640004878002800F099804FF0FF340FF68430EE
:10A6500003F098FB201A40F0B78500F092BD6D1E04
:10A6600040F0A9853096079D12AF75B1309E17F85E
:10A67000012B02A9304600F073FE002801D46D1EA4
:10A68000F5D10028309640F09F850A9D3020002D9E
:10A690008DF804000CDD309E012301AA02A930468A
:10A6A00000F06EFE002840F08F856D1EF4D13096CC
:10A6B000059F089D75B1309E17F8012B02A9304601
:10A6C00000F04EFE002801D46D1EF5D10028309612
:10A6D00040F07A850B9D3020002D8DF804000CDDB4
:10A6E000309E012301AA02A9304600F049FE00284D
:10A6F00040F06A856D1EF4D1309605980899099D41
:10A70000471875B1309E17F8012B02A9304600F0AA
:10A7100027FE002801D46D1EF5D10028309640F0A8
:10A7200053850C9D3020002D8DF804000CDD309EEB
:10A73000012301AA02A9304600F022FE002840F0C1
:10A7400043856D1EF4D130969DF8400041077FF59A
:10A7500088AE2020002C8DF804007FF782AE309D5B
:10A76000012301AA02A9284600F00AFE002840F0B1
:10A770002B85641EF4D1309573E60FF66440059086
:10A7800000F0FFBC0E9D002D04D52046FDF766FFAE
:10A79000044607E02A46204603F014FB002814BFB5
:10A7A000041B2C46089400F0ECBCD9F8001051F8BA
:10A7B000040BC9F8001020F00004002121F0FF353F
:10A7C00012ABCDE902450593DDE9022306993C244D
:10A7D00013B90AB90E9898B102F00F053035641E0E
:10A7E000EEB23A2EA8BF2735120942EA03721B09BE
:10A7F0000D5508BF002A03D005980D19A842EBD3C8
:10A8000008190590C4F13C020E98089282420ADAB7
:10A81000BDF84010821A4FF6EF7001400A92ADF871
:10A82000401000F0AEBC002840F1AB849DF8400021
:10A8300000F01400102840F0A4840F9B07990A9898
:10A840005B1A1B1A9A1A002A40F39B84E5E32B99A2
:10A85000487820B14FF0FF340FF65430F8E69DF8F9
:10A860004200622861D0682817D06A283FD06C283F
:10A8700006D0712847D074282CD07A281DD064E0E7
:10A88000D9F8001051F8040BC9F80010002868D15D
:10A890004FF0FF340FF63030DAE6D9F8001051F8F7
:10A8A000040BC9F8001020B94FF0FF340FF6183030
:10A8B000CEE60D99018000F064BCD9F8001051F883
:10A8C000040BC9F8001000284BD14FF0FF340FF6ED
:10A8D000F820BDE6D9F8001051F8040BC9F80010B3
:10A8E00000283ED14FF0FF340FF6DC20B0E6D9F857
:10A8F000001051F8040BC9F8001080B94FF0FF3474
:10A900000FF6C420A4E6D9F8001051F8040BC9F8DA
:10A91000001020B94FF0FF340FF6AC2098E60D9AE6
:10A92000D317C0E9002300F02CBCD9F8001051F86F
:10A93000040BC9F8001020B94FF0FF340FF688203F
:10A9400086E60D99017000F01CBCD9F8001051F892
:10A95000040BC9F8001020B94FF0FF340FF668203F
:10A9600076E60D99016000F00CBCD9F80020D21DEC
:10A9700022F00702C9F80020D2E900010832C9F824
:10A980000020CDE90201C80F02D007982D210AE06E
:10A99000BDF84000810702D507982B2103E0C007CE
:10A9A00005D50798202112AA1154401C0790DDE913
:10A9B0000223079912A8CDE92C2308444BF020016B
:10A9C0006129059021AC0BD00E99002902D50621F2
:10A9D0000E9105E001BF4BF02001672901220E9284
:10A9E000DDE9022359004915491C0DD11A030BD08A
:10A9F000ABF1610503211A2D089102D20FF6E41183
:10AA000010E00FF6E4110DE059004915491C0DD175
:10AA10001A030BD1ABF1610503211A2D089119D34B
:10AA20000FF6CC110322FAF747FBAAE3DDE9020196
:10AA3000CDE92E01DDE92E2323F00047B7F5801F75
:10AA400022F000060DD20022002F08BF002E009237
:10AA500003D116E00FF69411E4E76A46FDF74AFECB
:10AA60000FE0DFF8DC08DFF8DC1800EB175000908F
:10AA7000DDE92E234FF0FF301940DFF8CC7810408D
:10AA80003943CDE902014BF0200061280DD1059832
:10AA900030210170821CBBF1610F05920CBF78213F
:10AAA000582141700798801C0790DDE9020120F0D1
:10AAB000000231F0004308BF002A02D10026002521
:10AAC00068E14BF02008B8F1610F40F0B4800E98B7
:10AAD000002847BF21210191401C0190019FDDE921
:10AAE0002C017F1C00220023DDE90245FDF73AFE20
:10AAF00000998DF8842038BF85F00045091F002F8C
:10AB000000910DF1850653DD2046294600220023E1
:10AB1000FDF740FE4CD24800400D00F11C0212D05F
:10AB2000002A10DD40F2FF739A4206DBDFF81C18A2
:10AB300005F000400143002011E06FF31E5141EA8F
:10AB4000025120460BE024F0000035F0004108BF20
:10AB500000280FBF29461C22294600F04DFC044660
:10AB60000D46FAF709FEFF1F002F804609DDFAF7B0
:10AB700055FC02460B4620462946F8F7C5FC04461C
:10AB80000D46F01D0721B8F1000F0CDD491E5EBF18
:10AB900008F00F0200F8012D4FEA2818F3D502E063
:10ABA000002200F8012D491EFAD5C61D002FABDC8E
:10ABB0000DF18500361A01988642D8BF304600282C
:10ABC0000DF1850430D4B04206DA0DF185010A5C3E
:10ABD000082AA8BF0F2100DA0021024621AB134446
:10ABE00000E0401E13F80159521E8D42F9D00F2982
:10ABF00004D10DF185018B5C5B1C8B54002A04D5BC
:10AC00000099091D21AC401C0091411E0CD4621812
:10AC1000ABF13A0613783033DDB23A2DA8BFF31802
:10AC2000491E02F80139F5D50E99002940F1B0808E
:10AC3000421E0E92ACE00099DFF8142747F29750BD
:10AC4000414391FBF2F2DDE92C45009225F00045ED
:10AC5000D2F1070204DD2046294600F04EFB0BE04E
:10AC600052420020DFF8EC1600F047FB02460B468C
:10AC700020462946F8F7BAFC0446B8F1660F0E984C
:10AC800006BF009F0A3706273F18142FC8BF142796
:10AC900030200D468DF884000DF18506002F39DD3A
:10ACA0002046294603F0BAF801460A4606F1080391
:10ACB00004200A26B2FBF6F606EB860EA2EB4E0245
:10ACC000303203F8012C0A22B6FBF2F202EB820EBC
:10ACD000A6EB4E063036401E03F8026DE9D1083F60
:10ACE000002F03F10806D9DD0846FAF789FB024672
:10ACF0000B4620462946F8F707FC0022DFF85836B5
:10AD0000FAF7AAFB04460D46CAE700BFCBCCCC0C31
:10AD1000805100000DF18500361A0DF1850404E024
:10AD20000098401E761E0090641C20783028F7D0D2
:10AD3000B8F1660F02D10099491C04E0B8F1650F23
:10AD40000CBF012100210E9808188642B8BF701E62
:10AD500000281DD4B04204DA215C3429C8BF39214F
:10AD600000DC30210246631E9D1800E0401E15F8ED
:10AD70000169521E8E42F9D0392902D1A15C491CC9
:10AD8000A154002A04D50099491C1C46401C00917E
:10AD90000646009D03F056F8406A0778DDF83880D3
:10ADA00030B2002802DC01260FF248644BF020008C
:10ADB000662808BF6D1C16D0672846D128B210F14E
:10ADC000040F48DB404546DA9DF840006D1C010742
:10ADD00003D430B24045B8BF804628B2B8EB000873
:10ADE00048BF4FF000080FFA85FBBBF1000F00F3DE
:10ADF000B5800898411C0891302205990A54B8F191
:10AE0000000F03DC9DF84000010704D50898411CA1
:10AE1000089105990F5418EB0B0FB8BFC8F1000546
:10AE20002DB268420B90A84432B29045B8BF464656
:10AE3000059B089836B20996324621461844FAF71F
:10AE40003BF9A8EB06000C90D2E0BBF1610F17D1E3
:10AE50004FF0700B19E030B2404504DA9DF8401015
:10AE60000A0758BF8046B8F1010848BF4FF00008F4
:10AE7000BBF1670F14BF4FF0450B4FF0650B04E0BB
:10AE8000BBF1410F08BF4FF0500B0898411C0891CF
:10AE9000B8F1000F059914F8012B0A5403DC9DF852
:10AEA000400001071AD50898411C0891B8F1000F1D
:10AEB00005990F5412DD761E30B280450598089B27
:10AEC000B8BF464632B221461844FAF7F5F8089959
:10AED00036B271180891A8EB06000B9005980899F6
:10AEE000084429B2002980F800B003D42B22427014
:10AEF000821C04E02D2242700D46821C6D4200210E
:10AF00002CAB28460AE004460A2094FBF0F000EB44
:10AF10008005A4EB450403F8014B491C00B200284E
:10AF2000F1DC012906DC4BF02000652804BF30204D
:10AF300002F8010B00292CAB08D1302002F8010BDC
:10AF400006E0491E585C303002F8010B0029F8DC9D
:10AF5000059908980844121A099249E030B229B2BA
:10AF600088421CDA0598089B32B221461844FAF749
:10AF7000A3F8089936B27118ABEB0606B8F1000FCA
:10AF800008910B9603DC9DF84000020704D5059854
:10AF900047540999491C0991CDF8308028E005985B
:10AFA000089B2AB221461844FAF786F80898761BBF
:10AFB0005844B8F1000F089003DC9DF840100A07D0
:10AFC00003D5411C089105990F5430B2804505986E
:10AFD000089BB8BF464632B204EB0B011844FAF79F
:10AFE0006BF8089836B230180890A8EB06000B9062
:10AFF0009DF8400000F01400102840F0C280079A2D
:10B0000008990B988A18099982180C988A1882183E
:10B010000F98824280F2B580821A0A92B1E09DF8C0
:10B020004200622808D068280ED06A2814D06C2804
:10B030001FD0712810D01CE0D9F8001051F8040B73
:10B04000C9F80010C0B21AE0D9F8001051F8040B8A
:10B05000C9F8001080B212E0D9F80020D21D22F009
:10B060000702C9F80020D2E900010832C9F800201F
:10B0700006E0D9F8001051F8040BC9F800100021BF
:10B08000CDE902019DF8400001075AD5DDE9022310
:10B09000002B08BF002A54D04BF02000782850D154
:10B0A000079812A930220A54401C431C079301F848
:10B0B00000B046E09DF84200622808D068280ED013
:10B0C0006A2814D06C281FD0712810D01CE0D9F841
:10B0D000001051F8040BC9F8001040B21AE0D9F87A
:10B0E000001051F8040BC9F8001000B212E0D9F8B2
:10B0F0000020D21D22F00702C9F80020D2E9000189
:10B100000832C9F8002006E0D9F8001051F8040B05
:10B11000C9F80010C117CDE90201002902D507982E
:10B120002D210AE0BDF84000810702D507982B21A8
:10B1300003E0C00705D50798202112AA1154401C2E
:10B14000079012A807990144059102A8594600F0FA
:10B150004FF816E001200790D9F8000050F8041BC2
:10B16000C9F800008DF848100BE025210122BBF141
:10B17000000F8DF84810079203D08DF849B00221D6
:10B1800007910F9A07980A990C9C121A0898521A5C
:10B190000B99121A0998521A121A9DF84000141BA2
:10B1A00041073FF560AA2020002C8DF804007FF7AE
:10B1B0005AAA309E2546012301AA02A9304600F072
:10B1C000DFF800283FF44BAA4FF0FF3031B0BDE864
:10B1D000F08F00007072696E74665F733A2062616E
:10B1E0006420257320617267756D656E74000000C0
:10B1F0002DE9FC4307466F293E6908BF082405D0A6
:10B2000041F02000782814BF0A2410243C25D7E9F7
:10B210000023642918BF69299046994605D1002B5F
:10B2200003D5D8F1000869EB4909B9F1000F08BF4F
:10B23000B8F1000F0CD1386B50B9082C39D197F800
:10B240003800010735D530203B2586F83B0030E03B
:10B250008DF80010404649462246E317F9F7B8FF3B
:10B260003032D0B26D1E3A28019504DB9DF8000003
:10B27000A0F151018A187255404649462246E3170B
:10B28000F9F7A6FF80465FEA010908BFB8F1000F91
:10B2900003D0F86871198842DCD3082C09D197F8DB
:10B2A0003800010705D5705D302802D06D1E3020B2
:10B2B0007055C5F13C02BA617119F960386B824270
:10B2C00008DA821A3A624FF6EF70398F01403987F7
:10B2D000BDE8F38300280ED597F8380000F014007D
:10B2E000102808D17B6B7969386A5B1A1B1A9A1A85
:10B2F000002AC8BF3A62BDE8F3832DE9D043064671
:10B300000F4614464FF00008DFF8509012E0E007B7
:10B3100007D542464B4630463946FAF79DF8064671
:10B320000F464046494642464B46FAF795F86410A8
:10B3300080468946002CEAD130463946BDE8D083A4
:10B3400002FCFFFFFFFF0F800000E03F0000F07FE6
:10B35000A08601000000F03F84D797410000244000
:10B3600010B503460C461146A0689847A06020B16E
:10B37000E06A401CE062002010BD4FF0FF3010BDBD
:10B38000F8B505460E4617461C4600205CB117F876
:10B39000011BB068A847B06030B1F06A401CF06291
:10B3A0000020641EF3D1F2BD4FF0FF30F2BD00006B
:10B3B0007072696E74665F733A20256E20646973DB
:10B3C000616C6C6F776564007072696E74663A20A8
:10B3D00062616420256E20617267756D656E740010
:10B3E000000000006E616E004E414E00696E660006
:10B3F000494E460030000000124254D440F2FF7C17
:10B400001CEA11530FD0634531D09B1863453CBFF4
:10B4100001EB0251704701F0004141EA0C5100205C
:10B42000AFF30080704750EA410320D001F0004C98
:10B4300091EA0C011CD0B1FA81F30B3B9A420DD971
:10B44000D21A994051EA0C01C3F1200C20FA0CFCED
:10B4500061449840531C40F2FF7CD7E7914041EA99
:10B460000C01C2F1200C20FA0CF3194390407047F4
:10B47000B0FA80F31533202BE0D3202AEED3203A04
:10B48000203B9A4209D9D21A00FA03F141EA0C0191
:10B490000020531C40F2FF7CB8E700FA02F141EAB9
:10B4A0000C0100207047524240F2FF7C1CEA11530D
:10B4B0000DD06345DBD0B2EB030C3CBFA1EB0251D6
:10B4C00070470CF1010221EA035141F4801150EA66
:10B4D000410CCCD001F0004C352A27DC30B481EA95
:10B4E0000C01B2F1200309DAC2F12003044601FA8B
:10B4F00003F5D0402843D1409C400CE0C3F120022A
:10B50000450020FA03F418BF44F0010421FA03F0C7
:10B5100091400C43002174F1004550F1000051EBC3
:10B520000C01244230BC7FF47BAF704761460020A1
:10B5300076E7000081B00B48016851F0010101601D
:10B54000006810F00100009000980748016851F071
:10B5500080510160006810F080500090009801B0A8
:10B56000704700BF601002405810024070B50400E0
:10B570000125002C5CD094F82100002805D1002082
:10B5800084F820002000FDF7CBFC022084F8210085
:10B590002068C068C00642D4CA202168486253208F
:10B5A00021684862200000F02AFB06003000C0B28B
:10B5B00000281AD120688168DFF8E8060140206879
:10B5C000816020688168626820690243A069024343
:10B5D000114320688160E068216808612068006983
:10B5E000A16850EA014021680861200000F02DFBAD
:10B5F00005002800C0B200280DD12068C06C80086A
:10B6000080002168C8642068C16CE26960690243F7
:10B6100011432068C164FF202168486201E00020D6
:10B6200005002800C0B2002802D1012084F82100C2
:10B630002800C0B270BD2DE9F04705000E001400CF
:10B6400095F82000012801D102206DE0012085F845
:10B650002000022085F82100CA2029684862532072
:10B6600029684862280000F0CAFA80464046C0B205
:10B6700000284AD1002C20D128688068400601D4D7
:10B680000020F070307800F01FFB8246707800F0E8
:10B690001BFB8146B07800F017FB5FFA8AFA5FFA6D
:10B6A00089F95FEA092959EA0A49C0B250EA090949
:10B6B000F07859EA80594F4610E0286880684006C3
:10B6C00001D40020F07030787178090251EA00410D
:10B6D000B0780143F07851EA80510F00DFF8C805D7
:10B6E0003840296808602868806830F4802029681C
:10B6F000886028688168F2683069024311432868CD
:10B700008160280000F0A1FA8046FF202968486285
:10B710004046C0B2002802D1012085F82100002057
:10B7200085F820004046C0B2BDE8F087F8B50500B6
:10B730000E0014002868806A706028680069400460
:10B74000400CB06028680768DFF85C0507403800E7
:10B75000000C10F03F0030703800000A10F07F003D
:10B76000707017F07F00B0703800800D10F001008D
:10B77000F070002C0BD1307800F0B4FA3070707893
:10B7800000F0B0FA7070B07800F0ACFAB070002041
:10B79000F2BD2DE9F04105000E00140095F82000DF
:10B7A000012801D1022058E0012085F82000022064
:10B7B00085F82100002C07D17078C00604D5707878
:10B7C00010F0EF000A307070002C16D1F07800F005
:10B7D0007BFA8046707800F077FA0700B07800F0C6
:10B7E00073FA5FFA88F8FFB23F0257EA0847C0B21F
:10B7F0000743307857EA403709E0F07877783F021E
:10B8000057EA0047B0780743307857EA4037CA20F4
:10B8100029684862532029684862280000F0EFF93F
:10B8200080464046C0B2002808D1DFF88004384086
:10B8300029684860280000F008FA8046FF2029683F
:10B8400048624046C0B2002802D1012085F821009C
:10B85000002085F820004046C0B2BDE8F081F8B570
:10B8600005000E00140028684768DFF84004074010
:10B870003800000CF0703800000A10F01F007070E3
:10B8800017F03F00B0703800400B10F00700307028
:10B89000002C0BD1F07800F025FAF070707800F0F1
:10B8A00021FA7070B07800F01DFAB0700020F2BD7F
:10B8B0002DE9F84305000E00140095F8200001283A
:10B8C00001D10220E5E0012085F82000022085F862
:10B8D0002100002C2DD128688068400601D400206A
:10B8E000F070306A0028FFD0307800F0EDF9804623
:10B8F000707800F0E9F90700B07800F0E5F98146CA
:10B9000096F8240000F0E0F95FFA88F8FFB23F02F1
:10B9100057EA08475FFA89F959EA0707F17857EAC1
:10B920008157C0B257EA0067306A0743706907431E
:10B9300017E028688068400601D40020F070307855
:10B9400077783F0257EA0047B0780743F07857EA24
:10B95000805796F8240057EA0067306A07437069F9
:10B960000743D6F80480F06950EA0808CA2029681D
:10B970004862532029684862B06AB0F5807F39D1A7
:10B980002868806830F48070296888602868C068FA
:10B9900010F0800070F4C0702968C860F9F712FCDC
:10B9A00081462868C068C00712D4F9F70BFCB0EBD9
:10B9B000090040F2E9318842F3D3FF202968486248
:10B9C000032085F82100002085F82000032060E096
:10B9D0002868C7612868C0F844802868806850F4E7
:10B9E0008070296888602868806850F480502968D1
:10B9F000886038E02868806830F4007029688860C2
:10BA00002868C06810F0800070F420702968C86051
:10BA1000F9F7D8FB81462868C068800712D4F9F787
:10BA2000D1FBB0EB090040F2E9318842F3D3FF20AB
:10BA300029684862032085F82100002085F820004D
:10BA4000032026E0286807622868C0F84880286834
:10BA5000806850F40070296888602868806850F415
:10BA6000005029688860DFF84802016851F480219D
:10BA70000160DFF84002016851F480210160FF207D
:10BA800029684862012085F82100002085F82000FF
:10BA90000020BDE8F28370B504000D0094F820008A
:10BAA000012801D1022062E0012084F82000022058
:10BAB00084F82100CA202168486253202168486226
:10BAC000B5F5807F24D12068806830F480702168CB
:10BAD00088602068806830F4805021688860F9F7B9
:10BAE00071FB06002068C068C00736D4F9F76AFB0E
:10BAF000801B40F2E9318842F4D3FF20216848627C
:10BB0000032084F82100002084F8200003202EE088
:10BB10002068806830F40070216888602068806840
:10BB200030F4005021688860F9F74CFB060020686B
:10BB3000C068800711D4F9F745FB801B40F2E9315A
:10BB40008842F4D3FF2021684862032084F8210052
:10BB5000002084F82000032009E0FF2021684862CB
:10BB6000012084F82100002084F82000002070BD0E
:10BB700010B504005FF480204F4908602068806899
:10BB8000C0040ED52068C068C0050AD52068C0680A
:10BB900010F0800070F4C0702168C860200002F0CE
:10BBA000DDF92068806880040ED52068C0688005B3
:10BBB0000AD52068C06810F0800070F420702168F9
:10BBC000C860200002F016FB012084F8210010BD9F
:10BBD00038B5040039482168C860F9F7F3FA050060
:10BBE0002068C068800608D4F9F7ECFA401B40F2E0
:10BBF000E9318842F4D3032000E0002032BD70B563
:10BC0000040000262068C06840061BD45FF0FF30A7
:10BC10002168C860F9F7D6FA05002068C0684006B8
:10BC200010D43000C0B203280CD0F9F7CBFA401B77
:10BC300040F2E9318842F0D303200600032084F863
:10BC40002100EAE73000C0B270BD70B504000025E5
:10BC50001B48016831F0800101601A4E306880068F
:10BC60000AD42000FFF7B4FF002817D0032084F87F
:10BC700021000320050011E0306830F02000306022
:10BC80002000FFF7A5FF002804D0032084F821003E
:10BC900003200500306850F0200030602800C0B25A
:10BCA00070BD0000BFFF8FFF7F7F7F003FFFFF0061
:10BCB0000004014008040140140401405FFF030038
:10BCC0000C28004008280040010000220800030062
:10BCD000DBB20A2B02D3521C0A38F8E750EA0210F2
:10BCE000C0B270470100C9B209090A2211FB02F172
:10BCF00010F00F004018C0B27047000010B50400EB
:10BD0000002C01D1012074E0606A002806D160682F
:10BD1000B0F5827F06D00020E06103E000202061C2
:10BD2000002060610020A06294F85D00002805D129
:10BD3000002084F85C002000FDF748F9022084F818
:10BD40005D002068006830F0400021680860E0680D
:10BD500040F20171884201D3002101E04FF480518B
:10BD6000E068B0F5706F05D0E068B0F5E06F01D025
:10BD70000020A062606810F48270A26812F404428D
:10BD80001043227C12F002021043227D12F00102C5
:10BD90001043A26912F400721043227F12F038029D
:10BDA000104394F8202012F080021043A26A12F48B
:10BDB0000052104322681060A269120C12F00402B3
:10BDC00094F8240010F01000024394F8340010F0AE
:10BDD00008000243E06810F47060024311F48050E0
:10BDE00002432068426000202066012084F85D0044
:10BDF000002010BD2DE9F84306000D0017001C00BF
:10BE0000F9F7E0F98046B94696F85D00012801D0BF
:10BE10000220ECE0002D03D0380080B2002801D1D0
:10BE20000120E4E096F85C00012801D10220DEE068
:10BE3000012086F85C00032086F85D000020306653
:10BE4000B563B787F787002030640020A6F8440068
:10BE50000020A6F84600002030650020F064B0689D
:10BE6000B0F5004F0BD13068006830F04000316809
:10BE700008603068006850F48040316808603068BD
:10BE80000068400605D43068006850F04000316812
:10BE90000860F06840F20171884235D3706800286C
:10BEA00003D0484680B2012809D1B06B00883168C0
:10BEB000C860B06B801CB063F08F401EF087F08FBD
:10BEC000002873D03068806880070AD5B06B00887E
:10BED0003168C860B06B801CB063F08F401EF08783
:10BEE000EDE7F9F76FF9B0EB0800A04202D314F1C7
:10BEF000010F01D1002CE2D1012086F85D00002065
:10BF000086F85C00032072E07068002803D0484681
:10BF100080B2012817D1F08F02280AD3B06B0088B5
:10BF20003168C860B06B801CB063F08F801EF087F2
:10BF300009E0B06B007831680873B06B401CB063E7
:10BF4000F08F401EF087F08F00282FD03068806877
:10BF5000800718D5F08F02280AD3B06B00883168AB
:10BF6000C860B06B801CB063F08F801EF087EAE77A
:10BF7000B06B007831680873B06B401CB063F08F11
:10BF8000401EF087DFE7F9F71DF9B0EB0800A0428B
:10BF900002D314F1010F01D1002CD4D1012086F875
:10BFA0005D00002086F85C00032020E0424621006E
:10BFB000300000F003F9002801D020203066B0687E
:10BFC000002808D1002000903068C06800903068D8
:10BFD000806800900098012086F85D00002086F8B7
:10BFE0005C00306E002801D0012000E00020BDE898
:10BFF000F2832DE9FC4705000E0017009846DDF896
:10C000002890F9F7DFF80400B8EB040419EB0404F6
:10C01000F9F7D8F88246684800684001000D00FB37
:10C0200004F00090286880683040B04201D10120BF
:10C0300000E000203900C9B2884243D018F1010F56
:10C04000F0D0F9F7BFF8B0EB0A00A04201D2002C03
:10C050002FD12868406830F0E0002968486068689F
:10C06000B0F5827F0DD1A868B0F5004F03D0A86865
:10C07000B0F5806F05D12868006830F0400029686D
:10C080000860A86AB0F5005F0BD12868006830F43A
:10C090000050296808602868006850F4005029683A
:10C0A0000860012085F85D00002085F85C00032011
:10C0B00009E00098002801D1002004000098401EEB
:10C0C0000090AFE70020BDE8F6872DE9FE4F06009F
:10C0D0000F0014009846DDF8309000208DF8000025
:10C0E000F9F770F80500B8EB050519EB0505F9F748
:10C0F00069F88246306810F10C0B2F480168232044
:10C100004143090D01FB05F1019130688068384019
:10C11000A0424ED0B7F5C06F07D1002C05D19BF8D7
:10C1200000008DF800009DF8000018F1010FECD020
:10C13000F9F748F8B0EB0A00A84201D2002D2FD140
:10C140003068406830F0E000316848607068B0F5F1
:10C15000827F0DD1B068B0F5004F03D0B068B0F564
:10C16000806F05D13068006830F0400031680860A9
:10C17000B06AB0F5005F0BD13068006830F4005051
:10C18000316808603068006850F400503168086019
:10C19000012086F85D00002086F85C00032009E09D
:10C1A0000198002801D1002005000198401E01904F
:10C1B000ABE70020BDE8FE8F740300207CB50400CF
:10C1C0000D00160000962B0000224FF4C0512000F5
:10C1D000FFF77BFF002805D0206E50F0200020667E
:10C1E00003201FE000962B00002280212000FFF793
:10C1F00000FF002805D0206E50F0200020660320AC
:10C2000010E000962B0000224FF4C0612000FFF7E1
:10C210005CFF002805D0206E50F02000206603202F
:10C2200000E0002076BD2DE9FE4F04000D00002047
:10C23000002600270021ADF804105FF001085FF030
:10C2400000095FF0000A21680978212901D1012144
:10C250008A465FF0000B584600B2A988884272DA1D
:10C2600020685146C9B2405C29685A4612B2895CBE
:10C27000884265D1012080465046C0B2401C06006D
:10C28000002081460020ADF80400300000B2A188F3
:10C2900088424ADA2068310009B2405C7C281ED10D
:10C2A000BDF90400002804D10120814616EB0B00E3
:10C2B000070001A800903B001BB22A002100701C5F
:10C2C00000B200F059F880464046C0B2012806D1BD
:10C2D0005146C9B2584600B200F03DF839E0484630
:10C2E000C0B200280FD12068310009B2405C296833
:10C2F0005A4612B21144320012B2895C884202D00E
:10C300000020804611E04846C0B2002801D1761CCA
:10C31000BBE73000BDF9041000B2884203DABDF972
:10C3200004000600B1E7761CAFE74046C0B2012822
:10C3300006D15146C9B2584600B200F00CF808E0E8
:10C340001BF1010B87E75146C9B25FF0FF3000F0E7
:10C3500002F8BDE8FE8F02000800C0B2002802D13A
:10C36000100000B207E0100000B2002802D45FF015
:10C37000FF3000E000207047F0B50400059D01206B
:10C38000002637003FB207FA84F7B1F804C06745CA
:10C390003ADA0F68A4460FFA8CFC6744B4460FFAE9
:10C3A0008CFC17F80C707C2F03D137192F8000B24A
:10C3B0002BE09788B4460FFA8CFC0CFA83FC674597
:10C3C00006DAB2F904707F1C2F805FF0FF37380067
:10C3D0000F68A4460FFA8CFC6744B4460FFA8CFC35
:10C3E00017F80C70D2F800C09E460FFA8EFEF44487
:10C3F000B6460FFA8EFE1CF80EC0674502D05FF0FD
:10C40000FF373800761CBCE700B2F0BD80B50122D2
:10C4100040211F48F6F7C7FB1E491F4800F0B0F83F
:10C4200000F01CF8012000F003F800F045F901BD10
:10C43000704711B581B0164C002240212000F6F75C
:10C44000B2FB4FF47A73012201A91448FFF7D2FC22
:10C45000012240212000F6F7A6FB13BD10B50C4CBD
:10C46000002240212000F6F79EFB002280212000C0
:10C47000F6F799FB012000F013F80122802120003B
:10C48000F6F791FB012240212000F6F78CFB10BD4E
:10C49000000800481C260020080F0020642200200D
:10C4A00010B504002000F7F7F9F910BD70B40400CE
:10C4B000E4B2802C01DB7F2420001400E4B2802C45
:10C4C00001DB7F2422000C00E4B2402C01DB3F247E
:10C4D00021001C00E4B2402C01DB3F2423002B4C44
:10C4E000050026683678EDB2B54201D2256828707D
:10C4F0002568AD781600F6B2B54201D22568AA705B
:10C500000D0026687678EDB2B54201D225686970D3
:10C510002568ED781E00F6B2B54201D22468E370BA
:10C5200070BC704719487F210268117000210268B1
:10C5300091703F210268517000210068C1707047FE
:10C5400012480021026811707F2102689170002159
:10C55000026851703F210068C170704770B54FF498
:10C56000806400250A4806682A0021003000F5F79B
:10C5700019FF3F237F2200210020FFF797FF70BDA6
:10C58000034A1060014A1160704700002426002011
:10C590002026002010B5040000224FF4807143488B
:10C5A000F6F701FB2000C0B2FFF743FF10BD10B546
:10C5B000040001224FF480713C48F6F7F4FA2000A1
:10C5C000C0B2FFF736FF10BD10B504008120FFF7A1
:10C5D000E1FF2000C0B2402803DB3F20FFF7DAFF75
:10C5E00003E02000C0B2FFF7D5FF10BD10B5040076
:10C5F00014F00F0050F0B000C0B2FFF7CBFF10BD39
:10C6000010B504002000C0B200F005F82000C0B250
:10C6100000F00CF810BD10B504002000C0B20009F5
:10C6200050F01000C0B2FFF7B5FF10BD10B5040008
:10C6300014F00F00FFF7AEFF10BD70B5002420000E
:10C64000C0B210282EDA1A4D286840782100C9B2ED
:10C65000491CB0EBC10F23DA2868C0782100C9B2A9
:10C66000B0EBC10F1EDB2000C0B2FFF7BFFF286890
:10C670000078FFF7C5FF28680678286880783100C1
:10C68000C9B288420CD30B4801682200D2B2802084
:10C69000424352FA86F0085CFFF789FF761CECE70C
:10C6A000641CCCE7FFF73EFF70BD000000080048A7
:10C6B000242600202026002080B5A020FFF76AFF56
:10C6C000AE20FFF767FFC820FFF764FFA220FFF747
:10C6D00061FF2F20FFF75EFF2220FFF75BFF3F2067
:10C6E000FFF772FFAF20FFF755FF01BD70B4039C49
:10C6F000DFF88052286029716A71AB71EC710026F5
:10C700002E7270BC70472DE9F84F04000D00160022
:10C7100000275FF00008DFF85C9299F80500082810
:10C7200080F2FC80300099F80610C0B2884205D330
:10C7300099F807003100C9B2884201D22E200600C4
:10C74000402099F80510491C90FBF1F02900C9B26E
:10C75000814280F2E38099F8040050FA84F0802846
:10C7600080F2DC8099F805305B1C99F8050003FB2A
:10C7700005035B1CDBB299F804201219D2B299F8B8
:10C780000500401C15FB00F1C9B22000C0B2FFF744
:10C790008DFE0021080099F80420C0B2904280F07C
:10C7A000BD80002015FB00F00200D2B2082392FBEE
:10C7B000F3F21700C0B2082290FBF2F302FB130061
:10C7C0008046FF226C4BD3F800C03800C0B250FA4C
:10C7D00085FE802000FB0EFE5EFA84FED3F800A0EA
:10C7E0003800C0B250FA85FB802000FB0BFB5BFADF
:10C7F00084F01AF800A0D8F1080B100050FA0BF0E2
:10C8000010EA0A0A0CF80EA0D3F800C03800C0B233
:10C8100050FA85FE802000FB0EFE5EFA84F0009048
:10C82000D3F800E03800C0B250FA85FA802000FB4F
:10C830000AFA5AFA84F01EF800E0D9F800A0B346CC
:10C840005FFA8BFB99F80600BBEB000099F804B087
:10C850000BFB00FB0AEB0B008A465FFA8AFA10F822
:10C860000A0010FA08F050EA0E00DDF800E00CF8BB
:10C870000E00D3F800C03800C0B250FA85FE802008
:10C8800000FB0EFE5EFA84F08444D3F800E038002A
:10C89000C0B250FA85FA802000FB0AFA5AFA84F0F6
:10C8A000704490F8800012FA08F202408CF8802060
:10C8B0001A683800C0B250FA85FC802000FB0CFCDE
:10C8C0005CFA84F002441B683800C0B250FA85FC60
:10C8D000802000FB0CFC5CFA84F0184490F8803057
:10C8E000D9F800C0B6465FFA8EFE99F80600BEEB96
:10C8F000000E99F8040000FB0EFE0CEB0E008C46B7
:10C900005FFA8CFC10F80C00D8F1080C50FA0CF00F
:10C91000034382F88030641C491C3BE7BDE8F18F7B
:10C92000F8B507000C001600124D6879082820DAC7
:10C93000307800281DD032782100C9B23800C0B24A
:10C94000FFF7E1FE761C2879401CC719287950FAB8
:10C9500087F0401C812802DB00200700641C402077
:10C960006979491C90FBF1F02100C9B28142DFDBFB
:10C97000FFE7F1BDE82500202026002080B5034810
:10C9800001F0A0FCFFF759FE01BD00005CF10008BA
:10C9900080B5DFF8C80B0078012806D0022807D040
:10C9A000042808D0082809D00BE000F088F808E037
:10C9B00000F02EFC05E000F0FEFC02E000F0E0FDDF
:10C9C000FFE701BD2DE9F0410024DFF8905B287AF4
:10C9D000002871D1DFF8886B04213000F6F7D8F811
:10C9E000002801D1012700E0002702213000F6F7DE
:10C9F000CFF8002802D15FF0010801E05FF00008E5
:10CA000001213000F6F7C4F8002801D1012600E02A
:10CA100000262021DFF84C0BF6F7BAF8002801D1E8
:10CA2000012000E0002057EA480757EA86073C004B
:10CA300054EAC0042000C0B2012805D0022803D067
:10CA4000042801D008282DD16868401C68606868F7
:10CA5000502826D32C7001202872DFF80C0B2100FF
:10CA60000278C9B2914215D1DFF8001B0A68521C46
:10CA70000A600A68322A04D350226A6032220A60AD
:10CA80000EE00968322902D34E21696008E00021D6
:10CA9000696005E0002169600021DFF8D02A11609B
:10CAA000047009E00020DFF8C01A087028206860D0
:10CAB0000020DFF8B81A08602878BDE8F0817FB55B
:10CAC000DFF8AC4AA078002810D0012832D0022824
:10CAD00061D0032800F0C080042800F043810528BD
:10CAE00000F0A382072800F0278390E3DFF86C5A58
:10CAF0000020E860DFF87C6A0A2200213000FAF7A3
:10CB00008BF930203070302070703020B0703020C1
:10CB1000F070E8680001801CC0B203900296032008
:10CB2000019002200090032300220121A01CFDF7A8
:10CB3000EBF96CE3DFF8240AC168491CC160C168E5
:10CB400004291EDBDFF82C0AFDF7F9F9012815D1BD
:10CB5000A51C0622290014F10800FAF7ABF9F12010
:10CB600003900020029008200190052000900523EA
:10CB7000002202212800FDF7C7F90BE00020A07079
:10CB800008E0C0680001801C0200D2B20021A01C95
:10CB9000FDF797F93BE32079052806D05BD30728FA
:10CBA0002FD018D3082841D055E0A51C0622290013
:10CBB00014F10800FAF77EF9F120039000200290AA
:10CBC0000B2001900A2000900A2300220321280054
:10CBD000FDF79AF93FE0A51C0622290014F1080090
:10CBE000FAF768F9F12003900020029011200190DB
:10CBF0000D2000900D23002204212800FDF784F968
:10CC000029E0A51C0622290014F10800FAF752F9C0
:10CC1000F120039000200290142001901320009036
:10CC20001323002205212800FDF76EF9A51C06221A
:10CC3000290014F10800FAF73DF9002003900020C4
:10CC40000290162001901620009016230022062143
:10CC50002800FDF759F9DAE220790A2802D00B28DA
:10CC600040D07EE0E078002802D001281FD038E0D4
:10CC7000A61C0622310014F10800FAF71BF9DFF8B0
:10CC8000DC58F220039015F10C0002900B2001906B
:10CC90000A2000900A23E278521CD2B2032130000D
:10CCA000FDF732F9DFF8D0084078E86019E0A51CFC
:10CCB0000622290014F10800FAF7FCF8F02003908E
:10CCC00000200290192001901920009019230022C1
:10CCD00007212800FDF718F90120DFF89C180870DB
:10CCE000FFE73EE0E078002802D001281FD038E0BE
:10CCF000A61C0622310014F10800FAF7DBF8DFF871
:10CD00005C58F220039015F10C0002900B2001906A
:10CD10000B2000900B23E278521CD2B2032130008A
:10CD2000FDF7F2F8DFF850084068E86019E0A51C4C
:10CD30000622290014F10800FAF7BCF8F02003904D
:10CD40000020029019200190192000901923002240
:10CD500007212800FDF7D8F80120DFF81C1808701B
:10CD6000FFE754E220790D280AD0C0F05D810F283A
:10CD700073D025D3112800F00A81C0F0BB8053E1A5
:10CD8000A51C0622290014F10800FAF793F8F020F8
:10CD9000039000200290192001901920009019237F
:10CDA000002207212800FDF7AFF8FF20DFF8CC179D
:10CDB0000880DFF8A807C1680020F4F747FB33E1DB
:10CDC000E078002802D0012820D045E0A61C0622E9
:10CDD000310014F10800FAF76DF8DFF88057F220FF
:10CDE000039015F10C000290112001900E2000908C
:10CDF0000E23E278521CD2B204213000FDF784F8F1
:10CE0000DFF89C0BB0F91000E86025E0A51C0622B5
:10CE1000290014F10800FAF74DF8F02003900020E3
:10CE20000290192001901920009019230022072157
:10CE30002800FDF769F8DFF82447DFF8680B817FE9
:10CE4000E068F6F77FF9DFF8600B80ED000AE16833
:10CE50000120F4F7FBFAFFE7E6E0E078002802D0D3
:10CE6000012820D045E0A61C0622310014F108005C
:10CE7000FAF720F8DFF8E456F220039015F10C00E1
:10CE80000290112001900F2000900F23E278521C95
:10CE9000D2B204213000FDF737F8DFF8040BB0F907
:10CEA0001800E86025E0A51C0622290014F10800FE
:10CEB000FAF700F8F020039000200290192001906A
:10CEC000192000901923002207212800FDF71CF8E3
:10CED000DFF88846DFF8CC0A817FE068F6F732F9A0
:10CEE000DFF8C40A80ED000AE1680220F4F7AEFA28
:10CEF000FFE799E0E078002802D0012820D045E043
:10CF0000A61C0622310014F10800F9F7D3FFDFF860
:10CF10004C56F220039015F10C0002901120019064
:10CF2000102000901023E278521CD2B2042130006D
:10CF3000FCF7EAFFDFF8680AB0F92000E86025E0B6
:10CF4000A51C0622290014F10800F9F7B3FFF02010
:10CF500003900020029019200190192000901923BD
:10CF6000002207212800FCF7CFFFDFF8F045DFF8AB
:10CF7000340A817FE068F6F7E5F8DFF82C0A80EDE7
:10CF8000000AE1680320F4F761FAFFE74CE0E0787B
:10CF9000002802D0012820D045E0A61C062231003E
:10CFA00014F10800F9F786FFDFF8B055F22003907E
:10CFB00015F10C0002901120019011200090112316
:10CFC000E278521CD2B204213000FCF79DFFDFF85A
:10CFD000D009B0F90400E86025E0A51C062229006C
:10CFE00014F10800F9F766FFF0200390002002908A
:10CFF00019200190192000901923002207212800F0
:10D00000FCF782FFDFF85445DFF89809817FE0687C
:10D01000F6F798F8DFF8900980ED000AE16804203F
:10D02000F4F714FAFFE7FFE7F1E02079132802D0C4
:10D03000142840D07FE0E078002802D001281FD0DB
:10D0400038E0A61C0622310014F10800F9F732FF7F
:10D05000DFF80855F220039015F10C00029014201F
:10D060000190132000901323E278521CD2B20521C4
:10D070003000FCF749FFDFF800058069E86019E03F
:10D08000A51C0622290014F10800F9F713FFF0206F
:10D09000039000200290192001901920009019237C
:10D0A000002207212800FCF72FFF0120DFF8C81419
:10D0B0000870FFE73FE0E078002802D001281FD089
:10D0C00038E0A61C0622310014F10800F9F7F2FE40
:10D0D000DFF88854F220039015F10C000290142020
:10D0E0000190132000901423E278521CD2B2052143
:10D0F0003000FCF709FFDFF88004C069E86019E040
:10D10000A51C0622290014F10800F9F7D3FEF0202F
:10D1100003900020029019200190192000901923FB
:10D12000002207212800FCF7EFFE0120DFF8481459
:10D130000870FFE7FFE76AE0207A032804D065D390
:10D14000052833D05FD361E00320DFF82C1408708A
:10D15000A07A0A2802D00B280AD026E0DFF84C0873
:10D160004178DFF8F803C068C0B2F7F792FD1CE021
:10D1700000200100C9B20B2910DADFF834180200D0
:10D18000D2B251F82210DFF8D423D268914203D1F1
:10D19000DFF81818487001E0401CEAE7DFF80C08D7
:10D1A00041780078F7F775FDFFE72FE00320DFF8FF
:10D1B000C8130870A07A132802D0142811D021E0D7
:10D1C000DFF8E007D0ED060ADFF89003C0686421BD
:10D1D00090FBF1F000EE100AB8EEC00AF4F74EFA38
:10D1E00010E0DFF87803C068642190FBF1F000EEF6
:10D1F000100AF8EEC00ADFF8AC0790ED050AF4F764
:10D200003DFAFFE702E0F4F72FF9FFE7FFE77FBD04
:10D2100010B5DFF85C339878002809D0022819D0BF
:10D2200007D3042870D022D3052800F09280C1E0F3
:10D23000C0E0DFF84003DFF82413CA68825C521CA8
:10D24000CB68C254CA68825C3A2A02DB3022C968C1
:10D250004254AFE058791979884202D21879401EB9
:10D260001871F1220021981CFCF72BFEA2E0D8785F
:10D2700000280CD158791979884202D21879401EB9
:10D280001871F1220021981CFCF71BFE3BE0187975
:10D290000A2802D00B2812D035E0D878002802D016
:10D2A000012801D00AE009E0DFF8B002C168B1F559
:10D2B000807F02DAC168491CC160FFE723E0D878AB
:10D2C000002802D0012801D01DE01CE00021080048
:10D2D000C0B20B2816DADFF8D826A0480B00DBB264
:10D2E00052F82330C468A3420AD10B00DBB20A2BE8
:10D2F00006DA0B00DBB202EB83025268C26001E087
:10D30000491CE4E7FFE755E0D87800280CD15879AC
:10D310001979884202D21879401E1871F122002131
:10D32000981CFCF7CEFD13E018790D3803D0401E91
:10D33000032801D90CE00BE0D878002802D001289E
:10D3400001D005E004E08548C168491CC160FFE7E1
:10D3500030E0D87800280CD158791979884202D267
:10D360001879401E1871F1220021981CFCF7A9FDC4
:10D370001FE01879132802D014280DD019E0D878AE
:10D38000002802D0012801D005E004E07348C168FC
:10D39000491CC160FFE70CE0D878002802D00128C2
:10D3A00001D005E004E06D48C168491CC160FFE799
:10D3B000FFE7FFE710BD10B56D4B9878002809D046
:10D3C000022817D007D304286DD020D3052800F0F9
:10D3D0009280C1E0C0E067486049CA68825C521E22
:10D3E000CB68C254CA68825C302A02DA3922C96822
:10D3F0004254B1E018799979884202D21879401CD8
:10D400001871F1220021981CFCF75BFDA4E0D8788C
:10D4100000280CD118799979884202D21879401CD9
:10D420001871F1220021981CFCF74BFD3AE01879A5
:10D430000A2802D00B2810D034E0D878002802D077
:10D44000012801D008E007E04448C168012902DB57
:10D45000C168491EC160FFE724E0D878002802D0E7
:10D46000012801D01EE01DE00A221000C0B20028F1
:10D4700017D0DFF83C3539491000C0B253F820000E
:10D48000CC68A0420BD11000C0B2002807D0100019
:10D49000C0B203EB800050F8040CC86001E0521EDB
:10D4A000E3E7FFE758E0D87800280CD1187999799C
:10D4B000884202D21879401C1871F1220021981C70
:10D4C000FCF7FFFC16E018790D3803D0401E032846
:10D4D00001D90FE00EE0D878002802D0012801D051
:10D4E00008E007E01D48C168012902DBC168491E48
:10D4F000C160FFE730E0D87800280CD1187999791D
:10D50000884202D21879401C1871F1220021981C1F
:10D51000FCF7D7FC1FE01879132802D014280DD08F
:10D5200019E0D878002802D0012801D005E004E0F5
:10D530000A48C168491EC160FFE70CE0D87800289E
:10D5400002D0012801D005E004E00448C168491E6A
:10D55000C160FFE7FFE7FFE710BD00008025002066
:10D5600000040048000800486A2600201426002015
:10D57000D825002000000020442500205C26002043
:10D5800038B584B0DFF82C44A07800280FD00228EA
:10D5900011D00DD3042800F083800FD3062800F0AB
:10D5A000E981C0F07681072800F0EB81F6E1F5E132
:10D5B0000020A070F2E10020A070EFE120790A289D
:10D5C00002D00B2836D06AE0E078002802D001288B
:10D5D00016D02EE0A51CF120039000200290082018
:10D5E0000190052000900523002202212800FCF76D
:10D5F0008BFC0622290014F10800F9F75BFC18E007
:10D60000A51C0622290014F10800F9F753FCF120AB
:10D610000390DFF8A40302900B2001900A200090F1
:10D620000A23E078421ED2B203212800FCF76CFCEA
:10D63000FFE734E0E078002802D0012816D02DE082
:10D64000A51CF120039000200290082001900520E5
:10D6500000900523002202212800FCF755FC062239
:10D66000290014F10800F9F725FC17E0A51C062293
:10D67000290014F10800F9F71DFCF1200390CF48B0
:10D6800002900B2001900A2000900B23E078421EAC
:10D69000D2B203212800FCF737FCFFE7FFE77DE16A
:10D6A00020790D280AD0C0F0F3800F2851D01BD369
:10D6B000112800F0B880C0F08180E9E0A51CF120BD
:10D6C000039000200290082001900520009006237E
:10D6D000002202212800FCF717FC0622290014F181
:10D6E0000800F9F7E7FBD3E0E078002802D0012832
:10D6F00016D02DE0A51CF1200390002002900820F8
:10D700000190052000900623002202212800FCF74A
:10D71000FBFB0622290014F10800F9F7CBFB17E008
:10D72000A51C0622290014F10800F9F7C3FBF1201B
:10D730000390A3480290112001900D2000900E2329
:10D74000E078421ED2B204212800FCF7DDFBFFE79F
:10D750009EE0E078002802D0012816D02DE0A51C1C
:10D76000F1200390002002900820019005200090F5
:10D770000623002202212800FCF7C6FB062229000E
:10D7800014F10800F9F796FB17E0A51C0622290002
:10D7900014F10800F9F78EFBF120039089480290FC
:10D7A000112001900D2000900F23E078421ED2B28C
:10D7B00004212800FCF7A8FBFFE769E0E0780028D7
:10D7C00002D0012816D02DE0A51CF12003900020E6
:10D7D00002900820019005200090062300220221DB
:10D7E0002800FCF791FB0622290014F10800F9F744
:10D7F00061FB17E0A51C0622290014F10800F9F7C7
:10D8000059FBF120039070480290112001900D20E7
:10D8100000901023E078421ED2B204212800FCF7C9
:10D8200073FBFFE734E0E078002802D0012816D02F
:10D830002DE0A51CF120039000200290082001900B
:10D84000052000900623002202212800FCF75CFB43
:10D850000622290014F10800F9F72CFB17E0A51C9B
:10D860000622290014F10800F9F724FBF1200390A7
:10D8700056480290112001900D2000901123E0786D
:10D88000421ED2B204212800FCF73EFBFFE7FFE76F
:10D8900084E02079132802D0142835D069E0E0789C
:10D8A000002802D0012816D02DE0A51CF1200390FD
:10D8B00000200290082001900520009005230022FE
:10D8C00002212800FCF720FB0622290014F10800A1
:10D8D000F9F7F0FA17E0A51C0622290014F1080058
:10D8E000F9F7E8FAF12003903948029014200190EA
:10D8F000132000901323E078421ED2B205212800A5
:10D90000FCF702FBFFE734E0E078002802D00128B2
:10D9100016D02DE0A51CF1200390002002900820D5
:10D920000190052000900523002202212800FCF729
:10D93000EBFA0622290014F10800F9F7BBFA17E008
:10D94000A51C0622290014F10800F9F7B3FAF1200A
:10D95000039020480290142001901320009014237B
:10D96000E078421ED2B205212800FCF7CDFAFFE78D
:10D97000FFE713E0062214F10801A01CF9F79AFA58
:10D980000CE0154D2878022807D0062214F1080172
:10D99000A01CF9F78FFA00202870FFE705B030BD12
:10D9A000D42400202025002018260020500A002022
:10D9B00070040020D825002045250020482500209F
:10D9C000E4240020EC240020F4240020D8240020AB
:10D9D0005C250020602500204425002070B4039CB5
:10D9E000DFF88453286029716A71AB71EC710126EC
:10D9F0002E7270BC70472DE9F74F04000D00DFF860
:10DA000068639DF80800B179884204D3F0799DF8E5
:10DA10000810884202D22E208DF80800307A0028A3
:10DA200045D1002738003179C0B288423DD23168F3
:10DA30009DF80820B079121A3079424301EB0200B8
:10DA40003900C9B210F80190002080464046C0B2AB
:10DA5000082828DA3800C0B250FA84F0802805DAA5
:10DA60004046C0B250FA85F0402801DB00205DE15D
:10DA7000012010FA08F04946C9B2014208D001223B
:10DA800018EB0501C9B23819C0B200F0B5FB07E0C8
:10DA9000002218EB0501C9B23819C0B200F0ACFB86
:10DAA00018F10108D2E77F1CBCE730793EE1307AFB
:10DAB000012840F08E807079082190FBF1F201FB83
:10DAC0001200012806DB7079082190FBF1FB1BF1A5
:10DAD000010B03E07079082190FBF1FB3179584686
:10DAE000C0B24143491C8DF8011031689DF80820EF
:10DAF000B079121A9DF80100424301EB020001784F
:10DB00008DF80010401C01905FF0000840469DF821
:10DB10000010C0B2884259D25FF000094846594609
:10DB2000C0B2C9B288424ED201994246D2B25846DA
:10DB3000C0B2424301EB02004946C9B210F801A04D
:10DB4000002007003800C0B2082839DA4046C0B2C9
:10DB500050FA84F0802808DA4846C0B2C00050FA73
:10DB600085F050FA87F0402801DB0020DEE04846CF
:10DB7000C0B2C00050FA87F0717988421EDA0121E4
:10DB8000B9405046C0B208420CD001225FFA89F970
:10DB900015EBC9017918C9B218EB0400C0B200F046
:10DBA0002BFB0BE000225FFA89F915EBC90179180C
:10DBB000C9B218EB0400C0B200F01EFB7F1CC1E725
:10DBC00019F10109AAE718F101089FE79DF8000083
:10DBD000ACE0307A022840F0A8807079082190FBF0
:10DBE000F1F0401C8DF8000030799DF8001010FB1A
:10DBF00001F08DF8020031689DF80820B079121A02
:10DC00009DF80200424301EB0200019096F804B037
:10DC100000208DF8010000210020002210009DF856
:10DC20000030C0B298420CD23079431E9DF80100FA
:10DC30001B1A13FB02F0019BC0B2185C0100521CBE
:10DC4000ECE70800C0B200280BD1BBF1010B58462D
:10DC5000C0B2002805D09DF80100401C8DF80100DD
:10DC6000D9E7002738009DF80010C0B2884259D289
:10DC70005FF0000840465946C0B2C9B288424FD250
:10DC800001993A00D2B23079424301EB0200414699
:10DC9000C9B210F801905FF0000A5046C0B20828DF
:10DCA0003BDA4046C0B250FA84F0802808DA3800E7
:10DCB000C0B2C00050FA85F050FA8AF0402801DB6B
:10DCC000002033E03800C0B2C00050FA8AF0717909
:10DCD00088421FDA012111FA0AF14846C0B208420F
:10DCE0000CD00122FFB215EBC7011AEB0101C9B23A
:10DCF00018EB0400C0B200F07FFA0BE00022FFB284
:10DD000015EBC7011AEB0101C9B218EB0400C0B250
:10DD100000F072FA1AF1010ABFE718F10108A9E749
:10DD20007F1C9FE75846C0B200E00020BDE8FE8F90
:10DD3000F8B504000F0015000B484079D0F13F0002
:10DD40003900C9B288420EDB287800280BD02A7827
:10DD50003900C9B22000C0B2FFF74DFE0600701CAA
:10DD600004196D1CF0E7F1BDE8250020C9B2027866
:10DD70008A421AB11CBF10F8012FF9E718BF002022
:10DD80007047000080B500B906A005490B681BB1BB
:10DD900022220021984701E000F0A8FA222002BDCB
:10DDA00058260020636F6E73747261696E74206808
:10DDB000616E646C65723A20626164206D65737394
:10DDC00061676500C9B2830706D0521E22D310F8DE
:10DDD000013B9942F7D11FE0083A13D302F1040244
:10DDE00041EA012141EA014150F8043B121F21BFE1
:10DDF0004B40A3F1013C2CEA030C1CF0803FF3D014
:10DE0000C9B2001F083210F8013B521E28BF91EA28
:10DE1000030FF8D818BF0120401E7047400D491865
:10DE200040EA81200CD2490DA1F58061491C40F0E7
:10DE3000004005DBD1F11F0154BFC840C017704737
:10DE40000020704700487047180A002080B5DFF8AE
:10DE50007003DFF870130160002141601F218160B1
:10DE600040F2FF31C16000210161002141610021C8
:10DE700081610021C161FDF779FB002801D0F9F72C
:10DE800022FD01BD38B5DFF84043207800280FD1CE
:10DE9000FFF7DCFFDFF828534FF480712800FDF70F
:10DEA000FAFD280000F026FA00F01CF8012020708E
:10DEB000002032BD10B50400200000F055F800200D
:10DEC00010BD80B5DFF8F8020168C96811F0800163
:10DED00071F4C0710268D1604FF48071FDF7DBFD11
:10DEE000002002BD10B5DFF8E442211D14F1180036
:10DEF00000F01DF92060206810BDDFF8D002006836
:10DF0000704780B586B001A9684600F010F9AF49A6
:10DF10000968401A07B000BD10B586B00024AA48B1
:10DF20000078012804D101A9684600F000F9040036
:10DF3000200006B010BD0320704700B58021A1FB72
:10DF400000017D220023F7F743F900BD7D21A1FBED
:10DF50000001C00940EA4160C909704710B50400DA
:10DF60009B480068804710BD2DE9F04F99B0040030
:10DF70004021002209AD2800F4F714FA5FF00008F0
:10DF80005FF0000A002600275FF0000B8F4D04A809
:10DF9000291D1422F7F7A0F8A8690390FFF791FF55
:10DFA00040F2FF30059D451B20008005800D45197E
:10DFB000A40A9DF80E908748844204D38648041929
:10DFC00019F10109F7E79DF81080B4F5616F04D3EA
:10DFD000B4F5616418F10108F7E79DF811703C2C65
:10DFE00002D33C3C7F1CFAE79DF81200210051FA55
:10DFF00080F6280080B2B0F5806F03DBB5F5806550
:10E00000761CF6E7300080B23C2802D33C3E7F1CF1
:10E01000F8E7380080B23C2803D33C3F18F10108F0
:10E02000F7E7404680B2182804D3B8F1180819F170
:10E030000109F6E79DF80F00042190FBF1F201FBC6
:10E040001200002817D165499DF80D00084410F80A
:10E05000010C4A4680B292B2904223D21FFA89F94B
:10E0600048469DF80D20114411F8011C90FBF1F970
:10E0700001FB190916E05A499DF80D00084410F8F3
:10E08000010C4A4680B292B290420BD21FFA89F933
:10E0900048469DF80D20114411F8011C90FBF1F940
:10E0A00001FB1909DFF83CA140F2FF31280080B2E2
:10E0B000091ACAF804105FF02060CAF81C008AF838
:10E0C00002608AF801708AF800808AF824909DF82E
:10E0D00013008AF803000020CAF820005FF0004017
:10E0E000CAF814004FF48070CAF828000020CAF85B
:10E0F0000C000020CAF81000002251463048FDF7FD
:10E10000D7FB002810D0DAF8040002909AF8020039
:10E1100001909AF8010000909AF800309AF82420B3
:10E12000314909A8FAF7B6FA19B0BDE8F08FF8B589
:10E1300004000D000026224F002221003800FDF7C8
:10E140008EFB002229003800FDF7F0FAE17840F25A
:10E15000B5504143C91C8908E078042290FBF2F3D2
:10E1600002FB1300002801D1204A00E0204A637816
:10E170003D2043433C3B022093FBF0F04118607884
:10E18000401EC0B240001300C34013F00303C91A7D
:10E19000A078401E41180F484143AB786E783C2070
:10E1A0004643F3182E784FF4616000FB063359188C
:10E1B000890201F2FF316868091A0800F2BD000007
:10E1C000FC24002000280040782600206425002040
:10E1D000442600208051010080AEFEFF68FD00084B
:10E1E0005CFD000858240020DCF60008505544006F
:10E1F000A0AA990070470000F8B504000D001600B1
:10E200002000C0B2802803DA2800C0B2402800DB1A
:10E2100057E03000C0B2002824D02900C9B208223B
:10E22000DFF8C0302800C0B2082790FBF7F7802045
:10E23000474357FA84F72800C0B25FF0080C90FB00
:10E24000FCFC802000FB0CFC5CFA84F0185C5FF0A6
:10E25000010C91FBF2FE02FB1E111CFA01F10143BD
:10E26000D95524E02900C9B20822DFF87830280007
:10E27000C0B2082790FBF7F78020474357FA84F78E
:10E280002800C0B25FF0080C90FBFCFC802000FB73
:10E290000CFC5CFA84F0185C5FF0010C91FBF2FE60
:10E2A00002FB1E111CFA01F130EA0101D9552B00C5
:10E2B000DBB22200D2B22900C9B22000C0B2FEF700
:10E2C000F5F8F1BDF8B504004FF480652600064866
:10E2D00007682A0031003800F6F7EEFEFEF730F945
:10E2E000F1BD0000080F002020260020012000F0D2
:10E2F00025B80000010091F82000012801D102207A
:10E300001BE0012081F82000022081F82100CA20B2
:10E310000A68506253200A6850620868806850F0AA
:10E3200020000A689060FF200A685062012081F88E
:10E330002100002081F820000020704780B5AFF355
:10E340000080024A11001820ABBEFBE72600020045
:10E350000D001000001E00C01F00F80F00FF03009A
:10E360001F03000303001F0300FF0300F80F00C09A
:10E370001F00001E00001000000000000000000050
:10E38000000000000D000000FF1F00FF1F00FF1F26
:10E390000063180063180063180063180063180016
:10E3A000FF1C00FE1F00DE0F0080070000000000C1
:10E3B00000000000000000000D000000F80100FC5B
:10E3C0000700FE0F000F0E000318000318000318CB
:10E3D00000031800071C000E0E000E0E00040400BF
:10E3E0000000000000000000000000000D00000020
:10E3F000FF1F00FF1F00FF1F00031800031800038A
:10E400001800031800071C000E0E00FE0F00FC078A
:10E4100000F001000000000000000000000000000B
:10E420000C000000FF1F00FF1F00FF1F006318000B
:10E430006318006318006318006318006318006312
:10E440001800031800000000000000000000000099
:10E45000000000000B000000FF1F00FF1F00FF1F57
:10E4600000630000630000630000630000630000BD
:10E4700063000063000000000000000000000000D6
:10E4800000000000000000000E000000F00100FC91
:10E490000700FE0F000E0E00071C000318000318F3
:10E4A00000C31800C31800C71C00CE0F00CE0F0019
:10E4B000C407000000000000000000000C00000085
:10E4C000FF1F00FF1F00FF1F0060000060000060D2
:10E4D0000000600000600000FF1F00FF1F00FF1F22
:10E4E000000000000000000000000000000000002C
:10E4F00004000000FF1F00FF1F00FF1F00000000BE
:10E50000000000000000000000000000000000000B
:10E5100000000000000000000000000000000000FB
:10E52000000000000A000600000E00001E00001C93
:10E5300000031800031800031C00FF1F00FF0F005A
:10E54000FF070000000000000000000000000000C5
:10E5500000000000000000000E000000FF1F00FF90
:10E560001F00FF1F00E00000600000700000F801C5
:10E5700000DC03008E0700070E00031C00011800DA
:10E580000110000000000000000000000B0000006F
:10E59000FF1F00FF1F00FF1F0000180000180000F1
:10E5A00018000018000018000018000018000000F3
:10E5B000000000000000000000000000000000005B
:10E5C00010000000FF1F00FF1F00FF1F000F0000D2
:10E5D0007E0000F00300801F00001C00801F00F080
:10E5E00003007E00000F0000FF1F00FF1F00FF1F41
:10E5F000000000000C000000FF1F00FF1F00FF1FB5
:10E60000001F00007C0000F00100C00700001E0099
:10E61000FF1F00FF1F00FF1F0000000000000000A0
:10E6200000000000000000000E000000F00100FCEF
:10E630000700FE0F000E0E00071C00031800031851
:10E6400000031800071C000E0E00FE0F00FC070060
:10E65000F001000000000000000000000C000000BD
:10E66000FF1F00FF1F00FF1F006300006300006327
:10E6700000006300006300007F00003E00001C00FB
:10E68000000000000000000000000000000000008A
:10E690000E000000F00300FC0700FE0F000E1E003D
:10E6A000071C0003380003F80003F80107DC010E23
:10E6B0009E01FE8F01FC8701F001000000000000B8
:10E6C000000000000D000000FF1F00FF1F00FF1FE3
:10E6D00000630000630000630000E30000E3030048
:10E6E000BF0F003E1F001C1C0000100000000000B7
:10E6F00000000000000000000C0000000006001CEC
:10E700000E003E0E007F1C00731800631800E31813
:10E7100000E71800CF1F00CE0F008C07000000009C
:10E720000000000000000000000000000C000000DD
:10E73000030000030000030000030000FF1F00FFB0
:10E740001F00FF1F00030000030000030000030080
:10E7500000000000000000000000000000000000B9
:10E760000C000000FF0300FF0F00FF0F00001C0063
:10E77000001800001800001800001C00FF0F00FF28
:10E780000F00FF0300000000000000000000000078
:10E79000000000000D0300000F00007F0000FC01DE
:10E7A00000E00700001F00001800001F00E00F003D
:10E7B000F801007F00000F000003000000000000CF
:10E7C0000000000000000000110700007F0000FFB3
:10E7D0000700F01F00001E00C01F00FC0F00FF001C
:10E7E00000070000FF0000FC0F00C01F00001E001B
:10E7F000F01F00FF07007F00000700000D01100060
:10E80000031800071C001E0F00BC0700F00100E009
:10E810000000F00100BC07001E0F000F1E000318CF
:10E8200000011000000000000000000000000000D7
:10E830000C0000000100000700001F00007C000029
:10E84000F01F00C01F00F01F007C00001F00000729
:10E8500000000100000000000000000000000000B7
:10E86000000000000A000000031C00031E00831FBC
:10E8700000C31B00F319007B18003F18000F18009D
:10E880000718000000000000000000000000000069
:10E890000000000000000000436C6F20436F6E73A7
:10E8A000742054656D703A200000000000000000E4
:10E8B0000000000000000000000000000000000058
:10E8C0000000000000000000000000000000000048
:10E8D0000000000000000000000000000000000038
:10E8E0000000000000000000000000000000000028
:10E8F0000000000000000000000000000000000018
:10E90000000000000000F0BF0000000000000080D8
:10E910000000000000000080000000000000000077
:10E92000000000C05294EEBF00000048204E51BECF
:10E93000000000F86467BCBC00000000000000009C
:10E94000000000208133EDBF00000080B3DB14BE67
:10E95000000000506706A3BC00000000000000009B
:10E96000000000D0E9DCEBBF00000008C39259BEF4
:10E9700000000080B0D3B8BC000000000000000020
:10E9800000000070F98FEABF000000C0A51028BE8B
:10E99000000000E8BFC0B0BC0000000000000000A4
:10E9A00000000070284CE9BF00000060134B42BE1D
:10E9B000000000C03D20B8BC0000000000000000C6
:10E9C00000000050FA10E8BF000000C05FF62BBE48
:10E9D000000000905C71A7BC000000000000000077
:10E9E00000000020FCDDE6BF000000C0F8F154BECE
:10E9F00000000018E9F6B9BC0000000000000000AB
:10EA0000000000D0C3B2E5BF00000070E43254BE85
:10EA100000000050DB06B4BC000000000000000055
:10EA200000000010EF8EE4BF00000020F36252BE31
:10EA3000000000C02A879ABC00000000000000000F
:10EA4000000000B02272E3BF000000F0E8E056BE14
:10EA500000000028352DBDBC0000000000000000B3
:10EA6000000000000A5CE2BF000000B0FA8E41BE68
:10EA700000000040AE6FBDBC0000000000000000C0
:10EA800000000000564CE1BF000000F015CD5FBE55
:10EA900000000000141C90BC0000000000000000FA
:10EAA00000000040BD42E0BF00000030F93457BE16
:10EAB000000000E06C1E93BC00000000000000009D
:10EAC000000000E0F57DDEBF000000B08A535EBEAE
:10EAD00000000080DA77AABC0000000000000000FF
:10EAE000000000C09D81DCBF00000000FFA226BE28
:10EAF0000000006057E2B0BC000000000000000011
:10EB000000000060F98FDABF000000580A8151BE92
:10EB1000000000F05F60B8BC0000000000000000D2
:10EB20000000000098A8D8BF000000607A7F45BEB2
:10EB3000000000D05433A3BC00000000000000001F
:10EB4000000000600FCBD6BF000000D091CB40BECC
:10EB5000000000406D1BA0BC000000000000000091
:10EB6000000000A0FBF6D4BF00000098C5CE52BE46
:10EB7000000000003A397EBC0000000000000000E8
:10EB8000000000E0FE2BD3BF0000004073872BBEC7
:10EB900000000000926879BC000000000000000046
:10EBA00000000040C069D1BF00000058F16353BEAF
:10EBB00000000080438D7CBC0000000000000000CD
:10EBC00000000080D85FCFBF000000181F8354BE34
:10EBD000000000B03F42A2BC0000000000000000A6
:10EBE0000000008067FCCBBF00000060FAFF53BE4E
:10EBF00000000050E00DB8BC000000000000000064
:10EC00000000000098A8C8BF000000607A7F35BEF1
:10EC1000000000C0543393BC00000000000000005E
:10EC200000000000DC63C5BF00000058D6FF54BEE2
:10EC300000000000396490BC0000000000000000EB
:10EC4000000000C0AD2DC2BF00000080A45915BE59
:10EC5000000000E0484BABBC0000000000000000DA
:10EC6000000000801A0BBEBF00000050BF3C5ABE1F
:10EC7000000000A0B364B6BC00000000000000006B
:10EC80000000008004D6B7BF00000040BBCF36BEF6
:10EC90000000008076CEA8BC00000000000000004C
:10ECA0000000008032BBB1BF000000402A0043BE1C
:10ECB00000000028C60CBDBC0000000000000000E1
:10ECC000000000009473A7BF000000182B3B59BE42
:10ECD000000000C0E55DA5BC0000000000000000D1
:10ECE00000000000EE4397BF000000A0E6C340BE56
:10ECF00000000020958DB5BC000000000000000061
:10ED00000000000000000080000000000000008003
:10ED10000000000000000080000000000000000073
:10ED20000600000000000000000F00000F00000FB0
:10ED300000000F00000000000000000000000000C4
:10ED400000000000000000000000000000000700BC
:10ED5000001E00E01F00FF1FF8FF03FF1F00FF0160
:10ED6000000F000000000000000000000000000094
:10ED70000000000000000000000000000E00000085
:10ED8000C07F00F8FF01FCFF07FCFF073E800F0E6D
:10ED9000000E0E000E0E000E1E800FFCFF07FCFF83
:10EDA00007F8FF01C07F000000000E0000007000A7
:10EDB0000E38000E38000E1C000E0E000EFEFF0F67
:10EDC000FEFF0FFEFF0FFEFF0F00000E00000E0003
:10EDD000000E00000E0000000E00000060000F7822
:10EDE000800F7CC00F7CE00F1EF00F0EF80E0E7C23
:10EDF0000E0E3E0E1E1F0EFE0F0EFC070EF8030E2B
:10EE0000F0010E0000000E00000030800138800389
:10EE10003C80073C800F1E000F0E0E0E0E0E0E0ED5
:10EE20000E0E1E1F0FFEFF0FFCFB07FCF903F0E0A8
:10EE3000010000000F00000000F00000F80000FEDC
:10EE40000080EF00C0E700F0E1007CE0003EE00061
:10EE5000FEFF0FFEFF0FFEFF0FFEFF0F00E00000A2
:10EE6000E0000E000000008001F88703FE8707FE27
:10EE7000870FFE070F0E030E8E030E8E030E8E07F6
:10EE80000F8EFF070EFF070EFE0300FC00000000C0
:10EE90000E000000C07F00F0FF01F8FF07FCFF0735
:10EEA0003E0E0F0E070E0E070E0E070E1E0F0F3E24
:10EEB000FF0F3CFE0738FE0330F8010000000E0093
:10EEC00000000E00000E00000E00000E000F0EE00D
:10EED0000F0EF80F0EFE0F8EFF00CE0F00FE030088
:10EEE000FE00003E00001E00000000000E000000BA
:10EEF000F0E001F8FB03FCFB07FEFF0F1E1F0F0EE7
:10EF00000E0E0E0E0E0E0E0E1E1F0FFEFF0FFCFB42
:10EF100007FCFB03F0E0010000000E000000F0839E
:10EF200001F88703FC8F07FE9F0F1E1E0F0E1C0E9D
:10EF30000E1C0E0E1C0E1E8E0FFCFF07FCFF03F8AE
:10EF4000FF01C07F00000000000000000000005F23
:10EF500000000007000700147F147F14242A7F2A72
:10EF6000122313086462364955225000050300003D
:10EF7000001C2241000041221C00082A1C2A08080B
:10EF8000083E080800503000000808080808006023
:10EF900060000020100804023E5149453E00427FB7
:10EFA000400042615149462141454B311814127FBE
:10EFB0001027454545393C4A494930017109050347
:10EFC0003649494936064949291E003636000000AF
:10EFD000563600000008142241141414141441225F
:10EFE0001408000201510906324979413E7E11118F
:10EFF000117E7F494949363E414141227F414122AC
:10F000001C7F494949417F090901013E4141513273
:10F010007F0808087F00417F41002040413F017F79
:10F02000081422417F404040407F0204027F7F0459
:10F0300008107F3E4141413E7F090909063E41518A
:10F04000215E7F09192946464949493101017F015D
:10F05000013F4040403F1F2040201F7F2018207F5D
:10F0600063140814630304780403615149454300A1
:10F07000007F4141020408102041417F000004024A
:10F08000010204404040404000010204002054546A
:10F0900054787F48444438384444442038444448F1
:10F0A0007F3854545418087E090102081454543C03
:10F0B0007F0804047800447D40002040443D000067
:10F0C0007F10284400417F40007C041804787C08AD
:10F0D00004047838444444387C1414140808141484
:10F0E000187C7C080404084854545420043F4440CD
:10F0F000203C4040207C1C2040201C3C4030403CB8
:10F1000044281028440C5050503C4464544C440053
:10F110000836410000007F00000041360800080862
:10F120002A1C08081C2A08086070787C7E1C362A75
:10F13000361C303E3F3E3007087F09077C4444447C
:10F14000387C7C4444387C7C7C44387C7C7C7C38B7
:10F150001E3276321E000002050200000000000090
:10F16000000000000000000000000000000000009F
:10F17000000000000000000000000000000000008F
:10F18000000000000000000000000000000000007F
:10F19000000000000000000000000000000000006F
:10F1A000000000000000000000000000000000005F
:10F1B000000000000000000000000000000000004F
:10F1C000000000000000000000000000000000003F
:10F1D000000000000000000000000000000000002F
:10F1E000000000000000000000000000000000809F
:10F1F000C0E0F0F8FCFEFFFEFCF8F0E0C08000008C
:10F20000000000000000000000008080808080C0BE
:10F21000C0C0C0C0406060606060707030100000AE
:10F2200000000000000000000000000000000000DE
:10F2300000000000000000000000000000000000CE
:10F2400000000000000000000000000000000000BE
:10F2500000000000000000000000000000000000AE
:10F260000000000000000080C0E0F0F87C7E3F3F1E
:10F270009F8F0F474323A1A193971F5F4F0F2F2EFF
:10F28000A4A4969692D2534B4B4949492D0D0404A0
:10F29000040406060200000020242E2A3A1202204E
:10F2A00030181C16123E3E000000183C2622223266
:10F2B0001E0C000000000000023E3E201008060266
:10F2C00020383E0E0200303E3E2A2A2A0A02000260
:10F2D000323E0E02020200000000000000000000AA
:10F2E000804030181C0E07070301010002000908C6
:10F2F00004140A0A010505000002020001010100D0
:10F30000000000010303060C0810204080000000EC
:10F3100000000000000000000000000000000000ED
:10F3200000000000000000000000000000000000DD
:10F3300000000000000000000000000000000000CD
:10F3400000000000000000000000000000000000BD
:10F35000000000000000000000000000FEE7FEE7E3
:10F36000FEE7FEE7FEE770477047704780B500F0A4
:10F3700039F814480168491C016001BD80B5124884
:10F38000F6F791FE01BD80B51048F6F78CFE01BD81
:10F3900080B50F48F4F7C1FB01BD80B50D48F4F707
:10F3A000BCFB01BD80B50C48FCF7E2FB01BD80B59C
:10F3B0000A48F6F778FE01BD80B50948F4F7ADFBC1
:10F3C00001BD00004C26002010240020C82300208E
:10F3D000D41E00205C1F0020FC240020802300207D
:10F3E0004C1E002003480168034A12788918016006
:10F3F000704700BF2C260020530A0020F0B40246BC
:10F40000106895681318506803EB5004C0071CD5AA
:10F410004D441AE013F8017B05F8017B491EF9D130
:10F4200098B113F8011BC6F38106032E08BF13F829
:10F43000016B01EB06214942801C294405D011F8DB
:10F44000016B05F8016B401EF9D1A3420ED013F8F1
:10F45000016B16F0030104BF13F8011BC91C30092E
:10F460000F28DBD113F8010B0F30D7E7F0BC02F106
:10F470000C007047436C6F205A65726F20536C6F9D
:10F4800070653A4144433A2000000000000000004B
:10F49000000000000000000000000000000000006C
:10F4A000000000000000000000000000000000005C
:10F4B000000000000000000000000000000000004C
:10F4C000000000000000000000000000000000003C
:10F4D0000000000000000000436C6F2043616C6975
:10F4E0006220506F696E743A4144435F313A2000A4
:10F4F000000000000000000000000000000000000C
:10F5000000000000000000000000000000000000FB
:10F5100000000000000000000000000000000000EB
:10F5200000000000000000000000000000000000DB
:10F5300000000000000000000000000049442053CB
:10F540006C6176653A2000000000000000000000B9
:10F5500000000000000000000000000000000000AB
:10F56000000000000000000000000000000000009B
:10F57000425220536C6176653A2000000000000082
:10F58000000000000000000000000000000000007B
:10F59000000000000000000000000000000000006B
:10F5A00000000000A0860100400D0300801A060044
:10F5B00000350C0040420F0080841E0000093D0011
:10F5C00000127A000024F40000366E010048E801C1
:10F5D000006CDC0285DE000800000000B5DE0008DB
:10F5E000C3DE0008E5DE0008FBDE000803DF0008DC
:10F5F00019DF000837DF00083BDF00084DDF000897
:10F600003031323334353637383961626364656698
:10F610006768696A6B6C6D6E6F7071727374757602
:10F620007778797A0000000030313233343536375C
:10F6300038394142434445464748494A4B4C4D4E70
:10F640004F505152535455565758595A00000000C4
:10F6500010B5074979441831064C7C44163404E04F
:10F660000A68081D114488470146A142F8D110BD1F
:10F670002C000000480000004EF68851CEF2000138
:10F68000086840F470000860BFF34F8FBFF36F8FBE
:10F690004FF00070E1EE100A704700009331FFFF59
:10F6A000241C0000580A00200000000051FDFFFF4C
:10F6B000D408000042090000000000200D0A3D3D72
:10F6C0003D3D3D3D3D3D3D3D3D3D3D3D3D3D3D3D6A
:10F6D0003D3D3D3D3D3D3D0D0A000000616C6172C8
:10F6E0006D206661696C3A2025642D25643A256495
:10F6F0003A25643A25640D0A0000000000F00DF878
:10F70000002801D0FFF7A4FFAFF300800020AFF383
:10F710000080F8F777F800F002F80120704700F059
:10F7200001B8000007463846FEF708FEFBE7000078
:10F730003D3D3D3D204D41494E2050524F475241A5
:10F740004D494E47203D3D3D3D0D0A003D3D3D3D6F
:10F750003D3D3D3D3D3D3D3D3D3D3D3D3D3D3D3DD9
:10F760003D3D3D3D3D0D0A00755F6170705F636F0B
:10F770006D6D3A2074782074696D65722063620D36
:10F780000A000000755F6170705F636F6D3A2075ED
:10F79000617274202564206572726F72210D0A00F7
:10F7A000755F6170705F636F6D6D3A207365742073
:10F7B000727463210D0A00004C4556454C5F554C50
:10F7C0005452415F53414F564945540073616F761F
:10F7D00069657467726F75702E636F6D2E766E003B
:10F7E000535654485F53564D5F444C535F56315FF8
:10F7F000325F320061742B72646C617374666F7275
:10F800006C6F673D0000000061742B72646C617363
:10F8100074666F726F706572613D000061742B7267
:10F82000646C617374666F726576656E743D00001A
:10F8300061742B72646C617374666F726770733D70
:10F840000000000061742B726573746F7265736CD5
:10F850006176653F0000000061742B636C6F636F1D
:10F860006E737474656D703F0000000061742B63EB
:10F870006C6F636F6E737474656D703D0000000093
:10F8800061742B636C6F7A65726F736C6F70653F18
:10F890000000000061742B636C6F7A65726F736C8B
:10F8A0006F70653D0000000061742B636C6F6361D5
:10F8B0006C6962706F696E743F00000061742B6345
:10F8C0006C6F63616C6962706F696E743D000000FB
:10F8D000456E7465722050617373776F72640000B7
:10F8E000312E4D6F64627573205254550000000034
:10F8F000322E43616C6962726174696F6E00000040
:10F90000342E496E666F726D6174696F6E0000000F
:10F91000534554204D4F44425553205254550000F6
:10F92000312E49442020202020203A2000000000D1
:10F93000322E42617564726174653A2000000000E5
:10F9400043686C6F72696E6520202041443A200044
:10F95000322E536C6F7065203A202020000000008A
:10F96000332E505F704831203A20202000000000E4
:10F97000342E505F704832203A20202000000000D2
:10F98000352E435F54656D703A2020200000000042
:10F990005375636365737366756C6C792100000041
:10F9A000000000000000000001020304060708092F
:10F9B000526573746F7265204F4B210D0A00000071
:10F9C00061742B6D7174746D61696E3D000000008F
:10F9D00061742B6D7174746D61696E3F000000007D
:10F9E00061742B6D7174746261636B75703D00009E
:10F9F00061742B6D7174746261636B75703F00008C
:10FA000061742B726573657470756C73653F00006B
:10FA100061742B666C6F777468726573683D000063
:10FA200061742B666C6F777468726573683F000051
:10FA300061742B7175616E7468726573683D000046
:10FA400061742B7175616E7468726573683F000034
:10FA500061742B6261747468726573683D000000A4
:10FA600061742B6261747468726573683F00000092
:10FA700061742B65726173656D656D3F00000000F8
:10FA800061742B667776657273696F6E3F00000054
:10FA900061742B6C6F67696E6465783F00000000CD
:10FAA00061742B72646C6173746C6F673F0000004B
:10FAB00061742B6C6576656C63616C69623D0000F6
:10FAC00061742B6C6576656C63616C69623F0000E4
:10FAD00061742B6C6576656C7468726573683D0043
:10FAE00061742B6C6576656C7468726573683F0031
:10FAF00061742B65786261747468726573683D0027
:10FB000061742B65786261747468726573683F0014
:10FB100061742B776D6368616E6E656C3D000000EB
:10FB200061742B776D6368616E6E656C3F000000D9
:10FB300061742B6D6F64696E666F723D000000002A
:10FB400061742B6D6F64696E666F723F0000000018
:10FB500061742B7072657373696E666F723D00001D
:10FB600061742B7072657373696E666F723F00000B
:10FB700061742B7265736574736C6176653F000008
:10FB8000014880470148004791FB000875FD0008C7
:10FB90000248016851F470010160704788ED00E08F
:10FBA00054656D7020203A2000000000332E4F660F
:10FBB0006673657400000000312E436C6F20203A9C
:10FBC00020000000322E54656D70203A20000000A5
:10FBD0002A56657273696F6E000000005765627384
:10FBE0006974653A00000000238200082D82000835
:10FBF0004B8200085265736574204F4B210D0A003B
:10FC0000204D6561737572653A00000061742B7355
:10FC10006572693D0000000061742B736572693F75
:10FC20000000000061742B73696D736572693F0099
:10FC300061742B73777365727665720061742B64DF
:10FC40007574793D0000000061742B647574793F10
:10FC50000000000061742B667265716D696E3D0075
:10FC600061742B667265716D696E3F0061742B73F0
:10FC7000617665626F783F0061742B6E756D776198
:10FC80006B653D0061742B726561646C6F673D004C
:10FC900061742B70756C73653D00000061742B708E
:10FCA000756C73653F00000061742B646562756755
:10FCB0003D00000061742B64656275673F000000C1
:10FCC00061742B6D72657365743F000061742B75F0
:10FCD00073657275726C3D0061742B757365726625
:10FCE00074703D0061742B746573746C6F673F00B2
:10FCF00061742B726561646C6F673F0061742B7374
:10FD00006C6176653D00000061742B736C617665F3
:10FD10003F00000061742B6F6E74656D683F0000DA
:10FD200061742B6F666674656D683F0061742B6942
:10FD300064736C6176653F0061742B6964736C61F8
:10FD400076653D0061742B6272736C6176653F006D
:10FD500061742B6272736C6176653D001F1C1F1EFF
:10FD60001F1E1F1F1E1F1E1F1F1D1F1E1F1E1F1FAA
:10FD70001E1F1E1FAFF30080FFF77EFCFFF7BEFCC7
:10FD8000436C6F3A2000000053455454494E4700DD
:10FD9000312E5A65726F00004F464653455400009D
:10FDA0002A4D6F64656C000000000000010203042E
:10FDB000E41F002000000000E420002000000000FC
:10FDC0004552524F52000000205A65726F3A0000AF
:10FDD00020536C6F70653A0020436C6F3A0000004E
:10FDE0002054656D703A00002070483A0000000011
:10FDF00020436C6F313A00002054656D70313A0039
:10FE0000207048313A00000020414443323A00005B
:10FE100020436C6F323A00002054656D70323A0016
:10FE2000207048323A00000000000000000000008E
:10FE3000000000000C000000000000000C000000AA
:10FE4000000000001000000000000000140000008E
:10FE5000000000001700000061742B7274633D0005
:10FE600061742B7274633F0061742B6770733F0081
:10FE700061742B656E6400006421002000000000A6
:10FE80003C4E554C4C3E0000252E2A6600000000DA
:10FE9000686A6C747A4C0000FFF7FEBFFFF7FEBF84
:10FEA000FFF7FEBFFFF7FEBFFFF7FEBFFFF7FEBF86
:10FEB000FFF7FEBFFFF7FEBFFFF7FEBFFFF7FEBF76
:10FEC000FFF7FEBFFFF7FEBFFFF7FEBFFFF7FEBF66
:10FED000FFF7FEBFFFF7FEBFFFF7FEBFFFF7FEBF56
:10FEE000FFF7FEBFFFF7FEBFFFF7FEBFFFF7FEBF46
:10FEF000FFF7FEBFFFF7FEBFFFF7FEBFFFF7FEBF36
:10FF0000FFF7FEBFFFF7FEBFFFF7FEBFFFF7FEBF25
:10FF1000FFF7FEBFFFF7FEBFFFF7FEBFFFF7FEBF15
:10FF2000FFF7FEBFFFF7FEBFFFF7FEBFFFF7FEBF05
:10FF3000FFF7FEBFFFF7FEBFFFF7FEBFFFF7FEBFF5
:10FF4000FFF7FEBFFFF7FEBFFFF7FEBFFFF7FEBFE5
:10FF5000FFF7FEBFFFF7FEBFFFF7FEBFFFF7FEBFD5
:10FF6000FFF7FEBFFFF7FEBFFFF7FEBFFFF7FEBFC5
:10FF7000FFF7FEBFFFF7FEBFFFF7FEBFFFF7FEBFB5
:10FF8000FFF7FEBFD0033132333400014008F401E3
:10FF90000000DF97000801011A5007D00700002178
:10FFA000980008022912640812C910520310500761
:10FFB00088130000459900080410212812C310522C
:10FFC0000510120A0812F7101002B8F700082B13D8
:10FFD000003001B220011140200D6E746572207452
:10FFE0006F205365747570000020100557616974A7
:10FFF000696E670B4110200320446F6E6509520043
:020000040801F1
:100000001030034572726F721F3101200280FD00B3
:10001000080B5307FE11119121C3C3A0FB18430322
:1000200004A453D0F818512F8004011C00010300D0
:100030000161182002023A0001DCC388FD30200271
:1000400000320002E4E2E0481002120002060CD284
:10005000F018120218210CC3ACFB1812031831114E
:10006000C2F91812041812090CD210182402001C2C
:10007000000354522018610111A513030B115230D3
:100080001875901118120C0C52401856020811BD28
:1000900013040D0BD290D81003030E00040E0C5263
:1000A0005030520330111513040F0BD26018120593
:1000B0001812100BD2701812061812110B62801849
:1000C00042FC1812071812120BE6985028011C0067
:1000D000052056B8205205481003010E0005140BE8
:1000E000D2C41812021812150BD6D0501148800134
:1000F0000616000175981002040006170CD2A078AD
:10010000120230F20218301928F3030619481002BF
:100110001800071A0CD69098F00401031802081072
:100120000001E20114B3093D126002C97D000824F8
:1001300021E88FD57D6C0321108F4B7E6C0321014C
:1001400012571052043112E8198F737E6C0321018B
:10015000127910920610127F105EE07C03E00258C4
:100160000A00208F80044149000841498421081277
:1001700047104375498852010412ED10431B4A8C05
:1001800052020443894A3C296C52041452E314215C
:100190009452061410033D4B0008970412B0251A20
:1001A00060D51AC0011B80259412381D124B0C1DFE
:1001B000F4031300961812DA0812E1045003C20186
:1001C000006420AC117D214C21044F899598046175
:1001D00010438F95A4210C252C43BD95A021101010
:1001E0000360EA0000D91061402128838D01E812E4
:1001F000DC15839301402104831502402D0805433B
:100200005502DC21102DE804130B03D88201601283
:100210001F105206102D2805123B1052071012FA1B
:1002200004124F109208B0126B10A734268413E00A
:1002300040FEC4013FE42198130CFC388A003C5274
:10024000181069181224102DEC0369181AC08C8F2D
:100250000C00F40352D01052051012E010470E00AB
:1002600090210152F01069BC5230506D5104523C43
:1002700070520910524810520A10525430520B104A
:10028000526010530C000142FA60520D10526C2063
:10029000520E10527810520F105284106D400352BB
:1002A000104052111052201052121052301052139E
:1002B00010524010521410125010217C521510523E
:1002C00060106D180412907021DC521710529C10AF
:1002D0006D08041758FEC8110C6D000452601052CE
:1002E0001A1052A830521B1052B410521C1012C0D7
:1002F00010252C521D104770FA90521E10528090FB
:10030000521F1056CC00690552D81052211052903D
:100310004052221052E42052231052F01052241066
:1003200052A0605225101EF40004255C5226101EB7
:10033000089C06254C522710521C1052281056B00B
:100340005052291052C010522A1012D01025BC52FF
:100350002B1052E010522C10566830522D104330A2
:10036000F880522E1056FC30522F104308FD1052C8
:10037000301052F0505331000142FB1052321047FE
:1003800014FD605233104720FD006DCD084710FB6F
:100390000062352051105236104730FB5052371052
:1003A0005240105238104350FBF052391052601036
:1003B000523A10527010523B105244E0523C1052CC
:1003C0002C906DEA05523810623E305110623F7039
:1003D0005110524010525850524110526C1052421B
:1003E0001052801052431052941052441012A81010
:1003F0002D3C0352451052BC105246104F70FE2443
:10040000064B0819735B081B7B1002F600082804D2
:10041000F30932380452FF01E3EA35141DB0040039
:0504200002032D0103A1
:040000050800FD757D
:00000001FF
